/data/home/rohing/dream-state-orch/research_loop/workers/r179_context_survival_20260917/node5/ROLLOUT_METADATA_1789669788858686204.json
C2 SUCCESSOR_LOADED operator_live True controller CONTROLLER_TRANSFER_VERIFIED loaded_pid 1626817 sleep None head 4783 UPDATE 
C5 FAILED_CLOSED operator_live False controller TRANSFER_NOT_STARTED loaded_pid None sleep None head 4054 UPDATE boundary_wait_expired_original_left_running
pilot WAITING_SAVED_BOUNDARY operator_live True controller NOT_APPLICABLE loaded_pid None sleep None head 5515 UPDATE 
run1 WAITING_SAVED_BOUNDARY operator_live True controller NOT_APPLICABLE loaded_pid None sleep None head 5679 UPDATE 
C1 CURRENT_READMISSION_LOADED operator_live None controller NOT_APPLICABLE loaded_pid 1575686 sleep None head 4812 UPDATE 
C3 SUCCESSOR_LOADED operator_live True controller NOT_APPLICABLE loaded_pid 1656800 sleep None head 4305 INBOX 
C4 CURRENT_READMISSION_LOADED operator_live None controller NOT_APPLICABLE loaded_pid 1625840 sleep None head 4202 UPDATE 
repo_reader WAITING_SAVED_BOUNDARY operator_live True controller NOT_APPLICABLE loaded_pid None sleep None head 5127 UPDATE 
/data/home/rohing/dream-state-orch/research_loop/workers/r179_context_survival_20260917/node5/ROLLOUT_METADATA_1789669820622373854.json
C2 SUCCESSOR_LOADED operator_live True controller CONTROLLER_TRANSFER_VERIFIED loaded_pid 1626817 sleep None head 4784 UPDATE 
C5 FAILED_CLOSED operator_live False controller TRANSFER_NOT_STARTED loaded_pid None sleep None head 4054 UPDATE boundary_wait_expired_original_left_running
pilot WAITING_SAVED_BOUNDARY operator_live True controller NOT_APPLICABLE loaded_pid None sleep None head 5515 UPDATE 
run1 WAITING_SAVED_BOUNDARY operator_live True controller NOT_APPLICABLE loaded_pid None sleep None head 5679 UPDATE 
C1 CURRENT_READMISSION_LOADED operator_live None controller NOT_APPLICABLE loaded_pid 1575686 sleep None head 4813 UPDATE 
C3 SUCCESSOR_LOADED operator_live True controller NOT_APPLICABLE loaded_pid 1656800 sleep None head 4306 REQUEST 
C4 CURRENT_READMISSION_LOADED operator_live None controller NOT_APPLICABLE loaded_pid 1625840 sleep None head 4203 UPDATE 
repo_reader WAITING_SAVED_BOUNDARY operator_live True controller NOT_APPLICABLE loaded_pid None sleep None head 5128 UPDATE 
/data/home/rohing/dream-state-orch/research_loop/workers/r179_context_survival_20260917/node5/ROLLOUT_METADATA_1789669852316977323.json
C2 SUCCESSOR_LOADED operator_live True controller CONTROLLER_TRANSFER_VERIFIED loaded_pid 1626817 sleep None head 4785 UPDATE 
C5 FAILED_CLOSED operator_live False controller TRANSFER_NOT_STARTED loaded_pid None sleep None head 4055 UPDATE boundary_wait_expired_original_left_running
pilot WAITING_SAVED_BOUNDARY operator_live True controller NOT_APPLICABLE loaded_pid None sleep None head 5516 UPDATE 
run1 WAITING_SAVED_BOUNDARY operator_live True controller NOT_APPLICABLE loaded_pid None sleep None head 5680 UPDATE 
C1 CURRENT_READMISSION_LOADED operator_live None controller NOT_APPLICABLE loaded_pid 1575686 sleep None head 4814 UPDATE 
C3 SUCCESSOR_LOADED operator_live True controller NOT_APPLICABLE loaded_pid 1656800 sleep None head 4306 REQUEST 
C4 CURRENT_READMISSION_LOADED operator_live None controller NOT_APPLICABLE loaded_pid 1625840 sleep None head 4204 UPDATE 
repo_reader WAITING_SAVED_BOUNDARY operator_live True controller NOT_APPLICABLE loaded_pid None sleep None head 5128 UPDATE 
/data/home/rohing/dream-state-orch/research_loop/workers/r179_context_survival_20260917/node5/ROLLOUT_METADATA_1789669884210567813.json
C2 SUCCESSOR_LOADED operator_live True controller CONTROLLER_TRANSFER_VERIFIED loaded_pid 1626817 sleep None head 4786 UPDATE 
C5 FAILED_CLOSED operator_live False controller TRANSFER_NOT_STARTED loaded_pid None sleep None head 4056 UPDATE boundary_wait_expired_original_left_running
pilot WAITING_SAVED_BOUNDARY operator_live True controller NOT_APPLICABLE loaded_pid None sleep None head 5517 UPDATE 
run1 WAITING_SAVED_BOUNDARY operator_live True controller NOT_APPLICABLE loaded_pid None sleep None head 5681 UPDATE 
C1 CURRENT_READMISSION_LOADED operator_live None controller NOT_APPLICABLE loaded_pid 1575686 sleep None head 4815 UPDATE 
C3 SUCCESSOR_LOADED operator_live True controller NOT_APPLICABLE loaded_pid 1656800 sleep None head 4307 RESPONSE 
C4 CURRENT_READMISSION_LOADED operator_live None controller NOT_APPLICABLE loaded_pid 1625840 sleep None head 4205 UPDATE 
repo_reader WAITING_SAVED_BOUNDARY operator_live True controller NOT_APPLICABLE loaded_pid None sleep None head 5129 UPDATE 
/data/home/rohing/dream-state-orch/research_loop/workers/r179_context_survival_20260917/node5/ROLLOUT_METADATA_1789669915754112167.json
C2 SUCCESSOR_LOADED operator_live True controller CONTROLLER_TRANSFER_VERIFIED loaded_pid 1626817 sleep None head 4787 UPDATE 
C5 FAILED_CLOSED operator_live False controller TRANSFER_NOT_STARTED loaded_pid None sleep None head 4057 UPDATE boundary_wait_expired_original_left_running
pilot WAITING_SAVED_BOUNDARY operator_live True controller NOT_APPLICABLE loaded_pid None sleep None head 5517 UPDATE 
run1 WAITING_SAVED_BOUNDARY operator_live True controller NOT_APPLICABLE loaded_pid None sleep None head 5681 UPDATE 
C1 CURRENT_READMISSION_LOADED operator_live None controller NOT_APPLICABLE loaded_pid 1575686 sleep None head 4816 UPDATE 
C3 SUCCESSOR_LOADED operator_live True controller NOT_APPLICABLE loaded_pid 1656800 sleep None head 4308 COMMITTED 
C4 CURRENT_READMISSION_LOADED operator_live None controller NOT_APPLICABLE loaded_pid 1625840 sleep None head 4206 UPDATE 
repo_reader WAITING_SAVED_BOUNDARY operator_live True controller NOT_APPLICABLE loaded_pid None sleep None head 5130 UPDATE 
/data/home/rohing/dream-state-orch/research_loop/workers/r179_context_survival_20260917/node5/ROLLOUT_METADATA_1789669947700243786.json
C2 SUCCESSOR_LOADED operator_live True controller CONTROLLER_TRANSFER_VERIFIED loaded_pid 1626817 sleep None head 4788 UPDATE 
C5 FAILED_CLOSED operator_live False controller TRANSFER_NOT_STARTED loaded_pid None sleep None head 4058 UPDATE boundary_wait_expired_original_left_running
pilot WAITING_SAVED_BOUNDARY operator_live True controller NOT_APPLICABLE loaded_pid None sleep None head 5518 UPDATE 
run1 WAITING_SAVED_BOUNDARY operator_live True controller NOT_APPLICABLE loaded_pid None sleep None head 5682 UPDATE 
C1 CURRENT_READMISSION_LOADED operator_live None controller NOT_APPLICABLE loaded_pid 1575686 sleep None head 4817 UPDATE 
C3 SUCCESSOR_LOADED operator_live True controller NOT_APPLICABLE loaded_pid 1656800 sleep None head 4308 COMMITTED 
C4 CURRENT_READMISSION_LOADED operator_live None controller NOT_APPLICABLE loaded_pid 1625840 sleep None head 4207 UPDATE 
repo_reader WAITING_SAVED_BOUNDARY operator_live True controller NOT_APPLICABLE loaded_pid None sleep None head 5130 UPDATE 
/data/home/rohing/dream-state-orch/research_loop/workers/r179_context_survival_20260917/node5/ROLLOUT_METADATA_1789669979442687413.json
C2 SUCCESSOR_LOADED operator_live True controller CONTROLLER_TRANSFER_VERIFIED loaded_pid 1626817 sleep None head 4789 UPDATE 
C5 FAILED_CLOSED operator_live False controller TRANSFER_NOT_STARTED loaded_pid None sleep None head 4059 UPDATE boundary_wait_expired_original_left_running
pilot WAITING_SAVED_BOUNDARY operator_live True controller NOT_APPLICABLE loaded_pid None sleep None head 5519 UPDATE 
run1 WAITING_SAVED_BOUNDARY operator_live True controller NOT_APPLICABLE loaded_pid None sleep None head 5682 UPDATE 
C1 CURRENT_READMISSION_LOADED operator_live None controller NOT_APPLICABLE loaded_pid 1575686 sleep None head 4818 UPDATE 
C3 SUCCESSOR_LOADED operator_live True controller NOT_APPLICABLE loaded_pid 1656800 sleep None head 4309 REQUEST 
C4 CURRENT_READMISSION_LOADED operator_live None controller NOT_APPLICABLE loaded_pid 1625840 sleep None head 4208 UPDATE 
repo_reader WAITING_SAVED_BOUNDARY operator_live True controller NOT_APPLICABLE loaded_pid None sleep None head 5131 UPDATE 
/data/home/rohing/dream-state-orch/research_loop/workers/r179_context_survival_20260917/node5/ROLLOUT_METADATA_1789670011184718617.json
C2 SUCCESSOR_LOADED operator_live True controller CONTROLLER_TRANSFER_VERIFIED loaded_pid 1626817 sleep None head 4790 UPDATE 
C5 FAILED_CLOSED operator_live False controller TRANSFER_NOT_STARTED loaded_pid None sleep None head 4060 UPDATE boundary_wait_expired_original_left_running
pilot WAITING_SAVED_BOUNDARY operator_live True controller NOT_APPLICABLE loaded_pid None sleep None head 5519 UPDATE 
run1 WAITING_SAVED_BOUNDARY operator_live True controller NOT_APPLICABLE loaded_pid None sleep None head 5683 UPDATE 
C1 CURRENT_READMISSION_LOADED operator_live None controller NOT_APPLICABLE loaded_pid 1575686 sleep None head 4819 UPDATE 
C3 SUCCESSOR_LOADED operator_live True controller NOT_APPLICABLE loaded_pid 1656800 sleep None head 4309 REQUEST 
C4 CURRENT_READMISSION_LOADED operator_live None controller NOT_APPLICABLE loaded_pid 1625840 sleep None head 4209 UPDATE 
repo_reader WAITING_SAVED_BOUNDARY operator_live True controller NOT_APPLICABLE loaded_pid None sleep None head 5132 UPDATE 
/data/home/rohing/dream-state-orch/research_loop/workers/r179_context_survival_20260917/node5/ROLLOUT_METADATA_1789670042631113881.json
C2 SUCCESSOR_LOADED operator_live True controller CONTROLLER_TRANSFER_VERIFIED loaded_pid 1626817 sleep None head 4791 UPDATE 
C5 FAILED_CLOSED operator_live False controller TRANSFER_NOT_STARTED loaded_pid None sleep None head 4061 UPDATE boundary_wait_expired_original_left_running
pilot WAITING_SAVED_BOUNDARY operator_live True controller NOT_APPLICABLE loaded_pid None sleep None head 5520 UPDATE 
run1 WAITING_SAVED_BOUNDARY operator_live True controller NOT_APPLICABLE loaded_pid None sleep None head 5684 UPDATE 
C1 CURRENT_READMISSION_LOADED operator_live None controller NOT_APPLICABLE loaded_pid 1575686 sleep None head 4820 UPDATE 
C3 SUCCESSOR_LOADED operator_live True controller NOT_APPLICABLE loaded_pid 1656800 sleep None head 4310 RESPONSE 
C4 CURRENT_READMISSION_LOADED operator_live None controller NOT_APPLICABLE loaded_pid 1625840 sleep None head 4209 UPDATE 
repo_reader WAITING_SAVED_BOUNDARY operator_live True controller NOT_APPLICABLE loaded_pid None sleep None head 5132 UPDATE 
/data/home/rohing/dream-state-orch/research_loop/workers/r179_context_survival_20260917/node5/ROLLOUT_METADATA_1789670074374851593.json
C2 SUCCESSOR_LOADED operator_live True controller CONTROLLER_TRANSFER_VERIFIED loaded_pid 1626817 sleep None head 4792 UPDATE 
C5 FAILED_CLOSED operator_live False controller TRANSFER_NOT_STARTED loaded_pid None sleep None head 4062 UPDATE boundary_wait_expired_original_left_running
pilot WAITING_SAVED_BOUNDARY operator_live True controller NOT_APPLICABLE loaded_pid None sleep None head 5521 UPDATE 
run1 WAITING_SAVED_BOUNDARY operator_live True controller NOT_APPLICABLE loaded_pid None sleep None head 5684 UPDATE 
C1 CURRENT_READMISSION_LOADED operator_live None controller NOT_APPLICABLE loaded_pid 1575686 sleep None head 4821 UPDATE 
C3 SUCCESSOR_LOADED operator_live True controller NOT_APPLICABLE loaded_pid 1656800 sleep None head 4311 COMMITTED 
C4 CURRENT_READMISSION_LOADED operator_live None controller NOT_APPLICABLE loaded_pid 1625840 sleep None head 4210 UPDATE 
repo_reader WAITING_SAVED_BOUNDARY operator_live True controller NOT_APPLICABLE loaded_pid None sleep None head 5133 UPDATE 
/data/home/rohing/dream-state-orch/research_loop/workers/r179_context_survival_20260917/node5/ROLLOUT_METADATA_1789670106137274125.json
C2 SUCCESSOR_LOADED operator_live True controller CONTROLLER_TRANSFER_VERIFIED loaded_pid 1626817 sleep None head 4793 UPDATE 
C5 FAILED_CLOSED operator_live False controller TRANSFER_NOT_STARTED loaded_pid None sleep None head 4063 UPDATE boundary_wait_expired_original_left_running
pilot WAITING_SAVED_BOUNDARY operator_live True controller NOT_APPLICABLE loaded_pid None sleep None head 5521 UPDATE 
run1 WAITING_SAVED_BOUNDARY operator_live True controller NOT_APPLICABLE loaded_pid None sleep None head 5685 UPDATE 
C1 CURRENT_READMISSION_LOADED operator_live None controller NOT_APPLICABLE loaded_pid 1575686 sleep None head 4822 UPDATE 
C3 SUCCESSOR_LOADED operator_live True controller NOT_APPLICABLE loaded_pid 1656800 sleep None head 4312 CONTEXT_RETAINED 
C4 CURRENT_READMISSION_LOADED operator_live None controller NOT_APPLICABLE loaded_pid 1625840 sleep None head 4211 UPDATE 
repo_reader WAITING_SAVED_BOUNDARY operator_live True controller NOT_APPLICABLE loaded_pid None sleep None head 5134 UPDATE 
/data/home/rohing/dream-state-orch/research_loop/workers/r179_context_survival_20260917/node5/ROLLOUT_METADATA_1789670137646782898.json
C2 SUCCESSOR_LOADED operator_live True controller CONTROLLER_TRANSFER_VERIFIED loaded_pid 1626817 sleep None head 4794 UPDATE 
C5 FAILED_CLOSED operator_live False controller TRANSFER_NOT_STARTED loaded_pid None sleep None head 4063 UPDATE boundary_wait_expired_original_left_running
pilot WAITING_SAVED_BOUNDARY operator_live True controller NOT_APPLICABLE loaded_pid None sleep None head 5522 UPDATE 
run1 WAITING_SAVED_BOUNDARY operator_live True controller NOT_APPLICABLE loaded_pid None sleep None head 5686 UPDATE 
C1 CURRENT_READMISSION_LOADED operator_live None controller NOT_APPLICABLE loaded_pid 1575686 sleep None head 4823 UPDATE 
C3 SUCCESSOR_LOADED operator_live True controller NOT_APPLICABLE loaded_pid 1656800 sleep None head 4313 SLEEP_REQUEST 
C4 CURRENT_READMISSION_LOADED operator_live None controller NOT_APPLICABLE loaded_pid 1625840 sleep None head 4212 UPDATE 
repo_reader WAITING_SAVED_BOUNDARY operator_live True controller NOT_APPLICABLE loaded_pid None sleep None head 5135 UPDATE 
/data/home/rohing/dream-state-orch/research_loop/workers/r179_context_survival_20260917/node5/ROLLOUT_METADATA_1789670169527071119.json
C2 SUCCESSOR_LOADED operator_live True controller CONTROLLER_TRANSFER_VERIFIED loaded_pid 1626817 sleep None head 4795 UPDATE 
C5 FAILED_CLOSED operator_live False controller TRANSFER_NOT_STARTED loaded_pid None sleep None head 4064 UPDATE boundary_wait_expired_original_left_running
pilot WAITING_SAVED_BOUNDARY operator_live True controller NOT_APPLICABLE loaded_pid None sleep None head 5523 UPDATE 
run1 WAITING_SAVED_BOUNDARY operator_live True controller NOT_APPLICABLE loaded_pid None sleep None head 5686 UPDATE 
C1 CURRENT_READMISSION_LOADED operator_live None controller NOT_APPLICABLE loaded_pid 1575686 sleep None head 4824 UPDATE 
C3 SUCCESSOR_LOADED operator_live True controller NOT_APPLICABLE loaded_pid 1656800 sleep None head 4314 TARGET_ELIGIBILITY 
C4 CURRENT_READMISSION_LOADED operator_live None controller NOT_APPLICABLE loaded_pid 1625840 sleep None head 4213 UPDATE 
repo_reader WAITING_SAVED_BOUNDARY operator_live True controller NOT_APPLICABLE loaded_pid None sleep None head 5135 UPDATE 
/data/home/rohing/dream-state-orch/research_loop/workers/r179_context_survival_20260917/node5/ROLLOUT_METADATA_1789670201399712495.json
C2 SUCCESSOR_LOADED operator_live True controller CONTROLLER_TRANSFER_VERIFIED loaded_pid 1626817 sleep None head 4796 UPDATE 
C5 FAILED_CLOSED operator_live False controller TRANSFER_NOT_STARTED loaded_pid None sleep None head 4065 UPDATE boundary_wait_expired_original_left_running
pilot WAITING_SAVED_BOUNDARY operator_live True controller NOT_APPLICABLE loaded_pid None sleep None head 5523 UPDATE 
run1 WAITING_SAVED_BOUNDARY operator_live True controller NOT_APPLICABLE loaded_pid None sleep None head 5687 UPDATE 
C1 CURRENT_READMISSION_LOADED operator_live None controller NOT_APPLICABLE loaded_pid 1575686 sleep None head 4825 UPDATE 
C3 SUCCESSOR_LOADED operator_live True controller NOT_APPLICABLE loaded_pid 1656800 sleep None head 4315 CHECKPOINT_METADATA 
C4 CURRENT_READMISSION_LOADED operator_live None controller NOT_APPLICABLE loaded_pid 1625840 sleep None head 4214 UPDATE 
repo_reader WAITING_SAVED_BOUNDARY operator_live True controller NOT_APPLICABLE loaded_pid None sleep None head 5136 UPDATE 
/data/home/rohing/dream-state-orch/research_loop/workers/r179_context_survival_20260917/node5/ROLLOUT_METADATA_1789670233161567118.json
C2 SUCCESSOR_LOADED operator_live True controller CONTROLLER_TRANSFER_VERIFIED loaded_pid 1626817 sleep None head 4797 UPDATE 
C5 FAILED_CLOSED operator_live False controller TRANSFER_NOT_STARTED loaded_pid None sleep None head 4066 UPDATE boundary_wait_expired_original_left_running
pilot WAITING_SAVED_BOUNDARY operator_live True controller NOT_APPLICABLE loaded_pid None sleep None head 5524 UPDATE 
run1 WAITING_SAVED_BOUNDARY operator_live True controller NOT_APPLICABLE loaded_pid None sleep None head 5688 UPDATE 
C1 CURRENT_READMISSION_LOADED operator_live None controller NOT_APPLICABLE loaded_pid 1575686 sleep None head 4826 UPDATE 
C3 SUCCESSOR_LOADED operator_live True controller NOT_APPLICABLE loaded_pid 1656800 sleep None head 4316 UPDATE 
C4 CURRENT_READMISSION_LOADED operator_live None controller NOT_APPLICABLE loaded_pid 1625840 sleep None head 4215 UPDATE 
repo_reader WAITING_SAVED_BOUNDARY operator_live True controller NOT_APPLICABLE loaded_pid None sleep None head 5137 UPDATE 
/data/home/rohing/dream-state-orch/research_loop/workers/r179_context_survival_20260917/node5/ROLLOUT_METADATA_1789670264941766643.json
C2 SUCCESSOR_LOADED operator_live True controller CONTROLLER_TRANSFER_VERIFIED loaded_pid 1626817 sleep None head 4798 UPDATE 
C5 FAILED_CLOSED operator_live False controller TRANSFER_NOT_STARTED loaded_pid None sleep None head 4067 UPDATE boundary_wait_expired_original_left_running
pilot WAITING_SAVED_BOUNDARY operator_live True controller NOT_APPLICABLE loaded_pid None sleep None head 5525 UPDATE 
run1 WAITING_SAVED_BOUNDARY operator_live True controller NOT_APPLICABLE loaded_pid None sleep None head 5688 UPDATE 
C1 CURRENT_READMISSION_LOADED operator_live None controller NOT_APPLICABLE loaded_pid 1575686 sleep None head 4827 UPDATE 
C3 SUCCESSOR_LOADED operator_live True controller NOT_APPLICABLE loaded_pid 1656800 sleep None head 4316 UPDATE 
C4 CURRENT_READMISSION_LOADED operator_live None controller NOT_APPLICABLE loaded_pid 1625840 sleep None head 4216 UPDATE 
repo_reader WAITING_SAVED_BOUNDARY operator_live True controller NOT_APPLICABLE loaded_pid None sleep None head 5137 UPDATE 
/data/home/rohing/dream-state-orch/research_loop/workers/r179_context_survival_20260917/node5/ROLLOUT_METADATA_1789670296757370829.json
C2 SUCCESSOR_LOADED operator_live True controller CONTROLLER_TRANSFER_VERIFIED loaded_pid 1626817 sleep None head 4799 UPDATE 
C5 FAILED_CLOSED operator_live False controller TRANSFER_NOT_STARTED loaded_pid None sleep None head 4068 UPDATE boundary_wait_expired_original_left_running
pilot WAITING_SAVED_BOUNDARY operator_live True controller NOT_APPLICABLE loaded_pid None sleep None head 5525 UPDATE 
run1 WAITING_SAVED_BOUNDARY operator_live True controller NOT_APPLICABLE loaded_pid None sleep None head 5689 UPDATE 
C1 CURRENT_READMISSION_LOADED operator_live None controller NOT_APPLICABLE loaded_pid 1575686 sleep None head 4828 UPDATE 
C3 SUCCESSOR_LOADED operator_live True controller NOT_APPLICABLE loaded_pid 1656800 sleep None head 4317 UPDATE 
C4 CURRENT_READMISSION_LOADED operator_live None controller NOT_APPLICABLE loaded_pid 1625840 sleep None head 4216 UPDATE 
repo_reader WAITING_SAVED_BOUNDARY operator_live True controller NOT_APPLICABLE loaded_pid None sleep None head 5138 UPDATE 
/data/home/rohing/dream-state-orch/research_loop/workers/r179_context_survival_20260917/node5/ROLLOUT_METADATA_1789670328498674394.json
C2 SUCCESSOR_LOADED operator_live True controller CONTROLLER_TRANSFER_VERIFIED loaded_pid 1626817 sleep None head 4800 UPDATE 
C5 FAILED_CLOSED operator_live False controller TRANSFER_NOT_STARTED loaded_pid None sleep None head 4069 UPDATE boundary_wait_expired_original_left_running
pilot WAITING_SAVED_BOUNDARY operator_live True controller NOT_APPLICABLE loaded_pid None sleep None head 5526 UPDATE 
run1 WAITING_SAVED_BOUNDARY operator_live True controller NOT_APPLICABLE loaded_pid None sleep None head 5689 UPDATE 
C1 CURRENT_READMISSION_LOADED operator_live None controller NOT_APPLICABLE loaded_pid 1575686 sleep None head 4829 UPDATE 
C3 SUCCESSOR_LOADED operator_live True controller NOT_APPLICABLE loaded_pid 1656800 sleep None head 4318 UPDATE 
C4 CURRENT_READMISSION_LOADED operator_live None controller NOT_APPLICABLE loaded_pid 1625840 sleep None head 4217 UPDATE 
repo_reader WAITING_SAVED_BOUNDARY operator_live True controller NOT_APPLICABLE loaded_pid None sleep None head 5139 UPDATE 
/data/home/rohing/dream-state-orch/research_loop/workers/r179_context_survival_20260917/node5/ROLLOUT_METADATA_1789670360317073230.json
C2 SUCCESSOR_LOADED operator_live True controller CONTROLLER_TRANSFER_VERIFIED loaded_pid 1626817 sleep None head 4801 UPDATE 
C5 FAILED_CLOSED operator_live False controller TRANSFER_NOT_STARTED loaded_pid None sleep None head 4070 UPDATE boundary_wait_expired_original_left_running
pilot WAITING_SAVED_BOUNDARY operator_live True controller NOT_APPLICABLE loaded_pid None sleep None head 5527 UPDATE 
run1 WAITING_SAVED_BOUNDARY operator_live True controller NOT_APPLICABLE loaded_pid None sleep None head 5690 UPDATE 
C1 CURRENT_READMISSION_LOADED operator_live None controller NOT_APPLICABLE loaded_pid 1575686 sleep None head 4830 UPDATE 
C3 SUCCESSOR_LOADED operator_live True controller NOT_APPLICABLE loaded_pid 1656800 sleep None head 4319 UPDATE 
C4 CURRENT_READMISSION_LOADED operator_live None controller NOT_APPLICABLE loaded_pid 1625840 sleep None head 4218 UPDATE 
repo_reader WAITING_SAVED_BOUNDARY operator_live True controller NOT_APPLICABLE loaded_pid None sleep None head 5139 UPDATE 
/data/home/rohing/dream-state-orch/research_loop/workers/r179_context_survival_20260917/node5/ROLLOUT_METADATA_1789670392011181203.json
C2 SUCCESSOR_LOADED operator_live True controller CONTROLLER_TRANSFER_VERIFIED loaded_pid 1626817 sleep None head 4801 UPDATE 
C5 FAILED_CLOSED operator_live False controller TRANSFER_NOT_STARTED loaded_pid None sleep None head 4071 UPDATE boundary_wait_expired_original_left_running
pilot WAITING_SAVED_BOUNDARY operator_live True controller NOT_APPLICABLE loaded_pid None sleep None head 5527 UPDATE 
run1 WAITING_SAVED_BOUNDARY operator_live True controller NOT_APPLICABLE loaded_pid None sleep None head 5691 UPDATE 
C1 CURRENT_READMISSION_LOADED operator_live None controller NOT_APPLICABLE loaded_pid 1575686 sleep None head 4831 UPDATE 
C3 SUCCESSOR_LOADED operator_live True controller NOT_APPLICABLE loaded_pid 1656800 sleep None head 4320 UPDATE 
C4 CURRENT_READMISSION_LOADED operator_live None controller NOT_APPLICABLE loaded_pid 1625840 sleep None head 4219 UPDATE 
repo_reader WAITING_SAVED_BOUNDARY operator_live True controller NOT_APPLICABLE loaded_pid None sleep None head 5140 UPDATE 
/data/home/rohing/dream-state-orch/research_loop/workers/r179_context_survival_20260917/node5/ROLLOUT_METADATA_1789670423693652401.json
C2 SUCCESSOR_LOADED operator_live True controller CONTROLLER_TRANSFER_VERIFIED loaded_pid 1626817 sleep None head 4802 UPDATE 
C5 FAILED_CLOSED operator_live False controller TRANSFER_NOT_STARTED loaded_pid None sleep None head 4071 UPDATE boundary_wait_expired_original_left_running
pilot WAITING_SAVED_BOUNDARY operator_live True controller NOT_APPLICABLE loaded_pid None sleep None head 5528 UPDATE 
run1 WAITING_SAVED_BOUNDARY operator_live True controller NOT_APPLICABLE loaded_pid None sleep None head 5691 UPDATE 
C1 CURRENT_READMISSION_LOADED operator_live None controller NOT_APPLICABLE loaded_pid 1575686 sleep None head 4832 UPDATE 
C3 SUCCESSOR_LOADED operator_live True controller NOT_APPLICABLE loaded_pid 1656800 sleep None head 4321 UPDATE 
C4 CURRENT_READMISSION_LOADED operator_live None controller NOT_APPLICABLE loaded_pid 1625840 sleep None head 4220 UPDATE 
repo_reader WAITING_SAVED_BOUNDARY operator_live True controller NOT_APPLICABLE loaded_pid None sleep None head 5141 UPDATE 
/data/home/rohing/dream-state-orch/research_loop/workers/r179_context_survival_20260917/node5/ROLLOUT_METADATA_1789670455418399511.json
C2 SUCCESSOR_LOADED operator_live True controller CONTROLLER_TRANSFER_VERIFIED loaded_pid 1626817 sleep None head 4803 UPDATE 
C5 FAILED_CLOSED operator_live False controller TRANSFER_NOT_STARTED loaded_pid None sleep None head 4072 UPDATE boundary_wait_expired_original_left_running
pilot WAITING_SAVED_BOUNDARY operator_live True controller NOT_APPLICABLE loaded_pid None sleep None head 5529 UPDATE 
run1 WAITING_SAVED_BOUNDARY operator_live True controller NOT_APPLICABLE loaded_pid None sleep None head 5692 UPDATE 
C1 CURRENT_READMISSION_LOADED operator_live None controller NOT_APPLICABLE loaded_pid 1575686 sleep None head 4833 UPDATE 
C3 SUCCESSOR_LOADED operator_live True controller NOT_APPLICABLE loaded_pid 1656800 sleep None head 4322 UPDATE 
C4 CURRENT_READMISSION_LOADED operator_live None controller NOT_APPLICABLE loaded_pid 1625840 sleep None head 4221 UPDATE 
repo_reader WAITING_SAVED_BOUNDARY operator_live True controller NOT_APPLICABLE loaded_pid None sleep None head 5142 UPDATE 
/data/home/rohing/dream-state-orch/research_loop/workers/r179_context_survival_20260917/node5/ROLLOUT_METADATA_1789670487253360792.json
C2 SUCCESSOR_LOADED operator_live True controller CONTROLLER_TRANSFER_VERIFIED loaded_pid 1626817 sleep None head 4804 UPDATE 
C5 FAILED_CLOSED operator_live False controller TRANSFER_NOT_STARTED loaded_pid None sleep None head 4073 UPDATE boundary_wait_expired_original_left_running
pilot WAITING_SAVED_BOUNDARY operator_live True controller NOT_APPLICABLE loaded_pid None sleep None head 5530 UPDATE 
run1 WAITING_SAVED_BOUNDARY operator_live True controller NOT_APPLICABLE loaded_pid None sleep None head 5693 UPDATE 
C1 CURRENT_READMISSION_LOADED operator_live None controller NOT_APPLICABLE loaded_pid 1575686 sleep None head 4834 UPDATE 
C3 SUCCESSOR_LOADED operator_live True controller NOT_APPLICABLE loaded_pid 1656800 sleep None head 4323 UPDATE 
C4 CURRENT_READMISSION_LOADED operator_live None controller NOT_APPLICABLE loaded_pid 1625840 sleep None head 4222 UPDATE 
repo_reader WAITING_SAVED_BOUNDARY operator_live True controller NOT_APPLICABLE loaded_pid None sleep None head 5142 UPDATE 
/data/home/rohing/dream-state-orch/research_loop/workers/r179_context_survival_20260917/node5/ROLLOUT_METADATA_1789670518960368771.json
C2 SUCCESSOR_LOADED operator_live True controller CONTROLLER_TRANSFER_VERIFIED loaded_pid 1626817 sleep None head 4805 UPDATE 
C5 FAILED_CLOSED operator_live False controller TRANSFER_NOT_STARTED loaded_pid None sleep None head 4074 UPDATE boundary_wait_expired_original_left_running
pilot WAITING_SAVED_BOUNDARY operator_live True controller NOT_APPLICABLE loaded_pid None sleep None head 5530 UPDATE 
run1 WAITING_SAVED_BOUNDARY operator_live True controller NOT_APPLICABLE loaded_pid None sleep None head 5693 UPDATE 
C1 CURRENT_READMISSION_LOADED operator_live None controller NOT_APPLICABLE loaded_pid 1575686 sleep None head 4835 UPDATE 
C3 SUCCESSOR_LOADED operator_live True controller NOT_APPLICABLE loaded_pid 1656800 sleep None head 4323 UPDATE 
C4 CURRENT_READMISSION_LOADED operator_live None controller NOT_APPLICABLE loaded_pid 1625840 sleep None head 4223 UPDATE 
repo_reader WAITING_SAVED_BOUNDARY operator_live True controller NOT_APPLICABLE loaded_pid None sleep None head 5143 UPDATE 
/data/home/rohing/dream-state-orch/research_loop/workers/r179_context_survival_20260917/node5/ROLLOUT_METADATA_1789670550705535039.json
C2 SUCCESSOR_LOADED operator_live True controller CONTROLLER_TRANSFER_VERIFIED loaded_pid 1626817 sleep None head 4806 UPDATE 
C5 FAILED_CLOSED operator_live False controller TRANSFER_NOT_STARTED loaded_pid None sleep None head 4075 UPDATE boundary_wait_expired_original_left_running
pilot WAITING_SAVED_BOUNDARY operator_live True controller NOT_APPLICABLE loaded_pid None sleep None head 5531 UPDATE 
run1 WAITING_SAVED_BOUNDARY operator_live True controller NOT_APPLICABLE loaded_pid None sleep None head 5694 UPDATE 
C1 CURRENT_READMISSION_LOADED operator_live None controller NOT_APPLICABLE loaded_pid 1575686 sleep None head 4836 UPDATE 
C3 SUCCESSOR_LOADED operator_live True controller NOT_APPLICABLE loaded_pid 1656800 sleep None head 4324 UPDATE 
C4 CURRENT_READMISSION_LOADED operator_live None controller NOT_APPLICABLE loaded_pid 1625840 sleep None head 4223 UPDATE 
repo_reader WAITING_SAVED_BOUNDARY operator_live True controller NOT_APPLICABLE loaded_pid None sleep None head 5144 UPDATE 
/data/home/rohing/dream-state-orch/research_loop/workers/r179_context_survival_20260917/node5/ROLLOUT_METADATA_1789670582202781366.json
C2 SUCCESSOR_LOADED operator_live True controller CONTROLLER_TRANSFER_VERIFIED loaded_pid 1626817 sleep None head 4807 UPDATE 
C5 FAILED_CLOSED operator_live False controller TRANSFER_NOT_STARTED loaded_pid None sleep None head 4076 UPDATE boundary_wait_expired_original_left_running
pilot WAITING_SAVED_BOUNDARY operator_live True controller NOT_APPLICABLE loaded_pid None sleep None head 5532 UPDATE 
run1 WAITING_SAVED_BOUNDARY operator_live True controller NOT_APPLICABLE loaded_pid None sleep None head 5695 UPDATE 
C1 CURRENT_READMISSION_LOADED operator_live None controller NOT_APPLICABLE loaded_pid 1575686 sleep None head 4837 UPDATE 
C3 SUCCESSOR_LOADED operator_live True controller NOT_APPLICABLE loaded_pid 1656800 sleep None head 4325 UPDATE 
C4 CURRENT_READMISSION_LOADED operator_live None controller NOT_APPLICABLE loaded_pid 1625840 sleep None head 4224 UPDATE 
repo_reader WAITING_SAVED_BOUNDARY operator_live True controller NOT_APPLICABLE loaded_pid None sleep None head 5144 UPDATE 
/data/home/rohing/dream-state-orch/research_loop/workers/r179_context_survival_20260917/node5/ROLLOUT_METADATA_1789670613992411410.json
C2 SUCCESSOR_LOADED operator_live True controller CONTROLLER_TRANSFER_VERIFIED loaded_pid 1626817 sleep None head 4808 UPDATE 
C5 FAILED_CLOSED operator_live False controller TRANSFER_NOT_STARTED loaded_pid None sleep None head 4077 UPDATE boundary_wait_expired_original_left_running
pilot WAITING_SAVED_BOUNDARY operator_live True controller NOT_APPLICABLE loaded_pid None sleep None head 5532 UPDATE 
run1 WAITING_SAVED_BOUNDARY operator_live True controller NOT_APPLICABLE loaded_pid None sleep None head 5695 UPDATE 
C1 CURRENT_READMISSION_LOADED operator_live None controller NOT_APPLICABLE loaded_pid 1575686 sleep None head 4838 UPDATE 
C3 SUCCESSOR_LOADED operator_live True controller NOT_APPLICABLE loaded_pid 1656800 sleep None head 4326 UPDATE 
C4 CURRENT_READMISSION_LOADED operator_live None controller NOT_APPLICABLE loaded_pid 1625840 sleep None head 4225 UPDATE 
repo_reader WAITING_SAVED_BOUNDARY operator_live True controller NOT_APPLICABLE loaded_pid None sleep None head 5145 UPDATE 
/data/home/rohing/dream-state-orch/research_loop/workers/r179_context_survival_20260917/node5/ROLLOUT_METADATA_1789670645786431541.json
C2 SUCCESSOR_LOADED operator_live True controller CONTROLLER_TRANSFER_VERIFIED loaded_pid 1626817 sleep None head 4809 UPDATE 
C5 FAILED_CLOSED operator_live False controller TRANSFER_NOT_STARTED loaded_pid None sleep None head 4078 UPDATE boundary_wait_expired_original_left_running
pilot WAITING_SAVED_BOUNDARY operator_live True controller NOT_APPLICABLE loaded_pid None sleep None head 5533 UPDATE 
run1 WAITING_SAVED_BOUNDARY operator_live True controller NOT_APPLICABLE loaded_pid None sleep None head 5696 UPDATE 
C1 CURRENT_READMISSION_LOADED operator_live None controller NOT_APPLICABLE loaded_pid 1575686 sleep None head 4839 UPDATE 
C3 SUCCESSOR_LOADED operator_live True controller NOT_APPLICABLE loaded_pid 1656800 sleep None head 4327 UPDATE 
C4 CURRENT_READMISSION_LOADED operator_live None controller NOT_APPLICABLE loaded_pid 1625840 sleep None head 4226 UPDATE 
repo_reader WAITING_SAVED_BOUNDARY operator_live True controller NOT_APPLICABLE loaded_pid None sleep None head 5146 UPDATE 
/data/home/rohing/dream-state-orch/research_loop/workers/r179_context_survival_20260917/node5/ROLLOUT_METADATA_1789670677705952346.json
C2 SUCCESSOR_LOADED operator_live True controller CONTROLLER_TRANSFER_VERIFIED loaded_pid 1626817 sleep None head 4810 UPDATE 
C5 FAILED_CLOSED operator_live False controller TRANSFER_NOT_STARTED loaded_pid None sleep None head 4079 UPDATE boundary_wait_expired_original_left_running
pilot WAITING_SAVED_BOUNDARY operator_live True controller NOT_APPLICABLE loaded_pid None sleep None head 5534 UPDATE 
run1 WAITING_SAVED_BOUNDARY operator_live True controller NOT_APPLICABLE loaded_pid None sleep None head 5696 UPDATE 
C1 CURRENT_READMISSION_LOADED operator_live None controller NOT_APPLICABLE loaded_pid 1575686 sleep None head 4840 UPDATE 
C3 SUCCESSOR_LOADED operator_live True controller NOT_APPLICABLE loaded_pid 1656800 sleep None head 4328 UPDATE 
C4 CURRENT_READMISSION_LOADED operator_live None controller NOT_APPLICABLE loaded_pid 1625840 sleep None head 4227 UPDATE 
repo_reader WAITING_SAVED_BOUNDARY operator_live True controller NOT_APPLICABLE loaded_pid None sleep None head 5146 UPDATE 
/data/home/rohing/dream-state-orch/research_loop/workers/r179_context_survival_20260917/node5/ROLLOUT_METADATA_1789670709626563668.json
C2 SUCCESSOR_LOADED operator_live True controller CONTROLLER_TRANSFER_VERIFIED loaded_pid 1626817 sleep None head 4811 UPDATE 
C5 FAILED_CLOSED operator_live False controller TRANSFER_NOT_STARTED loaded_pid None sleep None head 4079 UPDATE boundary_wait_expired_original_left_running
pilot WAITING_SAVED_BOUNDARY operator_live True controller NOT_APPLICABLE loaded_pid None sleep None head 5534 UPDATE 
run1 WAITING_SAVED_BOUNDARY operator_live True controller NOT_APPLICABLE loaded_pid None sleep None head 5697 UPDATE 
C1 CURRENT_READMISSION_LOADED operator_live None controller NOT_APPLICABLE loaded_pid 1575686 sleep None head 4841 UPDATE 
C3 SUCCESSOR_LOADED operator_live True controller NOT_APPLICABLE loaded_pid 1656800 sleep None head 4329 UPDATE 
C4 CURRENT_READMISSION_LOADED operator_live None controller NOT_APPLICABLE loaded_pid 1625840 sleep None head 4228 UPDATE 
repo_reader WAITING_SAVED_BOUNDARY operator_live True controller NOT_APPLICABLE loaded_pid None sleep None head 5147 UPDATE 
/data/home/rohing/dream-state-orch/research_loop/workers/r179_context_survival_20260917/node5/ROLLOUT_METADATA_1789670741546823569.json
C2 SUCCESSOR_LOADED operator_live True controller CONTROLLER_TRANSFER_VERIFIED loaded_pid 1626817 sleep None head 4812 UPDATE 
C5 FAILED_CLOSED operator_live False controller TRANSFER_NOT_STARTED loaded_pid None sleep None head 4080 UPDATE boundary_wait_expired_original_left_running
pilot WAITING_SAVED_BOUNDARY operator_live True controller NOT_APPLICABLE loaded_pid None sleep None head 5535 UPDATE 
run1 WAITING_SAVED_BOUNDARY operator_live True controller NOT_APPLICABLE loaded_pid None sleep None head 5698 UPDATE 
C1 CURRENT_READMISSION_LOADED operator_live None controller NOT_APPLICABLE loaded_pid 1575686 sleep None head 4842 UPDATE 
C3 SUCCESSOR_LOADED operator_live True controller NOT_APPLICABLE loaded_pid 1656800 sleep None head 4329 UPDATE 
C4 CURRENT_READMISSION_LOADED operator_live None controller NOT_APPLICABLE loaded_pid 1625840 sleep None head 4229 UPDATE 
repo_reader WAITING_SAVED_BOUNDARY operator_live True controller NOT_APPLICABLE loaded_pid None sleep None head 5148 UPDATE 
/data/home/rohing/dream-state-orch/research_loop/workers/r179_context_survival_20260917/node5/ROLLOUT_METADATA_1789670773194273890.json
C2 SUCCESSOR_LOADED operator_live True controller CONTROLLER_TRANSFER_VERIFIED loaded_pid 1626817 sleep None head 4813 UPDATE 
C5 FAILED_CLOSED operator_live False controller TRANSFER_NOT_STARTED loaded_pid None sleep None head 4081 UPDATE boundary_wait_expired_original_left_running
pilot WAITING_SAVED_BOUNDARY operator_live True controller NOT_APPLICABLE loaded_pid None sleep None head 5536 UPDATE 
run1 WAITING_SAVED_BOUNDARY operator_live True controller NOT_APPLICABLE loaded_pid None sleep None head 5698 UPDATE 
C1 CURRENT_READMISSION_LOADED operator_live None controller NOT_APPLICABLE loaded_pid 1575686 sleep None head 4843 UPDATE 
C3 SUCCESSOR_LOADED operator_live True controller NOT_APPLICABLE loaded_pid 1656800 sleep None head 4330 UPDATE 
C4 CURRENT_READMISSION_LOADED operator_live None controller NOT_APPLICABLE loaded_pid 1625840 sleep None head 4230 UPDATE 
repo_reader WAITING_SAVED_BOUNDARY operator_live True controller NOT_APPLICABLE loaded_pid None sleep None head 5149 UPDATE 
/data/home/rohing/dream-state-orch/research_loop/workers/r179_context_survival_20260917/node5/ROLLOUT_METADATA_1789670804743747016.json
C2 SUCCESSOR_LOADED operator_live True controller CONTROLLER_TRANSFER_VERIFIED loaded_pid 1626817 sleep None head 4814 UPDATE 
C5 FAILED_CLOSED operator_live False controller TRANSFER_NOT_STARTED loaded_pid None sleep None head 4082 UPDATE boundary_wait_expired_original_left_running
pilot WAITING_SAVED_BOUNDARY operator_live True controller NOT_APPLICABLE loaded_pid None sleep None head 5536 UPDATE 
run1 WAITING_SAVED_BOUNDARY operator_live True controller NOT_APPLICABLE loaded_pid None sleep None head 5699 UPDATE 
C1 CURRENT_READMISSION_LOADED operator_live None controller NOT_APPLICABLE loaded_pid 1575686 sleep None head 4844 UPDATE 
C3 SUCCESSOR_LOADED operator_live True controller NOT_APPLICABLE loaded_pid 1656800 sleep None head 4331 UPDATE 
C4 CURRENT_READMISSION_LOADED operator_live None controller NOT_APPLICABLE loaded_pid 1625840 sleep None head 4230 UPDATE 
repo_reader WAITING_SAVED_BOUNDARY operator_live True controller NOT_APPLICABLE loaded_pid None sleep None head 5149 UPDATE 
/data/home/rohing/dream-state-orch/research_loop/workers/r179_context_survival_20260917/node5/ROLLOUT_METADATA_1789670836610430742.json
C2 SUCCESSOR_LOADED operator_live True controller CONTROLLER_TRANSFER_VERIFIED loaded_pid 1626817 sleep None head 4815 UPDATE 
C5 FAILED_CLOSED operator_live False controller TRANSFER_NOT_STARTED loaded_pid None sleep None head 4083 UPDATE boundary_wait_expired_original_left_running
pilot WAITING_SAVED_BOUNDARY operator_live True controller NOT_APPLICABLE loaded_pid None sleep None head 5537 UPDATE 
run1 WAITING_SAVED_BOUNDARY operator_live True controller NOT_APPLICABLE loaded_pid None sleep None head 5700 UPDATE 
C1 CURRENT_READMISSION_LOADED operator_live None controller NOT_APPLICABLE loaded_pid 1575686 sleep None head 4845 UPDATE 
C3 SUCCESSOR_LOADED operator_live True controller NOT_APPLICABLE loaded_pid 1656800 sleep None head 4332 UPDATE 
C4 CURRENT_READMISSION_LOADED operator_live None controller NOT_APPLICABLE loaded_pid 1625840 sleep None head 4231 UPDATE 
repo_reader WAITING_SAVED_BOUNDARY operator_live True controller NOT_APPLICABLE loaded_pid None sleep None head 5150 UPDATE 
/data/home/rohing/dream-state-orch/research_loop/workers/r179_context_survival_20260917/node5/ROLLOUT_METADATA_1789670868387108027.json
C2 SUCCESSOR_LOADED operator_live True controller CONTROLLER_TRANSFER_VERIFIED loaded_pid 1626817 sleep None head 4815 UPDATE 
C5 FAILED_CLOSED operator_live False controller TRANSFER_NOT_STARTED loaded_pid None sleep None head 4084 UPDATE boundary_wait_expired_original_left_running
pilot WAITING_SAVED_BOUNDARY operator_live True controller NOT_APPLICABLE loaded_pid None sleep None head 5538 UPDATE 
run1 WAITING_SAVED_BOUNDARY operator_live True controller NOT_APPLICABLE loaded_pid None sleep None head 5700 UPDATE 
C1 CURRENT_READMISSION_LOADED operator_live None controller NOT_APPLICABLE loaded_pid 1575686 sleep None head 4846 UPDATE 
C3 SUCCESSOR_LOADED operator_live True controller NOT_APPLICABLE loaded_pid 1656800 sleep None head 4333 UPDATE 
C4 CURRENT_READMISSION_LOADED operator_live None controller NOT_APPLICABLE loaded_pid 1625840 sleep None head 4232 UPDATE 
repo_reader WAITING_SAVED_BOUNDARY operator_live True controller NOT_APPLICABLE loaded_pid None sleep None head 5151 UPDATE 
/data/home/rohing/dream-state-orch/research_loop/workers/r179_context_survival_20260917/node5/ROLLOUT_METADATA_1789670899934816449.json
C2 SUCCESSOR_LOADED operator_live True controller CONTROLLER_TRANSFER_VERIFIED loaded_pid 1626817 sleep None head 4816 UPDATE 
C5 FAILED_CLOSED operator_live False controller TRANSFER_NOT_STARTED loaded_pid None sleep None head 4085 UPDATE boundary_wait_expired_original_left_running
pilot WAITING_SAVED_BOUNDARY operator_live True controller NOT_APPLICABLE loaded_pid None sleep None head 5538 UPDATE 
run1 WAITING_SAVED_BOUNDARY operator_live True controller NOT_APPLICABLE loaded_pid None sleep None head 5701 UPDATE 
C1 CURRENT_READMISSION_LOADED operator_live None controller NOT_APPLICABLE loaded_pid 1575686 sleep None head 4847 UPDATE 
C3 SUCCESSOR_LOADED operator_live True controller NOT_APPLICABLE loaded_pid 1656800 sleep None head 4334 UPDATE 
C4 CURRENT_READMISSION_LOADED operator_live None controller NOT_APPLICABLE loaded_pid 1625840 sleep None head 4233 UPDATE 
repo_reader WAITING_SAVED_BOUNDARY operator_live True controller NOT_APPLICABLE loaded_pid None sleep None head 5151 UPDATE 
/data/home/rohing/dream-state-orch/research_loop/workers/r179_context_survival_20260917/node5/ROLLOUT_METADATA_1789670931719841145.json
C2 SUCCESSOR_LOADED operator_live True controller CONTROLLER_TRANSFER_VERIFIED loaded_pid 1626817 sleep None head 4817 UPDATE 
C5 FAILED_CLOSED operator_live False controller TRANSFER_NOT_STARTED loaded_pid None sleep None head 4086 UPDATE boundary_wait_expired_original_left_running
pilot WAITING_SAVED_BOUNDARY operator_live True controller NOT_APPLICABLE loaded_pid None sleep None head 5539 UPDATE 
run1 WAITING_SAVED_BOUNDARY operator_live True controller NOT_APPLICABLE loaded_pid None sleep None head 5701 UPDATE 
C1 CURRENT_READMISSION_LOADED operator_live None controller NOT_APPLICABLE loaded_pid 1575686 sleep None head 4848 UPDATE 
C3 SUCCESSOR_LOADED operator_live True controller NOT_APPLICABLE loaded_pid 1656800 sleep None head 4335 UPDATE 
C4 CURRENT_READMISSION_LOADED operator_live None controller NOT_APPLICABLE loaded_pid 1625840 sleep None head 4234 UPDATE 
repo_reader WAITING_SAVED_BOUNDARY operator_live True controller NOT_APPLICABLE loaded_pid None sleep None head 5152 UPDATE 
/data/home/rohing/dream-state-orch/research_loop/workers/r179_context_survival_20260917/node5/ROLLOUT_METADATA_1789670963348675720.json
C2 SUCCESSOR_LOADED operator_live True controller CONTROLLER_TRANSFER_VERIFIED loaded_pid 1626817 sleep None head 4818 UPDATE 
C5 FAILED_CLOSED operator_live False controller TRANSFER_NOT_STARTED loaded_pid None sleep None head 4087 UPDATE boundary_wait_expired_original_left_running
pilot WAITING_SAVED_BOUNDARY operator_live True controller NOT_APPLICABLE loaded_pid None sleep None head 5540 UPDATE 
run1 WAITING_SAVED_BOUNDARY operator_live True controller NOT_APPLICABLE loaded_pid None sleep None head 5702 UPDATE 
C1 CURRENT_READMISSION_LOADED operator_live None controller NOT_APPLICABLE loaded_pid 1575686 sleep None head 4849 UPDATE 
C3 SUCCESSOR_LOADED operator_live True controller NOT_APPLICABLE loaded_pid 1656800 sleep None head 4335 UPDATE 
C4 CURRENT_READMISSION_LOADED operator_live None controller NOT_APPLICABLE loaded_pid 1625840 sleep None head 4235 UPDATE 
repo_reader WAITING_SAVED_BOUNDARY operator_live True controller NOT_APPLICABLE loaded_pid None sleep None head 5153 UPDATE 
/data/home/rohing/dream-state-orch/research_loop/workers/r179_context_survival_20260917/node5/ROLLOUT_METADATA_1789670994979569665.json
C2 SUCCESSOR_LOADED operator_live True controller CONTROLLER_TRANSFER_VERIFIED loaded_pid 1626817 sleep None head 4819 UPDATE 
C5 FAILED_CLOSED operator_live False controller TRANSFER_NOT_STARTED loaded_pid None sleep None head 4088 UPDATE boundary_wait_expired_original_left_running
pilot WAITING_SAVED_BOUNDARY operator_live True controller NOT_APPLICABLE loaded_pid None sleep None head 5541 UPDATE 
run1 WAITING_SAVED_BOUNDARY operator_live True controller NOT_APPLICABLE loaded_pid None sleep None head 5703 UPDATE 
C1 CURRENT_READMISSION_LOADED operator_live None controller NOT_APPLICABLE loaded_pid 1575686 sleep None head 4850 UPDATE 
C3 SUCCESSOR_LOADED operator_live True controller NOT_APPLICABLE loaded_pid 1656800 sleep None head 4336 UPDATE 
C4 CURRENT_READMISSION_LOADED operator_live None controller NOT_APPLICABLE loaded_pid 1625840 sleep None head 4236 UPDATE 
repo_reader WAITING_SAVED_BOUNDARY operator_live True controller NOT_APPLICABLE loaded_pid None sleep None head 5153 UPDATE 
/data/home/rohing/dream-state-orch/research_loop/workers/r179_context_survival_20260917/node5/ROLLOUT_METADATA_1789671026764615852.json
C2 SUCCESSOR_LOADED operator_live True controller CONTROLLER_TRANSFER_VERIFIED loaded_pid 1626817 sleep None head 4820 UPDATE 
C5 FAILED_CLOSED operator_live False controller TRANSFER_NOT_STARTED loaded_pid None sleep None head 4088 UPDATE boundary_wait_expired_original_left_running
pilot WAITING_SAVED_BOUNDARY operator_live True controller NOT_APPLICABLE loaded_pid None sleep None head 5541 UPDATE 
run1 WAITING_SAVED_BOUNDARY operator_live True controller NOT_APPLICABLE loaded_pid None sleep None head 5703 UPDATE 
C1 CURRENT_READMISSION_LOADED operator_live None controller NOT_APPLICABLE loaded_pid 1575686 sleep None head 4851 UPDATE 
C3 SUCCESSOR_LOADED operator_live True controller NOT_APPLICABLE loaded_pid 1656800 sleep None head 4337 UPDATE 
C4 CURRENT_READMISSION_LOADED operator_live None controller NOT_APPLICABLE loaded_pid 1625840 sleep None head 4237 UPDATE 
repo_reader WAITING_SAVED_BOUNDARY operator_live True controller NOT_APPLICABLE loaded_pid None sleep None head 5154 UPDATE 
/data/home/rohing/dream-state-orch/research_loop/workers/r179_context_survival_20260917/node5/ROLLOUT_METADATA_1789671058627067478.json
C2 SUCCESSOR_LOADED operator_live True controller CONTROLLER_TRANSFER_VERIFIED loaded_pid 1626817 sleep None head 4821 UPDATE 
C5 FAILED_CLOSED operator_live False controller TRANSFER_NOT_STARTED loaded_pid None sleep None head 4089 UPDATE boundary_wait_expired_original_left_running
pilot WAITING_SAVED_BOUNDARY operator_live True controller NOT_APPLICABLE loaded_pid None sleep None head 5542 UPDATE 
run1 WAITING_SAVED_BOUNDARY operator_live True controller NOT_APPLICABLE loaded_pid None sleep None head 5704 UPDATE 
C1 CURRENT_READMISSION_LOADED operator_live None controller NOT_APPLICABLE loaded_pid 1575686 sleep None head 4852 UPDATE 
C3 SUCCESSOR_LOADED operator_live True controller NOT_APPLICABLE loaded_pid 1656800 sleep None head 4338 UPDATE 
C4 CURRENT_READMISSION_LOADED operator_live None controller NOT_APPLICABLE loaded_pid 1625840 sleep None head 4237 UPDATE 
repo_reader WAITING_SAVED_BOUNDARY operator_live True controller NOT_APPLICABLE loaded_pid None sleep None head 5155 UPDATE 
/data/home/rohing/dream-state-orch/research_loop/workers/r179_context_survival_20260917/node5/ROLLOUT_METADATA_1789671090350875719.json
C2 SUCCESSOR_LOADED operator_live True controller CONTROLLER_TRANSFER_VERIFIED loaded_pid 1626817 sleep None head 4822 UPDATE 
C5 FAILED_CLOSED operator_live False controller TRANSFER_NOT_STARTED loaded_pid None sleep None head 4090 UPDATE boundary_wait_expired_original_left_running
pilot WAITING_SAVED_BOUNDARY operator_live True controller NOT_APPLICABLE loaded_pid None sleep None head 5543 UPDATE 
run1 WAITING_SAVED_BOUNDARY operator_live True controller NOT_APPLICABLE loaded_pid None sleep None head 5705 UPDATE 
C1 CURRENT_READMISSION_LOADED operator_live None controller NOT_APPLICABLE loaded_pid 1575686 sleep None head 4853 UPDATE 
C3 SUCCESSOR_LOADED operator_live True controller NOT_APPLICABLE loaded_pid 1656800 sleep None head 4339 UPDATE 
C4 CURRENT_READMISSION_LOADED operator_live None controller NOT_APPLICABLE loaded_pid 1625840 sleep None head 4238 UPDATE 
repo_reader WAITING_SAVED_BOUNDARY operator_live True controller NOT_APPLICABLE loaded_pid None sleep None head 5156 UPDATE 
/data/home/rohing/dream-state-orch/research_loop/workers/r179_context_survival_20260917/node5/ROLLOUT_METADATA_1789671121971640089.json
C2 SUCCESSOR_LOADED operator_live True controller CONTROLLER_TRANSFER_VERIFIED loaded_pid 1626817 sleep None head 4823 UPDATE 
C5 FAILED_CLOSED operator_live False controller TRANSFER_NOT_STARTED loaded_pid None sleep None head 4091 UPDATE boundary_wait_expired_original_left_running
pilot WAITING_SAVED_BOUNDARY operator_live True controller NOT_APPLICABLE loaded_pid None sleep None head 5543 UPDATE 
run1 WAITING_SAVED_BOUNDARY operator_live True controller NOT_APPLICABLE loaded_pid None sleep None head 5705 UPDATE 
C1 CURRENT_READMISSION_LOADED operator_live None controller NOT_APPLICABLE loaded_pid 1575686 sleep None head 4854 UPDATE 
C3 SUCCESSOR_LOADED operator_live True controller NOT_APPLICABLE loaded_pid 1656800 sleep None head 4340 UPDATE 
C4 CURRENT_READMISSION_LOADED operator_live None controller NOT_APPLICABLE loaded_pid 1625840 sleep None head 4239 UPDATE 
repo_reader WAITING_SAVED_BOUNDARY operator_live True controller NOT_APPLICABLE loaded_pid None sleep None head 5156 UPDATE 
/data/home/rohing/dream-state-orch/research_loop/workers/r179_context_survival_20260917/node5/ROLLOUT_METADATA_1789671153619533079.json
C2 SUCCESSOR_LOADED operator_live True controller CONTROLLER_TRANSFER_VERIFIED loaded_pid 1626817 sleep None head 4824 UPDATE 
C5 FAILED_CLOSED operator_live False controller TRANSFER_NOT_STARTED loaded_pid None sleep None head 4092 UPDATE boundary_wait_expired_original_left_running
pilot WAITING_SAVED_BOUNDARY operator_live True controller NOT_APPLICABLE loaded_pid None sleep None head 5544 UPDATE 
run1 WAITING_SAVED_BOUNDARY operator_live True controller NOT_APPLICABLE loaded_pid None sleep None head 5706 UPDATE 
C1 CURRENT_READMISSION_LOADED operator_live None controller NOT_APPLICABLE loaded_pid 1575686 sleep None head 4855 UPDATE 
C3 SUCCESSOR_LOADED operator_live True controller NOT_APPLICABLE loaded_pid 1656800 sleep None head 4341 UPDATE 
C4 CURRENT_READMISSION_LOADED operator_live None controller NOT_APPLICABLE loaded_pid 1625840 sleep None head 4240 UPDATE 
repo_reader WAITING_SAVED_BOUNDARY operator_live True controller NOT_APPLICABLE loaded_pid None sleep None head 5157 UPDATE 
/data/home/rohing/dream-state-orch/research_loop/workers/r179_context_survival_20260917/node5/ROLLOUT_METADATA_1789671185521690316.json
C2 SUCCESSOR_LOADED operator_live True controller CONTROLLER_TRANSFER_VERIFIED loaded_pid 1626817 sleep None head 4825 UPDATE 
C5 FAILED_CLOSED operator_live False controller TRANSFER_NOT_STARTED loaded_pid None sleep None head 4093 UPDATE boundary_wait_expired_original_left_running
pilot WAITING_SAVED_BOUNDARY operator_live True controller NOT_APPLICABLE loaded_pid None sleep None head 5545 UPDATE 
run1 WAITING_SAVED_BOUNDARY operator_live True controller NOT_APPLICABLE loaded_pid None sleep None head 5707 UPDATE 
C1 CURRENT_READMISSION_LOADED operator_live None controller NOT_APPLICABLE loaded_pid 1575686 sleep None head 4856 UPDATE 
C3 SUCCESSOR_LOADED operator_live True controller NOT_APPLICABLE loaded_pid 1656800 sleep None head 4341 UPDATE 
C4 CURRENT_READMISSION_LOADED operator_live None controller NOT_APPLICABLE loaded_pid 1625840 sleep None head 4241 UPDATE 
repo_reader WAITING_SAVED_BOUNDARY operator_live True controller NOT_APPLICABLE loaded_pid None sleep None head 5158 UPDATE 
/data/home/rohing/dream-state-orch/research_loop/workers/r179_context_survival_20260917/node5/ROLLOUT_METADATA_1789671217378184366.json
C2 SUCCESSOR_LOADED operator_live True controller CONTROLLER_TRANSFER_VERIFIED loaded_pid 1626817 sleep None head 4826 UPDATE 
C5 FAILED_CLOSED operator_live False controller TRANSFER_NOT_STARTED loaded_pid None sleep None head 4094 UPDATE boundary_wait_expired_original_left_running
pilot WAITING_SAVED_BOUNDARY operator_live True controller NOT_APPLICABLE loaded_pid None sleep None head 5545 UPDATE 
run1 WAITING_SAVED_BOUNDARY operator_live True controller NOT_APPLICABLE loaded_pid None sleep None head 5707 UPDATE 
C1 CURRENT_READMISSION_LOADED operator_live None controller NOT_APPLICABLE loaded_pid 1575686 sleep None head 4857 UPDATE 
C3 SUCCESSOR_LOADED operator_live True controller NOT_APPLICABLE loaded_pid 1656800 sleep None head 4342 UPDATE 
C4 CURRENT_READMISSION_LOADED operator_live None controller NOT_APPLICABLE loaded_pid 1625840 sleep None head 4242 UPDATE 
repo_reader WAITING_SAVED_BOUNDARY operator_live True controller NOT_APPLICABLE loaded_pid None sleep None head 5158 UPDATE 
/data/home/rohing/dream-state-orch/research_loop/workers/r179_context_survival_20260917/node5/ROLLOUT_METADATA_1789671249168647632.json
C2 SUCCESSOR_LOADED operator_live True controller CONTROLLER_TRANSFER_VERIFIED loaded_pid 1626817 sleep None head 4827 UPDATE 
C5 FAILED_CLOSED operator_live False controller TRANSFER_NOT_STARTED loaded_pid None sleep None head 4095 UPDATE boundary_wait_expired_original_left_running
pilot WAITING_SAVED_BOUNDARY operator_live True controller NOT_APPLICABLE loaded_pid None sleep None head 5546 UPDATE 
run1 WAITING_SAVED_BOUNDARY operator_live True controller NOT_APPLICABLE loaded_pid None sleep None head 5708 UPDATE 
C1 CURRENT_READMISSION_LOADED operator_live None controller NOT_APPLICABLE loaded_pid 1575686 sleep None head 4858 UPDATE 
C3 SUCCESSOR_LOADED operator_live True controller NOT_APPLICABLE loaded_pid 1656800 sleep None head 4343 UPDATE 
C4 CURRENT_READMISSION_LOADED operator_live None controller NOT_APPLICABLE loaded_pid 1625840 sleep None head 4243 UPDATE 
repo_reader WAITING_SAVED_BOUNDARY operator_live True controller NOT_APPLICABLE loaded_pid None sleep None head 5159 UPDATE 
/data/home/rohing/dream-state-orch/research_loop/workers/r179_context_survival_20260917/node5/ROLLOUT_METADATA_1789671280838723641.json
C2 SUCCESSOR_LOADED operator_live True controller CONTROLLER_TRANSFER_VERIFIED loaded_pid 1626817 sleep None head 4828 UPDATE 
C5 FAILED_CLOSED operator_live False controller TRANSFER_NOT_STARTED loaded_pid None sleep None head 4096 UPDATE boundary_wait_expired_original_left_running
pilot WAITING_SAVED_BOUNDARY operator_live True controller NOT_APPLICABLE loaded_pid None sleep None head 5547 UPDATE 
run1 WAITING_SAVED_BOUNDARY operator_live True controller NOT_APPLICABLE loaded_pid None sleep None head 5708 UPDATE 
C1 CURRENT_READMISSION_LOADED operator_live None controller NOT_APPLICABLE loaded_pid 1575686 sleep None head 4859 UPDATE 
C3 SUCCESSOR_LOADED operator_live True controller NOT_APPLICABLE loaded_pid 1656800 sleep None head 4344 UPDATE 
C4 CURRENT_READMISSION_LOADED operator_live None controller NOT_APPLICABLE loaded_pid 1625840 sleep None head 4243 UPDATE 
repo_reader WAITING_SAVED_BOUNDARY operator_live True controller NOT_APPLICABLE loaded_pid None sleep None head 5160 UPDATE 
/data/home/rohing/dream-state-orch/research_loop/workers/r179_context_survival_20260917/node5/ROLLOUT_METADATA_1789671312478193162.json
C2 SUCCESSOR_LOADED operator_live True controller CONTROLLER_TRANSFER_VERIFIED loaded_pid 1626817 sleep None head 4829 UPDATE 
C5 FAILED_CLOSED operator_live False controller TRANSFER_NOT_STARTED loaded_pid None sleep None head 4096 UPDATE boundary_wait_expired_original_left_running
pilot WAITING_SAVED_BOUNDARY operator_live True controller NOT_APPLICABLE loaded_pid None sleep None head 5547 UPDATE 
run1 WAITING_SAVED_BOUNDARY operator_live True controller NOT_APPLICABLE loaded_pid None sleep None head 5709 UPDATE 
C1 CURRENT_READMISSION_LOADED operator_live None controller NOT_APPLICABLE loaded_pid 1575686 sleep None head 4860 UPDATE 
C3 SUCCESSOR_LOADED operator_live True controller NOT_APPLICABLE loaded_pid 1656800 sleep None head 4345 UPDATE 
C4 CURRENT_READMISSION_LOADED operator_live None controller NOT_APPLICABLE loaded_pid 1625840 sleep None head 4244 UPDATE 
repo_reader WAITING_SAVED_BOUNDARY operator_live True controller NOT_APPLICABLE loaded_pid None sleep None head 5160 UPDATE 
/data/home/rohing/dream-state-orch/research_loop/workers/r179_context_survival_20260917/node5/ROLLOUT_METADATA_1789671344427118131.json
C2 SUCCESSOR_LOADED operator_live True controller CONTROLLER_TRANSFER_VERIFIED loaded_pid 1626817 sleep None head 4830 UPDATE 
C5 FAILED_CLOSED operator_live False controller TRANSFER_NOT_STARTED loaded_pid None sleep None head 4097 UPDATE boundary_wait_expired_original_left_running
pilot WAITING_SAVED_BOUNDARY operator_live True controller NOT_APPLICABLE loaded_pid None sleep None head 5548 UPDATE 
run1 WAITING_SAVED_BOUNDARY operator_live True controller NOT_APPLICABLE loaded_pid None sleep None head 5710 UPDATE 
C1 CURRENT_READMISSION_LOADED operator_live None controller NOT_APPLICABLE loaded_pid 1575686 sleep None head 4861 UPDATE 
C3 SUCCESSOR_LOADED operator_live True controller NOT_APPLICABLE loaded_pid 1656800 sleep None head 4346 UPDATE 
C4 CURRENT_READMISSION_LOADED operator_live None controller NOT_APPLICABLE loaded_pid 1625840 sleep None head 4245 UPDATE 
repo_reader WAITING_SAVED_BOUNDARY operator_live True controller NOT_APPLICABLE loaded_pid None sleep None head 5161 UPDATE 
/data/home/rohing/dream-state-orch/research_loop/workers/r179_context_survival_20260917/node5/ROLLOUT_METADATA_1789671376148085338.json
C2 SUCCESSOR_LOADED operator_live True controller CONTROLLER_TRANSFER_VERIFIED loaded_pid 1626817 sleep None head 4831 UPDATE 
C5 FAILED_CLOSED operator_live False controller TRANSFER_NOT_STARTED loaded_pid None sleep None head 4098 UPDATE boundary_wait_expired_original_left_running
pilot WAITING_SAVED_BOUNDARY operator_live True controller NOT_APPLICABLE loaded_pid None sleep None head 5549 UPDATE 
run1 WAITING_SAVED_BOUNDARY operator_live True controller NOT_APPLICABLE loaded_pid None sleep None head 5710 UPDATE 
C1 CURRENT_READMISSION_LOADED operator_live None controller NOT_APPLICABLE loaded_pid 1575686 sleep None head 4862 UPDATE 
C3 SUCCESSOR_LOADED operator_live True controller NOT_APPLICABLE loaded_pid 1656800 sleep None head 4347 UPDATE 
C4 CURRENT_READMISSION_LOADED operator_live None controller NOT_APPLICABLE loaded_pid 1625840 sleep None head 4246 UPDATE 
repo_reader WAITING_SAVED_BOUNDARY operator_live True controller NOT_APPLICABLE loaded_pid None sleep None head 5162 UPDATE 
/data/home/rohing/dream-state-orch/research_loop/workers/r179_context_survival_20260917/node5/ROLLOUT_METADATA_1789671407867839386.json
C2 SUCCESSOR_LOADED operator_live True controller CONTROLLER_TRANSFER_VERIFIED loaded_pid 1626817 sleep None head 4832 UPDATE 
C5 FAILED_CLOSED operator_live False controller TRANSFER_NOT_STARTED loaded_pid None sleep None head 4099 UPDATE boundary_wait_expired_original_left_running
pilot WAITING_SAVED_BOUNDARY operator_live True controller NOT_APPLICABLE loaded_pid None sleep None head 5549 UPDATE 
run1 WAITING_SAVED_BOUNDARY operator_live True controller NOT_APPLICABLE loaded_pid None sleep None head 5711 UPDATE 
C1 CURRENT_READMISSION_LOADED operator_live None controller NOT_APPLICABLE loaded_pid 1575686 sleep None head 4863 UPDATE 
C3 SUCCESSOR_LOADED operator_live True controller NOT_APPLICABLE loaded_pid 1656800 sleep None head 4348 UPDATE 
C4 CURRENT_READMISSION_LOADED operator_live None controller NOT_APPLICABLE loaded_pid 1625840 sleep None head 4247 UPDATE 
repo_reader WAITING_SAVED_BOUNDARY operator_live True controller NOT_APPLICABLE loaded_pid None sleep None head 5163 UPDATE 
/data/home/rohing/dream-state-orch/research_loop/workers/r179_context_survival_20260917/node5/ROLLOUT_METADATA_1789671439856154512.json
C2 SUCCESSOR_LOADED operator_live True controller CONTROLLER_TRANSFER_VERIFIED loaded_pid 1626817 sleep None head 4833 UPDATE 
C5 FAILED_CLOSED operator_live False controller TRANSFER_NOT_STARTED loaded_pid None sleep None head 4100 UPDATE boundary_wait_expired_original_left_running
pilot WAITING_SAVED_BOUNDARY operator_live True controller NOT_APPLICABLE loaded_pid None sleep None head 5550 UPDATE 
run1 WAITING_SAVED_BOUNDARY operator_live True controller NOT_APPLICABLE loaded_pid None sleep None head 5712 UPDATE 
C1 CURRENT_READMISSION_LOADED operator_live None controller NOT_APPLICABLE loaded_pid 1575686 sleep None head 4864 UPDATE 
C3 SUCCESSOR_LOADED operator_live True controller NOT_APPLICABLE loaded_pid 1656800 sleep None head 4348 UPDATE 
C4 CURRENT_READMISSION_LOADED operator_live None controller NOT_APPLICABLE loaded_pid 1625840 sleep None head 4248 UPDATE 
repo_reader WAITING_SAVED_BOUNDARY operator_live True controller NOT_APPLICABLE loaded_pid None sleep None head 5163 UPDATE 
/data/home/rohing/dream-state-orch/research_loop/workers/r179_context_survival_20260917/node5/ROLLOUT_METADATA_1789671471641376911.json
C2 SUCCESSOR_LOADED operator_live True controller CONTROLLER_TRANSFER_VERIFIED loaded_pid 1626817 sleep None head 4834 UPDATE 
C5 FAILED_CLOSED operator_live False controller TRANSFER_NOT_STARTED loaded_pid None sleep None head 4101 UPDATE boundary_wait_expired_original_left_running
pilot WAITING_SAVED_BOUNDARY operator_live True controller NOT_APPLICABLE loaded_pid None sleep None head 5551 UPDATE 
run1 WAITING_SAVED_BOUNDARY operator_live True controller NOT_APPLICABLE loaded_pid None sleep None head 5712 UPDATE 
C1 CURRENT_READMISSION_LOADED operator_live None controller NOT_APPLICABLE loaded_pid 1575686 sleep None head 4865 UPDATE 
C3 SUCCESSOR_LOADED operator_live True controller NOT_APPLICABLE loaded_pid 1656800 sleep None head 4349 UPDATE 
C4 CURRENT_READMISSION_LOADED operator_live None controller NOT_APPLICABLE loaded_pid 1625840 sleep None head 4249 UPDATE 
repo_reader WAITING_SAVED_BOUNDARY operator_live True controller NOT_APPLICABLE loaded_pid None sleep None head 5164 UPDATE 
/data/home/rohing/dream-state-orch/research_loop/workers/r179_context_survival_20260917/node5/ROLLOUT_METADATA_1789671503420545009.json
C2 SUCCESSOR_LOADED operator_live True controller CONTROLLER_TRANSFER_VERIFIED loaded_pid 1626817 sleep None head 4835 UPDATE 
C5 FAILED_CLOSED operator_live False controller TRANSFER_NOT_STARTED loaded_pid None sleep None head 4102 UPDATE boundary_wait_expired_original_left_running
pilot WAITING_SAVED_BOUNDARY operator_live True controller NOT_APPLICABLE loaded_pid None sleep None head 5551 UPDATE 
run1 WAITING_SAVED_BOUNDARY operator_live True controller NOT_APPLICABLE loaded_pid None sleep None head 5713 UPDATE 
C1 CURRENT_READMISSION_LOADED operator_live None controller NOT_APPLICABLE loaded_pid 1575686 sleep None head 4866 UPDATE 
C3 SUCCESSOR_LOADED operator_live True controller NOT_APPLICABLE loaded_pid 1656800 sleep None head 4350 UPDATE 
C4 CURRENT_READMISSION_LOADED operator_live None controller NOT_APPLICABLE loaded_pid 1625840 sleep None head 4250 UPDATE 
repo_reader WAITING_SAVED_BOUNDARY operator_live True controller NOT_APPLICABLE loaded_pid None sleep None head 5165 UPDATE 
/data/home/rohing/dream-state-orch/research_loop/workers/r179_context_survival_20260917/node5/ROLLOUT_METADATA_1789671535366897523.json
C2 SUCCESSOR_LOADED operator_live True controller CONTROLLER_TRANSFER_VERIFIED loaded_pid 1626817 sleep None head 4835 UPDATE 
C5 FAILED_CLOSED operator_live False controller TRANSFER_NOT_STARTED loaded_pid None sleep None head 4103 UPDATE boundary_wait_expired_original_left_running
pilot WAITING_SAVED_BOUNDARY operator_live True controller NOT_APPLICABLE loaded_pid None sleep None head 5552 UPDATE 
run1 WAITING_SAVED_BOUNDARY operator_live True controller NOT_APPLICABLE loaded_pid None sleep None head 5713 UPDATE 
C1 CURRENT_READMISSION_LOADED operator_live None controller NOT_APPLICABLE loaded_pid 1575686 sleep None head 4867 UPDATE 
C3 SUCCESSOR_LOADED operator_live True controller NOT_APPLICABLE loaded_pid 1656800 sleep None head 4351 UPDATE 
C4 CURRENT_READMISSION_LOADED operator_live None controller NOT_APPLICABLE loaded_pid 1625840 sleep None head 4251 UPDATE 
repo_reader WAITING_SAVED_BOUNDARY operator_live True controller NOT_APPLICABLE loaded_pid None sleep None head 5165 UPDATE 
/data/home/rohing/dream-state-orch/research_loop/workers/r179_context_survival_20260917/node5/ROLLOUT_METADATA_1789671567054536479.json
C2 SUCCESSOR_LOADED operator_live True controller CONTROLLER_TRANSFER_VERIFIED loaded_pid 1626817 sleep None head 4836 UPDATE 
C5 FAILED_CLOSED operator_live False controller TRANSFER_NOT_STARTED loaded_pid None sleep None head 4104 UPDATE boundary_wait_expired_original_left_running
pilot WAITING_SAVED_BOUNDARY operator_live True controller NOT_APPLICABLE loaded_pid None sleep None head 5553 UPDATE 
run1 WAITING_SAVED_BOUNDARY operator_live True controller NOT_APPLICABLE loaded_pid None sleep None head 5714 UPDATE 
C1 CURRENT_READMISSION_LOADED operator_live None controller NOT_APPLICABLE loaded_pid 1575686 sleep None head 4868 UPDATE 
C3 SUCCESSOR_LOADED operator_live True controller NOT_APPLICABLE loaded_pid 1656800 sleep None head 4352 UPDATE 
C4 CURRENT_READMISSION_LOADED operator_live None controller NOT_APPLICABLE loaded_pid 1625840 sleep None head 4252 UPDATE 
repo_reader WAITING_SAVED_BOUNDARY operator_live True controller NOT_APPLICABLE loaded_pid None sleep None head 5166 UPDATE 
/data/home/rohing/dream-state-orch/research_loop/workers/r179_context_survival_20260917/node5/ROLLOUT_METADATA_1789671598770971688.json
C2 SUCCESSOR_LOADED operator_live True controller CONTROLLER_TRANSFER_VERIFIED loaded_pid 1626817 sleep None head 4837 UPDATE 
C5 FAILED_CLOSED operator_live False controller TRANSFER_NOT_STARTED loaded_pid None sleep None head 4105 UPDATE boundary_wait_expired_original_left_running
pilot WAITING_SAVED_BOUNDARY operator_live True controller NOT_APPLICABLE loaded_pid None sleep None head 5553 UPDATE 
run1 WAITING_SAVED_BOUNDARY operator_live True controller NOT_APPLICABLE loaded_pid None sleep None head 5715 UPDATE 
C1 CURRENT_READMISSION_LOADED operator_live None controller NOT_APPLICABLE loaded_pid 1575686 sleep None head 4869 UPDATE 
C3 SUCCESSOR_LOADED operator_live True controller NOT_APPLICABLE loaded_pid 1656800 sleep None head 4353 UPDATE 
C4 CURRENT_READMISSION_LOADED operator_live None controller NOT_APPLICABLE loaded_pid 1625840 sleep None head 4252 UPDATE 
repo_reader WAITING_SAVED_BOUNDARY operator_live True controller NOT_APPLICABLE loaded_pid None sleep None head 5167 UPDATE 
/data/home/rohing/dream-state-orch/research_loop/workers/r179_context_survival_20260917/node5/ROLLOUT_METADATA_1789671630632944675.json
C2 SUCCESSOR_LOADED operator_live True controller CONTROLLER_TRANSFER_VERIFIED loaded_pid 1626817 sleep None head 4838 UPDATE 
C5 FAILED_CLOSED operator_live False controller TRANSFER_NOT_STARTED loaded_pid None sleep None head 4105 UPDATE boundary_wait_expired_original_left_running
pilot WAITING_SAVED_BOUNDARY operator_live True controller NOT_APPLICABLE loaded_pid None sleep None head 5554 UPDATE 
run1 WAITING_SAVED_BOUNDARY operator_live True controller NOT_APPLICABLE loaded_pid None sleep None head 5715 UPDATE 
C1 CURRENT_READMISSION_LOADED operator_live None controller NOT_APPLICABLE loaded_pid 1575686 sleep None head 4870 UPDATE 
C3 SUCCESSOR_LOADED operator_live True controller NOT_APPLICABLE loaded_pid 1656800 sleep None head 4354 UPDATE 
C4 CURRENT_READMISSION_LOADED operator_live None controller NOT_APPLICABLE loaded_pid 1625840 sleep None head 4253 UPDATE 
repo_reader WAITING_SAVED_BOUNDARY operator_live True controller NOT_APPLICABLE loaded_pid None sleep None head 5167 UPDATE 
/data/home/rohing/dream-state-orch/research_loop/workers/r179_context_survival_20260917/node5/ROLLOUT_METADATA_1789671662412917849.json
C2 SUCCESSOR_LOADED operator_live True controller CONTROLLER_TRANSFER_VERIFIED loaded_pid 1626817 sleep None head 4839 UPDATE 
C5 FAILED_CLOSED operator_live False controller TRANSFER_NOT_STARTED loaded_pid None sleep None head 4106 UPDATE boundary_wait_expired_original_left_running
pilot WAITING_SAVED_BOUNDARY operator_live True controller NOT_APPLICABLE loaded_pid None sleep None head 5555 UPDATE 
run1 WAITING_SAVED_BOUNDARY operator_live True controller NOT_APPLICABLE loaded_pid None sleep None head 5716 UPDATE 
C1 CURRENT_READMISSION_LOADED operator_live None controller NOT_APPLICABLE loaded_pid 1575686 sleep None head 4871 UPDATE 
C3 SUCCESSOR_LOADED operator_live True controller NOT_APPLICABLE loaded_pid 1656800 sleep None head 4354 UPDATE 
C4 CURRENT_READMISSION_LOADED operator_live None controller NOT_APPLICABLE loaded_pid 1625840 sleep None head 4254 UPDATE 
repo_reader WAITING_SAVED_BOUNDARY operator_live True controller NOT_APPLICABLE loaded_pid None sleep None head 5168 UPDATE 
/data/home/rohing/dream-state-orch/research_loop/workers/r179_context_survival_20260917/node5/ROLLOUT_METADATA_1789671694108504525.json
C2 SUCCESSOR_LOADED operator_live True controller CONTROLLER_TRANSFER_VERIFIED loaded_pid 1626817 sleep None head 4840 UPDATE 
C5 FAILED_CLOSED operator_live False controller TRANSFER_NOT_STARTED loaded_pid None sleep None head 4107 UPDATE boundary_wait_expired_original_left_running
pilot WAITING_SAVED_BOUNDARY operator_live True controller NOT_APPLICABLE loaded_pid None sleep None head 5556 UPDATE 
run1 WAITING_SAVED_BOUNDARY operator_live True controller NOT_APPLICABLE loaded_pid None sleep None head 5717 UPDATE 
C1 CURRENT_READMISSION_LOADED operator_live None controller NOT_APPLICABLE loaded_pid 1575686 sleep None head 4872 UPDATE 
C3 SUCCESSOR_LOADED operator_live True controller NOT_APPLICABLE loaded_pid 1656800 sleep None head 4355 UPDATE 
C4 CURRENT_READMISSION_LOADED operator_live None controller NOT_APPLICABLE loaded_pid 1625840 sleep None head 4255 UPDATE 
repo_reader WAITING_SAVED_BOUNDARY operator_live True controller NOT_APPLICABLE loaded_pid None sleep None head 5169 UPDATE 
/data/home/rohing/dream-state-orch/research_loop/workers/r179_context_survival_20260917/node5/ROLLOUT_METADATA_1789671726034965602.json
C2 SUCCESSOR_LOADED operator_live True controller CONTROLLER_TRANSFER_VERIFIED loaded_pid 1626817 sleep None head 4841 UPDATE 
C5 FAILED_CLOSED operator_live False controller TRANSFER_NOT_STARTED loaded_pid None sleep None head 4108 UPDATE boundary_wait_expired_original_left_running
pilot WAITING_SAVED_BOUNDARY operator_live True controller NOT_APPLICABLE loaded_pid None sleep None head 5556 UPDATE 
run1 WAITING_SAVED_BOUNDARY operator_live True controller NOT_APPLICABLE loaded_pid None sleep None head 5717 UPDATE 
C1 CURRENT_READMISSION_LOADED operator_live None controller NOT_APPLICABLE loaded_pid 1575686 sleep None head 4873 UPDATE 
C3 SUCCESSOR_LOADED operator_live True controller NOT_APPLICABLE loaded_pid 1656800 sleep None head 4356 UPDATE 
C4 CURRENT_READMISSION_LOADED operator_live None controller NOT_APPLICABLE loaded_pid 1625840 sleep None head 4256 UPDATE 
repo_reader WAITING_SAVED_BOUNDARY operator_live True controller NOT_APPLICABLE loaded_pid None sleep None head 5170 UPDATE 
/data/home/rohing/dream-state-orch/research_loop/workers/r179_context_survival_20260917/node5/ROLLOUT_METADATA_1789671757833010349.json
C2 SUCCESSOR_LOADED operator_live True controller CONTROLLER_TRANSFER_VERIFIED loaded_pid 1626817 sleep None head 4842 UPDATE 
C5 FAILED_CLOSED operator_live False controller TRANSFER_NOT_STARTED loaded_pid None sleep None head 4109 UPDATE boundary_wait_expired_original_left_running
pilot WAITING_SAVED_BOUNDARY operator_live True controller NOT_APPLICABLE loaded_pid None sleep None head 5557 UPDATE 
run1 WAITING_SAVED_BOUNDARY operator_live True controller NOT_APPLICABLE loaded_pid None sleep None head 5718 UPDATE 
C1 CURRENT_READMISSION_LOADED operator_live None controller NOT_APPLICABLE loaded_pid 1575686 sleep None head 4874 UPDATE 
C3 SUCCESSOR_LOADED operator_live True controller NOT_APPLICABLE loaded_pid 1656800 sleep None head 4357 UPDATE 
C4 CURRENT_READMISSION_LOADED operator_live None controller NOT_APPLICABLE loaded_pid 1625840 sleep None head 4257 UPDATE 
repo_reader WAITING_SAVED_BOUNDARY operator_live True controller NOT_APPLICABLE loaded_pid None sleep None head 5170 UPDATE 
/data/home/rohing/dream-state-orch/research_loop/workers/r179_context_survival_20260917/node5/ROLLOUT_METADATA_1789671789405569327.json
C2 SUCCESSOR_LOADED operator_live True controller CONTROLLER_TRANSFER_VERIFIED loaded_pid 1626817 sleep None head 4843 UPDATE 
C5 FAILED_CLOSED operator_live False controller TRANSFER_NOT_STARTED loaded_pid None sleep None head 4110 UPDATE boundary_wait_expired_original_left_running
pilot WAITING_SAVED_BOUNDARY operator_live True controller NOT_APPLICABLE loaded_pid None sleep None head 5558 UPDATE 
run1 WAITING_SAVED_BOUNDARY operator_live True controller NOT_APPLICABLE loaded_pid None sleep None head 5719 UPDATE 
C1 CURRENT_READMISSION_LOADED operator_live None controller NOT_APPLICABLE loaded_pid 1575686 sleep None head 4875 UPDATE 
C3 SUCCESSOR_LOADED operator_live True controller NOT_APPLICABLE loaded_pid 1656800 sleep None head 4358 UPDATE 
C4 CURRENT_READMISSION_LOADED operator_live None controller NOT_APPLICABLE loaded_pid 1625840 sleep None head 4258 UPDATE 
repo_reader WAITING_SAVED_BOUNDARY operator_live True controller NOT_APPLICABLE loaded_pid None sleep None head 5171 UPDATE 
/data/home/rohing/dream-state-orch/research_loop/workers/r179_context_survival_20260917/node5/ROLLOUT_METADATA_1789671821089383716.json
C2 SUCCESSOR_LOADED operator_live True controller CONTROLLER_TRANSFER_VERIFIED loaded_pid 1626817 sleep None head 4844 UPDATE 
C5 FAILED_CLOSED operator_live False controller TRANSFER_NOT_STARTED loaded_pid None sleep None head 4111 UPDATE boundary_wait_expired_original_left_running
pilot WAITING_SAVED_BOUNDARY operator_live True controller NOT_APPLICABLE loaded_pid None sleep None head 5558 UPDATE 
run1 WAITING_SAVED_BOUNDARY operator_live True controller NOT_APPLICABLE loaded_pid None sleep None head 5719 UPDATE 
C1 CURRENT_READMISSION_LOADED operator_live None controller NOT_APPLICABLE loaded_pid 1575686 sleep None head 4876 UPDATE 
C3 SUCCESSOR_LOADED operator_live True controller NOT_APPLICABLE loaded_pid 1656800 sleep None head 4359 UPDATE 
C4 CURRENT_READMISSION_LOADED operator_live None controller NOT_APPLICABLE loaded_pid 1625840 sleep None head 4259 UPDATE 
repo_reader WAITING_SAVED_BOUNDARY operator_live True controller NOT_APPLICABLE loaded_pid None sleep None head 5172 UPDATE 
/data/home/rohing/dream-state-orch/research_loop/workers/r179_context_survival_20260917/node5/ROLLOUT_METADATA_1789671852906290705.json
C2 SUCCESSOR_LOADED operator_live True controller CONTROLLER_TRANSFER_VERIFIED loaded_pid 1626817 sleep None head 4845 UPDATE 
C5 FAILED_CLOSED operator_live False controller TRANSFER_NOT_STARTED loaded_pid None sleep None head 4112 UPDATE boundary_wait_expired_original_left_running
pilot WAITING_SAVED_BOUNDARY operator_live True controller NOT_APPLICABLE loaded_pid None sleep None head 5559 UPDATE 
run1 WAITING_SAVED_BOUNDARY operator_live True controller NOT_APPLICABLE loaded_pid None sleep None head 5720 UPDATE 
C1 CURRENT_READMISSION_LOADED operator_live None controller NOT_APPLICABLE loaded_pid 1575686 sleep None head 4877 UPDATE 
C3 SUCCESSOR_LOADED operator_live True controller NOT_APPLICABLE loaded_pid 1656800 sleep None head 4360 UPDATE 
C4 CURRENT_READMISSION_LOADED operator_live None controller NOT_APPLICABLE loaded_pid 1625840 sleep None head 4259 UPDATE 
repo_reader WAITING_SAVED_BOUNDARY operator_live True controller NOT_APPLICABLE loaded_pid None sleep None head 5172 UPDATE 
/data/home/rohing/dream-state-orch/research_loop/workers/r179_context_survival_20260917/node5/ROLLOUT_METADATA_1789671884725844561.json
C2 SUCCESSOR_LOADED operator_live True controller CONTROLLER_TRANSFER_VERIFIED loaded_pid 1626817 sleep None head 4846 UPDATE 
C5 FAILED_CLOSED operator_live False controller TRANSFER_NOT_STARTED loaded_pid None sleep None head 4112 UPDATE boundary_wait_expired_original_left_running
pilot WAITING_SAVED_BOUNDARY operator_live True controller NOT_APPLICABLE loaded_pid None sleep None head 5560 UPDATE 
run1 WAITING_SAVED_BOUNDARY operator_live True controller NOT_APPLICABLE loaded_pid None sleep None head 5720 UPDATE 
C1 CURRENT_READMISSION_LOADED operator_live None controller NOT_APPLICABLE loaded_pid 1575686 sleep None head 4878 UPDATE 
C3 SUCCESSOR_LOADED operator_live True controller NOT_APPLICABLE loaded_pid 1656800 sleep None head 4360 UPDATE 
C4 CURRENT_READMISSION_LOADED operator_live None controller NOT_APPLICABLE loaded_pid 1625840 sleep None head 4260 UPDATE 
repo_reader WAITING_SAVED_BOUNDARY operator_live True controller NOT_APPLICABLE loaded_pid None sleep None head 5173 UPDATE 
/data/home/rohing/dream-state-orch/research_loop/workers/r179_context_survival_20260917/node5/ROLLOUT_METADATA_1789671916208227068.json
C2 SUCCESSOR_LOADED operator_live True controller CONTROLLER_TRANSFER_VERIFIED loaded_pid 1626817 sleep None head 4847 UPDATE 
C5 FAILED_CLOSED operator_live False controller TRANSFER_NOT_STARTED loaded_pid None sleep None head 4113 UPDATE boundary_wait_expired_original_left_running
pilot WAITING_SAVED_BOUNDARY operator_live True controller NOT_APPLICABLE loaded_pid None sleep None head 5560 UPDATE 
run1 WAITING_SAVED_BOUNDARY operator_live True controller NOT_APPLICABLE loaded_pid None sleep None head 5721 UPDATE 
C1 CURRENT_READMISSION_LOADED operator_live None controller NOT_APPLICABLE loaded_pid 1575686 sleep None head 4879 UPDATE 
C3 SUCCESSOR_LOADED operator_live True controller NOT_APPLICABLE loaded_pid 1656800 sleep None head 4361 UPDATE 
C4 CURRENT_READMISSION_LOADED operator_live None controller NOT_APPLICABLE loaded_pid 1625840 sleep None head 4261 UPDATE 
repo_reader WAITING_SAVED_BOUNDARY operator_live True controller NOT_APPLICABLE loaded_pid None sleep None head 5174 UPDATE 
/data/home/rohing/dream-state-orch/research_loop/workers/r179_context_survival_20260917/node5/ROLLOUT_METADATA_1789671948072317843.json
C2 SUCCESSOR_LOADED operator_live True controller CONTROLLER_TRANSFER_VERIFIED loaded_pid 1626817 sleep None head 4848 UPDATE 
C5 FAILED_CLOSED operator_live False controller TRANSFER_NOT_STARTED loaded_pid None sleep None head 4114 UPDATE boundary_wait_expired_original_left_running
pilot WAITING_SAVED_BOUNDARY operator_live True controller NOT_APPLICABLE loaded_pid None sleep None head 5561 UPDATE 
run1 WAITING_SAVED_BOUNDARY operator_live True controller NOT_APPLICABLE loaded_pid None sleep None head 5722 UPDATE 
C1 CURRENT_READMISSION_LOADED operator_live None controller NOT_APPLICABLE loaded_pid 1575686 sleep None head 4880 UPDATE 
C3 SUCCESSOR_LOADED operator_live True controller NOT_APPLICABLE loaded_pid 1656800 sleep None head 4362 UPDATE 
C4 CURRENT_READMISSION_LOADED operator_live None controller NOT_APPLICABLE loaded_pid 1625840 sleep None head 4262 UPDATE 
repo_reader WAITING_SAVED_BOUNDARY operator_live True controller NOT_APPLICABLE loaded_pid None sleep None head 5174 UPDATE 
/data/home/rohing/dream-state-orch/research_loop/workers/r179_context_survival_20260917/node5/ROLLOUT_METADATA_1789671979781331337.json
C2 SUCCESSOR_LOADED operator_live True controller CONTROLLER_TRANSFER_VERIFIED loaded_pid 1626817 sleep None head 4849 UPDATE 
C5 FAILED_CLOSED operator_live False controller TRANSFER_NOT_STARTED loaded_pid None sleep None head 4115 UPDATE boundary_wait_expired_original_left_running
pilot WAITING_SAVED_BOUNDARY operator_live True controller NOT_APPLICABLE loaded_pid None sleep None head 5562 UPDATE 
run1 WAITING_SAVED_BOUNDARY operator_live True controller NOT_APPLICABLE loaded_pid None sleep None head 5722 UPDATE 
C1 CURRENT_READMISSION_LOADED operator_live None controller NOT_APPLICABLE loaded_pid 1575686 sleep None head 4881 UPDATE 
C3 SUCCESSOR_LOADED operator_live True controller NOT_APPLICABLE loaded_pid 1656800 sleep None head 4363 UPDATE 
C4 CURRENT_READMISSION_LOADED operator_live None controller NOT_APPLICABLE loaded_pid 1625840 sleep None head 4263 UPDATE 
repo_reader WAITING_SAVED_BOUNDARY operator_live True controller NOT_APPLICABLE loaded_pid None sleep None head 5175 UPDATE 
/data/home/rohing/dream-state-orch/research_loop/workers/r179_context_survival_20260917/node5/ROLLOUT_METADATA_1789672011614031268.json
C2 SUCCESSOR_LOADED operator_live True controller CONTROLLER_TRANSFER_VERIFIED loaded_pid 1626817 sleep None head 4850 UPDATE 
C5 FAILED_CLOSED operator_live False controller TRANSFER_NOT_STARTED loaded_pid None sleep None head 4116 UPDATE boundary_wait_expired_original_left_running
pilot WAITING_SAVED_BOUNDARY operator_live True controller NOT_APPLICABLE loaded_pid None sleep None head 5562 UPDATE 
run1 WAITING_SAVED_BOUNDARY operator_live True controller NOT_APPLICABLE loaded_pid None sleep None head 5723 UPDATE 
C1 CURRENT_READMISSION_LOADED operator_live None controller NOT_APPLICABLE loaded_pid 1575686 sleep None head 4882 UPDATE 
C3 SUCCESSOR_LOADED operator_live True controller NOT_APPLICABLE loaded_pid 1656800 sleep None head 4364 UPDATE 
C4 CURRENT_READMISSION_LOADED operator_live None controller NOT_APPLICABLE loaded_pid 1625840 sleep None head 4264 UPDATE 
repo_reader WAITING_SAVED_BOUNDARY operator_live True controller NOT_APPLICABLE loaded_pid None sleep None head 5176 UPDATE 
/data/home/rohing/dream-state-orch/research_loop/workers/r179_context_survival_20260917/node5/ROLLOUT_METADATA_1789672043298015636.json
C2 SUCCESSOR_LOADED operator_live True controller CONTROLLER_TRANSFER_VERIFIED loaded_pid 1626817 sleep None head 4851 UPDATE 
C5 FAILED_CLOSED operator_live False controller TRANSFER_NOT_STARTED loaded_pid None sleep None head 4117 UPDATE boundary_wait_expired_original_left_running
pilot WAITING_SAVED_BOUNDARY operator_live True controller NOT_APPLICABLE loaded_pid None sleep None head 5563 UPDATE 
run1 WAITING_SAVED_BOUNDARY operator_live True controller NOT_APPLICABLE loaded_pid None sleep None head 5724 UPDATE 
C1 CURRENT_READMISSION_LOADED operator_live None controller NOT_APPLICABLE loaded_pid 1575686 sleep None head 4883 UPDATE 
C3 SUCCESSOR_LOADED operator_live True controller NOT_APPLICABLE loaded_pid 1656800 sleep None head 4365 UPDATE 
C4 CURRENT_READMISSION_LOADED operator_live None controller NOT_APPLICABLE loaded_pid 1625840 sleep None head 4265 UPDATE 
repo_reader WAITING_SAVED_BOUNDARY operator_live True controller NOT_APPLICABLE loaded_pid None sleep None head 5177 UPDATE 
/data/home/rohing/dream-state-orch/research_loop/workers/r179_context_survival_20260917/node5/ROLLOUT_METADATA_1789672074974157858.json
C2 SUCCESSOR_LOADED operator_live True controller CONTROLLER_TRANSFER_VERIFIED loaded_pid 1626817 sleep None head 4852 UPDATE 
C5 FAILED_CLOSED operator_live False controller TRANSFER_NOT_STARTED loaded_pid None sleep None head 4118 UPDATE boundary_wait_expired_original_left_running
pilot WAITING_SAVED_BOUNDARY operator_live True controller NOT_APPLICABLE loaded_pid None sleep None head 5564 UPDATE 
run1 WAITING_SAVED_BOUNDARY operator_live True controller NOT_APPLICABLE loaded_pid None sleep None head 5724 UPDATE 
C1 CURRENT_READMISSION_LOADED operator_live None controller NOT_APPLICABLE loaded_pid 1575686 sleep None head 4884 UPDATE 
C3 SUCCESSOR_LOADED operator_live True controller NOT_APPLICABLE loaded_pid 1656800 sleep None head 4366 UPDATE 
C4 CURRENT_READMISSION_LOADED operator_live None controller NOT_APPLICABLE loaded_pid 1625840 sleep None head 4266 UPDATE 
repo_reader WAITING_SAVED_BOUNDARY operator_live True controller NOT_APPLICABLE loaded_pid None sleep None head 5177 UPDATE 
/data/home/rohing/dream-state-orch/research_loop/workers/r179_context_survival_20260917/node5/ROLLOUT_METADATA_1789672106582016829.json
C2 SUCCESSOR_LOADED operator_live True controller CONTROLLER_TRANSFER_VERIFIED loaded_pid 1626817 sleep None head 4853 UPDATE 
C5 FAILED_CLOSED operator_live False controller TRANSFER_NOT_STARTED loaded_pid None sleep None head 4119 UPDATE boundary_wait_expired_original_left_running
pilot WAITING_SAVED_BOUNDARY operator_live True controller NOT_APPLICABLE loaded_pid None sleep None head 5564 UPDATE 
run1 WAITING_SAVED_BOUNDARY operator_live True controller NOT_APPLICABLE loaded_pid None sleep None head 5725 UPDATE 
C1 CURRENT_READMISSION_LOADED operator_live None controller NOT_APPLICABLE loaded_pid 1575686 sleep None head 4885 UPDATE 
C3 SUCCESSOR_LOADED operator_live True controller NOT_APPLICABLE loaded_pid 1656800 sleep None head 4367 UPDATE 
C4 CURRENT_READMISSION_LOADED operator_live None controller NOT_APPLICABLE loaded_pid 1625840 sleep None head 4267 UPDATE 
repo_reader WAITING_SAVED_BOUNDARY operator_live True controller NOT_APPLICABLE loaded_pid None sleep None head 5178 UPDATE 
/data/home/rohing/dream-state-orch/research_loop/workers/r179_context_survival_20260917/node5/ROLLOUT_METADATA_1789672138095839883.json
C2 SUCCESSOR_LOADED operator_live True controller CONTROLLER_TRANSFER_VERIFIED loaded_pid 1626817 sleep None head 4854 UPDATE 
C5 FAILED_CLOSED operator_live False controller TRANSFER_NOT_STARTED loaded_pid None sleep None head 4120 UPDATE boundary_wait_expired_original_left_running
pilot WAITING_SAVED_BOUNDARY operator_live True controller NOT_APPLICABLE loaded_pid None sleep None head 5565 UPDATE 
run1 WAITING_SAVED_BOUNDARY operator_live True controller NOT_APPLICABLE loaded_pid None sleep None head 5726 UPDATE 
C1 CURRENT_READMISSION_LOADED operator_live None controller NOT_APPLICABLE loaded_pid 1575686 sleep None head 4886 UPDATE 
C3 SUCCESSOR_LOADED operator_live True controller NOT_APPLICABLE loaded_pid 1656800 sleep None head 4367 UPDATE 
C4 CURRENT_READMISSION_LOADED operator_live None controller NOT_APPLICABLE loaded_pid 1625840 sleep None head 4267 UPDATE 
repo_reader WAITING_SAVED_BOUNDARY operator_live True controller NOT_APPLICABLE loaded_pid None sleep None head 5179 UPDATE 
/data/home/rohing/dream-state-orch/research_loop/workers/r179_context_survival_20260917/node5/ROLLOUT_METADATA_1789672169884818316.json
C2 SUCCESSOR_LOADED operator_live True controller CONTROLLER_TRANSFER_VERIFIED loaded_pid 1626817 sleep None head 4855 UPDATE 
C5 FAILED_CLOSED operator_live False controller TRANSFER_NOT_STARTED loaded_pid None sleep None head 4121 UPDATE boundary_wait_expired_original_left_running
pilot WAITING_SAVED_BOUNDARY operator_live True controller NOT_APPLICABLE loaded_pid None sleep None head 5566 UPDATE 
run1 WAITING_SAVED_BOUNDARY operator_live True controller NOT_APPLICABLE loaded_pid None sleep None head 5726 UPDATE 
C1 CURRENT_READMISSION_LOADED operator_live None controller NOT_APPLICABLE loaded_pid 1575686 sleep None head 4887 UPDATE 
C3 SUCCESSOR_LOADED operator_live True controller NOT_APPLICABLE loaded_pid 1656800 sleep None head 4368 UPDATE 
C4 CURRENT_READMISSION_LOADED operator_live None controller NOT_APPLICABLE loaded_pid 1625840 sleep None head 4268 UPDATE 
repo_reader WAITING_SAVED_BOUNDARY operator_live True controller NOT_APPLICABLE loaded_pid None sleep None head 5179 UPDATE 
/data/home/rohing/dream-state-orch/research_loop/workers/r179_context_survival_20260917/node5/ROLLOUT_METADATA_1789672201558189610.json
C2 SUCCESSOR_LOADED operator_live True controller CONTROLLER_TRANSFER_VERIFIED loaded_pid 1626817 sleep None head 4856 UPDATE 
C5 FAILED_CLOSED operator_live False controller TRANSFER_NOT_STARTED loaded_pid None sleep None head 4121 UPDATE boundary_wait_expired_original_left_running
pilot WAITING_SAVED_BOUNDARY operator_live True controller NOT_APPLICABLE loaded_pid None sleep None head 5566 UPDATE 
run1 WAITING_SAVED_BOUNDARY operator_live True controller NOT_APPLICABLE loaded_pid None sleep None head 5727 UPDATE 
C1 CURRENT_READMISSION_LOADED operator_live None controller NOT_APPLICABLE loaded_pid 1575686 sleep None head 4888 UPDATE 
C3 SUCCESSOR_LOADED operator_live True controller NOT_APPLICABLE loaded_pid 1656800 sleep None head 4369 UPDATE 
C4 CURRENT_READMISSION_LOADED operator_live None controller NOT_APPLICABLE loaded_pid 1625840 sleep None head 4269 UPDATE 
repo_reader WAITING_SAVED_BOUNDARY operator_live True controller NOT_APPLICABLE loaded_pid None sleep None head 5180 UPDATE 
/data/home/rohing/dream-state-orch/research_loop/workers/r179_context_survival_20260917/node5/ROLLOUT_METADATA_1789672233141731603.json
C2 SUCCESSOR_LOADED operator_live True controller CONTROLLER_TRANSFER_VERIFIED loaded_pid 1626817 sleep None head 4857 UPDATE 
C5 FAILED_CLOSED operator_live False controller TRANSFER_NOT_STARTED loaded_pid None sleep None head 4122 UPDATE boundary_wait_expired_original_left_running
pilot WAITING_SAVED_BOUNDARY operator_live True controller NOT_APPLICABLE loaded_pid None sleep None head 5567 UPDATE 
run1 WAITING_SAVED_BOUNDARY operator_live True controller NOT_APPLICABLE loaded_pid None sleep None head 5727 UPDATE 
C1 CURRENT_READMISSION_LOADED operator_live None controller NOT_APPLICABLE loaded_pid 1575686 sleep None head 4889 UPDATE 
C3 SUCCESSOR_LOADED operator_live True controller NOT_APPLICABLE loaded_pid 1656800 sleep None head 4370 UPDATE 
C4 CURRENT_READMISSION_LOADED operator_live None controller NOT_APPLICABLE loaded_pid 1625840 sleep None head 4270 UPDATE 
repo_reader WAITING_SAVED_BOUNDARY operator_live True controller NOT_APPLICABLE loaded_pid None sleep None head 5181 UPDATE 
/data/home/rohing/dream-state-orch/research_loop/workers/r179_context_survival_20260917/node5/ROLLOUT_METADATA_1789672264851293171.json
C2 SUCCESSOR_LOADED operator_live True controller CONTROLLER_TRANSFER_VERIFIED loaded_pid 1626817 sleep None head 4857 UPDATE 
C5 FAILED_CLOSED operator_live False controller TRANSFER_NOT_STARTED loaded_pid None sleep None head 4123 UPDATE boundary_wait_expired_original_left_running
pilot WAITING_SAVED_BOUNDARY operator_live True controller NOT_APPLICABLE loaded_pid None sleep None head 5568 UPDATE 
run1 WAITING_SAVED_BOUNDARY operator_live True controller NOT_APPLICABLE loaded_pid None sleep None head 5728 UPDATE 
C1 CURRENT_READMISSION_LOADED operator_live None controller NOT_APPLICABLE loaded_pid 1575686 sleep None head 4890 UPDATE 
C3 SUCCESSOR_LOADED operator_live True controller NOT_APPLICABLE loaded_pid 1656800 sleep None head 4371 UPDATE 
C4 CURRENT_READMISSION_LOADED operator_live None controller NOT_APPLICABLE loaded_pid 1625840 sleep None head 4271 UPDATE 
repo_reader WAITING_SAVED_BOUNDARY operator_live True controller NOT_APPLICABLE loaded_pid None sleep None head 5181 UPDATE 
/data/home/rohing/dream-state-orch/research_loop/workers/r179_context_survival_20260917/node5/ROLLOUT_METADATA_1789672296871010565.json
C2 SUCCESSOR_LOADED operator_live True controller CONTROLLER_TRANSFER_VERIFIED loaded_pid 1626817 sleep None head 4858 UPDATE 
C5 FAILED_CLOSED operator_live False controller TRANSFER_NOT_STARTED loaded_pid None sleep None head 4124 UPDATE boundary_wait_expired_original_left_running
pilot WAITING_SAVED_BOUNDARY operator_live True controller NOT_APPLICABLE loaded_pid None sleep None head 5568 UPDATE 
run1 WAITING_SAVED_BOUNDARY operator_live True controller NOT_APPLICABLE loaded_pid None sleep None head 5729 UPDATE 
C1 CURRENT_READMISSION_LOADED operator_live None controller NOT_APPLICABLE loaded_pid 1575686 sleep None head 4891 UPDATE 
C3 SUCCESSOR_LOADED operator_live True controller NOT_APPLICABLE loaded_pid 1656800 sleep None head 4372 UPDATE 
C4 CURRENT_READMISSION_LOADED operator_live None controller NOT_APPLICABLE loaded_pid 1625840 sleep None head 4272 UPDATE 
repo_reader WAITING_SAVED_BOUNDARY operator_live True controller NOT_APPLICABLE loaded_pid None sleep None head 5182 UPDATE 
/data/home/rohing/dream-state-orch/research_loop/workers/r179_context_survival_20260917/node5/ROLLOUT_METADATA_1789672328639943685.json
C2 SUCCESSOR_LOADED operator_live True controller CONTROLLER_TRANSFER_VERIFIED loaded_pid 1626817 sleep None head 4859 UPDATE 
C5 FAILED_CLOSED operator_live False controller TRANSFER_NOT_STARTED loaded_pid None sleep None head 4125 UPDATE boundary_wait_expired_original_left_running
pilot WAITING_SAVED_BOUNDARY operator_live True controller NOT_APPLICABLE loaded_pid None sleep None head 5569 UPDATE 
run1 WAITING_SAVED_BOUNDARY operator_live True controller NOT_APPLICABLE loaded_pid None sleep None head 5729 UPDATE 
C1 CURRENT_READMISSION_LOADED operator_live None controller NOT_APPLICABLE loaded_pid 1575686 sleep None head 4892 UPDATE 
C3 SUCCESSOR_LOADED operator_live True controller NOT_APPLICABLE loaded_pid 1656800 sleep None head 4373 UPDATE 
C4 CURRENT_READMISSION_LOADED operator_live None controller NOT_APPLICABLE loaded_pid 1625840 sleep None head 4273 UPDATE 
repo_reader WAITING_SAVED_BOUNDARY operator_live True controller NOT_APPLICABLE loaded_pid None sleep None head 5183 UPDATE 
/data/home/rohing/dream-state-orch/research_loop/workers/r179_context_survival_20260917/node5/ROLLOUT_METADATA_1789672360441108506.json
C2 SUCCESSOR_LOADED operator_live True controller CONTROLLER_TRANSFER_VERIFIED loaded_pid 1626817 sleep None head 4860 UPDATE 
C5 FAILED_CLOSED operator_live False controller TRANSFER_NOT_STARTED loaded_pid None sleep None head 4126 UPDATE boundary_wait_expired_original_left_running
pilot WAITING_SAVED_BOUNDARY operator_live True controller NOT_APPLICABLE loaded_pid None sleep None head 5570 UPDATE 
run1 WAITING_SAVED_BOUNDARY operator_live True controller NOT_APPLICABLE loaded_pid None sleep None head 5730 UPDATE 
C1 CURRENT_READMISSION_LOADED operator_live None controller NOT_APPLICABLE loaded_pid 1575686 sleep None head 4893 UPDATE 
C3 SUCCESSOR_LOADED operator_live True controller NOT_APPLICABLE loaded_pid 1656800 sleep None head 4374 UPDATE 
C4 CURRENT_READMISSION_LOADED operator_live None controller NOT_APPLICABLE loaded_pid 1625840 sleep None head 4274 UPDATE 
repo_reader WAITING_SAVED_BOUNDARY operator_live True controller NOT_APPLICABLE loaded_pid None sleep None head 5184 UPDATE 
/data/home/rohing/dream-state-orch/research_loop/workers/r179_context_survival_20260917/node5/ROLLOUT_METADATA_1789672392168124318.json
C2 SUCCESSOR_LOADED operator_live True controller CONTROLLER_TRANSFER_VERIFIED loaded_pid 1626817 sleep None head 4861 UPDATE 
C5 FAILED_CLOSED operator_live False controller TRANSFER_NOT_STARTED loaded_pid None sleep None head 4127 UPDATE boundary_wait_expired_original_left_running
pilot WAITING_SAVED_BOUNDARY operator_live True controller NOT_APPLICABLE loaded_pid None sleep None head 5571 UPDATE 
run1 WAITING_SAVED_BOUNDARY operator_live True controller NOT_APPLICABLE loaded_pid None sleep None head 5731 UPDATE 
C1 CURRENT_READMISSION_LOADED operator_live None controller NOT_APPLICABLE loaded_pid 1575686 sleep None head 4894 UPDATE 
C3 SUCCESSOR_LOADED operator_live True controller NOT_APPLICABLE loaded_pid 1656800 sleep None head 4374 UPDATE 
C4 CURRENT_READMISSION_LOADED operator_live None controller NOT_APPLICABLE loaded_pid 1625840 sleep None head 4274 UPDATE 
repo_reader WAITING_SAVED_BOUNDARY operator_live True controller NOT_APPLICABLE loaded_pid None sleep None head 5184 UPDATE 
/data/home/rohing/dream-state-orch/research_loop/workers/r179_context_survival_20260917/node5/ROLLOUT_METADATA_1789672424185586378.json
C2 SUCCESSOR_LOADED operator_live True controller CONTROLLER_TRANSFER_VERIFIED loaded_pid 1626817 sleep None head 4862 UPDATE 
C5 FAILED_CLOSED operator_live False controller TRANSFER_NOT_STARTED loaded_pid None sleep None head 4128 UPDATE boundary_wait_expired_original_left_running
pilot WAITING_SAVED_BOUNDARY operator_live True controller NOT_APPLICABLE loaded_pid None sleep None head 5571 UPDATE 
run1 WAITING_SAVED_BOUNDARY operator_live True controller NOT_APPLICABLE loaded_pid None sleep None head 5731 UPDATE 
C1 CURRENT_READMISSION_LOADED operator_live None controller NOT_APPLICABLE loaded_pid 1575686 sleep None head 4895 UPDATE 
C3 SUCCESSOR_LOADED operator_live True controller NOT_APPLICABLE loaded_pid 1656800 sleep None head 4375 UPDATE 
C4 CURRENT_READMISSION_LOADED operator_live None controller NOT_APPLICABLE loaded_pid 1625840 sleep None head 4275 UPDATE 
repo_reader WAITING_SAVED_BOUNDARY operator_live True controller NOT_APPLICABLE loaded_pid None sleep None head 5185 UPDATE 
/data/home/rohing/dream-state-orch/research_loop/workers/r179_context_survival_20260917/node5/ROLLOUT_METADATA_1789672455972682317.json
C2 SUCCESSOR_LOADED operator_live True controller CONTROLLER_TRANSFER_VERIFIED loaded_pid 1626817 sleep None head 4863 UPDATE 
C5 FAILED_CLOSED operator_live False controller TRANSFER_NOT_STARTED loaded_pid None sleep None head 4129 UPDATE boundary_wait_expired_original_left_running
pilot WAITING_SAVED_BOUNDARY operator_live True controller NOT_APPLICABLE loaded_pid None sleep None head 5572 UPDATE 
run1 WAITING_SAVED_BOUNDARY operator_live True controller NOT_APPLICABLE loaded_pid None sleep None head 5732 UPDATE 
C1 CURRENT_READMISSION_LOADED operator_live None controller NOT_APPLICABLE loaded_pid 1575686 sleep None head 4896 UPDATE 
C3 SUCCESSOR_LOADED operator_live True controller NOT_APPLICABLE loaded_pid 1656800 sleep None head 4376 UPDATE 
C4 CURRENT_READMISSION_LOADED operator_live None controller NOT_APPLICABLE loaded_pid 1625840 sleep None head 4276 UPDATE 
repo_reader WAITING_SAVED_BOUNDARY operator_live True controller NOT_APPLICABLE loaded_pid None sleep None head 5186 UPDATE 
/data/home/rohing/dream-state-orch/research_loop/workers/r179_context_survival_20260917/node5/ROLLOUT_METADATA_1789672487726939458.json
C2 SUCCESSOR_LOADED operator_live True controller CONTROLLER_TRANSFER_VERIFIED loaded_pid 1626817 sleep None head 4864 UPDATE 
C5 FAILED_CLOSED operator_live False controller TRANSFER_NOT_STARTED loaded_pid None sleep None head 4129 UPDATE boundary_wait_expired_original_left_running
pilot WAITING_SAVED_BOUNDARY operator_live True controller NOT_APPLICABLE loaded_pid None sleep None head 5573 UPDATE 
run1 WAITING_SAVED_BOUNDARY operator_live True controller NOT_APPLICABLE loaded_pid None sleep None head 5733 UPDATE 
C1 CURRENT_READMISSION_LOADED operator_live None controller NOT_APPLICABLE loaded_pid 1575686 sleep None head 4897 UPDATE 
C3 SUCCESSOR_LOADED operator_live True controller NOT_APPLICABLE loaded_pid 1656800 sleep None head 4377 UPDATE 
C4 CURRENT_READMISSION_LOADED operator_live None controller NOT_APPLICABLE loaded_pid 1625840 sleep None head 4277 UPDATE 
repo_reader WAITING_SAVED_BOUNDARY operator_live True controller NOT_APPLICABLE loaded_pid None sleep None head 5186 UPDATE 
/data/home/rohing/dream-state-orch/research_loop/workers/r179_context_survival_20260917/node5/ROLLOUT_METADATA_1789672519191814164.json
C2 SUCCESSOR_LOADED operator_live True controller CONTROLLER_TRANSFER_VERIFIED loaded_pid 1626817 sleep None head 4865 UPDATE 
C5 FAILED_CLOSED operator_live False controller TRANSFER_NOT_STARTED loaded_pid None sleep None head 4130 UPDATE boundary_wait_expired_original_left_running
pilot WAITING_SAVED_BOUNDARY operator_live True controller NOT_APPLICABLE loaded_pid None sleep None head 5573 UPDATE 
run1 WAITING_SAVED_BOUNDARY operator_live True controller NOT_APPLICABLE loaded_pid None sleep None head 5733 UPDATE 
C1 CURRENT_READMISSION_LOADED operator_live None controller NOT_APPLICABLE loaded_pid 1575686 sleep None head 4898 UPDATE 
C3 SUCCESSOR_LOADED operator_live True controller NOT_APPLICABLE loaded_pid 1656800 sleep None head 4378 UPDATE 
C4 CURRENT_READMISSION_LOADED operator_live None controller NOT_APPLICABLE loaded_pid 1625840 sleep None head 4278 UPDATE 
repo_reader WAITING_SAVED_BOUNDARY operator_live True controller NOT_APPLICABLE loaded_pid None sleep None head 5187 UPDATE 
/data/home/rohing/dream-state-orch/research_loop/workers/r179_context_survival_20260917/node5/ROLLOUT_METADATA_1789672551025444577.json
C2 SUCCESSOR_LOADED operator_live True controller CONTROLLER_TRANSFER_VERIFIED loaded_pid 1626817 sleep None head 4866 UPDATE 
C5 FAILED_CLOSED operator_live False controller TRANSFER_NOT_STARTED loaded_pid None sleep None head 4131 UPDATE boundary_wait_expired_original_left_running
pilot WAITING_SAVED_BOUNDARY operator_live True controller NOT_APPLICABLE loaded_pid None sleep None head 5574 UPDATE 
run1 WAITING_SAVED_BOUNDARY operator_live True controller NOT_APPLICABLE loaded_pid None sleep None head 5734 UPDATE 
C1 CURRENT_READMISSION_LOADED operator_live None controller NOT_APPLICABLE loaded_pid 1575686 sleep None head 4899 UPDATE 
C3 SUCCESSOR_LOADED operator_live True controller NOT_APPLICABLE loaded_pid 1656800 sleep None head 4379 UPDATE 
C4 CURRENT_READMISSION_LOADED operator_live None controller NOT_APPLICABLE loaded_pid 1625840 sleep None head 4279 UPDATE 
repo_reader WAITING_SAVED_BOUNDARY operator_live True controller NOT_APPLICABLE loaded_pid None sleep None head 5188 UPDATE 
/data/home/rohing/dream-state-orch/research_loop/workers/r179_context_survival_20260917/node5/ROLLOUT_METADATA_1789672582599131972.json
C2 SUCCESSOR_LOADED operator_live True controller CONTROLLER_TRANSFER_VERIFIED loaded_pid 1626817 sleep None head 4867 UPDATE 
C5 FAILED_CLOSED operator_live False controller TRANSFER_NOT_STARTED loaded_pid None sleep None head 4132 UPDATE boundary_wait_expired_original_left_running
pilot WAITING_SAVED_BOUNDARY operator_live True controller NOT_APPLICABLE loaded_pid None sleep None head 5575 UPDATE 
run1 WAITING_SAVED_BOUNDARY operator_live True controller NOT_APPLICABLE loaded_pid None sleep None head 5734 UPDATE 
C1 CURRENT_READMISSION_LOADED operator_live None controller NOT_APPLICABLE loaded_pid 1575686 sleep None head 4900 UPDATE 
C3 SUCCESSOR_LOADED operator_live True controller NOT_APPLICABLE loaded_pid 1656800 sleep None head 4380 UPDATE 
C4 CURRENT_READMISSION_LOADED operator_live None controller NOT_APPLICABLE loaded_pid 1625840 sleep None head 4280 UPDATE 
repo_reader WAITING_SAVED_BOUNDARY operator_live True controller NOT_APPLICABLE loaded_pid None sleep None head 5188 UPDATE 
/data/home/rohing/dream-state-orch/research_loop/workers/r179_context_survival_20260917/node5/ROLLOUT_METADATA_1789672614212038569.json
C2 SUCCESSOR_LOADED operator_live True controller CONTROLLER_TRANSFER_VERIFIED loaded_pid 1626817 sleep None head 4868 UPDATE 
C5 FAILED_CLOSED operator_live False controller TRANSFER_NOT_STARTED loaded_pid None sleep None head 4133 UPDATE boundary_wait_expired_original_left_running
pilot WAITING_SAVED_BOUNDARY operator_live True controller NOT_APPLICABLE loaded_pid None sleep None head 5575 UPDATE 
run1 WAITING_SAVED_BOUNDARY operator_live True controller NOT_APPLICABLE loaded_pid None sleep None head 5735 UPDATE 
C1 CURRENT_READMISSION_LOADED operator_live None controller NOT_APPLICABLE loaded_pid 1575686 sleep None head 4901 UPDATE 
C3 SUCCESSOR_LOADED operator_live True controller NOT_APPLICABLE loaded_pid 1656800 sleep None head 4381 UPDATE 
C4 CURRENT_READMISSION_LOADED operator_live None controller NOT_APPLICABLE loaded_pid 1625840 sleep None head 4281 UPDATE 
repo_reader WAITING_SAVED_BOUNDARY operator_live True controller NOT_APPLICABLE loaded_pid None sleep None head 5189 UPDATE 
/data/home/rohing/dream-state-orch/research_loop/workers/r179_context_survival_20260917/node5/ROLLOUT_METADATA_1789672646002895663.json
C2 SUCCESSOR_LOADED operator_live True controller CONTROLLER_TRANSFER_VERIFIED loaded_pid 1626817 sleep None head 4869 UPDATE 
C5 FAILED_CLOSED operator_live False controller TRANSFER_NOT_STARTED loaded_pid None sleep None head 4134 UPDATE boundary_wait_expired_original_left_running
pilot WAITING_SAVED_BOUNDARY operator_live True controller NOT_APPLICABLE loaded_pid None sleep None head 5576 UPDATE 
run1 WAITING_SAVED_BOUNDARY operator_live True controller NOT_APPLICABLE loaded_pid None sleep None head 5735 UPDATE 
C1 CURRENT_READMISSION_LOADED operator_live None controller NOT_APPLICABLE loaded_pid 1575686 sleep None head 4902 UPDATE 
C3 SUCCESSOR_LOADED operator_live True controller NOT_APPLICABLE loaded_pid 1656800 sleep None head 4382 UPDATE 
C4 CURRENT_READMISSION_LOADED operator_live None controller NOT_APPLICABLE loaded_pid 1625840 sleep None head 4282 UPDATE 
repo_reader WAITING_SAVED_BOUNDARY operator_live True controller NOT_APPLICABLE loaded_pid None sleep None head 5190 UPDATE 
/data/home/rohing/dream-state-orch/research_loop/workers/r179_context_survival_20260917/node5/ROLLOUT_METADATA_1789672677732947228.json
C2 SUCCESSOR_LOADED operator_live True controller CONTROLLER_TRANSFER_VERIFIED loaded_pid 1626817 sleep None head 4870 UPDATE 
C5 FAILED_CLOSED operator_live False controller TRANSFER_NOT_STARTED loaded_pid None sleep None head 4135 UPDATE boundary_wait_expired_original_left_running
pilot WAITING_SAVED_BOUNDARY operator_live True controller NOT_APPLICABLE loaded_pid None sleep None head 5577 UPDATE 
run1 WAITING_SAVED_BOUNDARY operator_live True controller NOT_APPLICABLE loaded_pid None sleep None head 5735 UPDATE 
C1 CURRENT_READMISSION_LOADED operator_live None controller NOT_APPLICABLE loaded_pid 1575686 sleep None head 4903 UPDATE 
C3 SUCCESSOR_LOADED operator_live True controller NOT_APPLICABLE loaded_pid 1656800 sleep None head 4382 UPDATE 
C4 CURRENT_READMISSION_LOADED operator_live None controller NOT_APPLICABLE loaded_pid 1625840 sleep None head 4282 UPDATE 
repo_reader WAITING_SAVED_BOUNDARY operator_live True controller NOT_APPLICABLE loaded_pid None sleep None head 5190 UPDATE 
/data/home/rohing/dream-state-orch/research_loop/workers/r179_context_survival_20260917/node5/ROLLOUT_METADATA_1789672709395292976.json
C2 SUCCESSOR_LOADED operator_live True controller CONTROLLER_TRANSFER_VERIFIED loaded_pid 1626817 sleep None head 4871 UPDATE 
C5 FAILED_CLOSED operator_live False controller TRANSFER_NOT_STARTED loaded_pid None sleep None head 4136 UPDATE boundary_wait_expired_original_left_running
pilot WAITING_SAVED_BOUNDARY operator_live True controller NOT_APPLICABLE loaded_pid None sleep None head 5577 UPDATE 
run1 WAITING_SAVED_BOUNDARY operator_live True controller NOT_APPLICABLE loaded_pid None sleep None head 5736 SLEEP_COMPLETE 
C1 CURRENT_READMISSION_LOADED operator_live None controller NOT_APPLICABLE loaded_pid 1575686 sleep None head 4904 UPDATE 
C3 SUCCESSOR_LOADED operator_live True controller NOT_APPLICABLE loaded_pid 1656800 sleep None head 4383 UPDATE 
C4 CURRENT_READMISSION_LOADED operator_live None controller NOT_APPLICABLE loaded_pid 1625840 sleep None head 4283 UPDATE 
repo_reader WAITING_SAVED_BOUNDARY operator_live True controller NOT_APPLICABLE loaded_pid None sleep None head 5191 UPDATE 
/data/home/rohing/dream-state-orch/research_loop/workers/r179_context_survival_20260917/node5/ROLLOUT_METADATA_1789672740906132364.json
C2 SUCCESSOR_LOADED operator_live True controller CONTROLLER_TRANSFER_VERIFIED loaded_pid 1626817 sleep None head 4872 UPDATE 
C5 FAILED_CLOSED operator_live False controller TRANSFER_NOT_STARTED loaded_pid None sleep None head 4137 UPDATE boundary_wait_expired_original_left_running
pilot WAITING_SAVED_BOUNDARY operator_live True controller NOT_APPLICABLE loaded_pid None sleep None head 5578 UPDATE 
run1 WAITING_SAVED_BOUNDARY operator_live True controller NOT_APPLICABLE loaded_pid None sleep None head 5736 SLEEP_COMPLETE 
C1 CURRENT_READMISSION_LOADED operator_live None controller NOT_APPLICABLE loaded_pid 1575686 sleep None head 4905 UPDATE 
C3 SUCCESSOR_LOADED operator_live True controller NOT_APPLICABLE loaded_pid 1656800 sleep None head 4384 UPDATE 
C4 CURRENT_READMISSION_LOADED operator_live None controller NOT_APPLICABLE loaded_pid 1625840 sleep None head 4284 UPDATE 
repo_reader WAITING_SAVED_BOUNDARY operator_live True controller NOT_APPLICABLE loaded_pid None sleep None head 5192 UPDATE 
/data/home/rohing/dream-state-orch/research_loop/workers/r179_context_survival_20260917/node5/ROLLOUT_METADATA_1789672772615017896.json
C2 SUCCESSOR_LOADED operator_live True controller CONTROLLER_TRANSFER_VERIFIED loaded_pid 1626817 sleep None head 4873 UPDATE 
C5 FAILED_CLOSED operator_live False controller TRANSFER_NOT_STARTED loaded_pid None sleep None head 4137 UPDATE boundary_wait_expired_original_left_running
pilot WAITING_SAVED_BOUNDARY operator_live True controller NOT_APPLICABLE loaded_pid None sleep None head 5578 UPDATE 
run1 WAITING_SAVED_BOUNDARY operator_live True controller NOT_APPLICABLE loaded_pid None sleep None head 5736 SLEEP_COMPLETE 
C1 CURRENT_READMISSION_LOADED operator_live None controller NOT_APPLICABLE loaded_pid 1575686 sleep None head 4906 UPDATE 
C3 SUCCESSOR_LOADED operator_live True controller NOT_APPLICABLE loaded_pid 1656800 sleep None head 4385 UPDATE 
C4 CURRENT_READMISSION_LOADED operator_live None controller NOT_APPLICABLE loaded_pid 1625840 sleep None head 4285 UPDATE 
repo_reader WAITING_SAVED_BOUNDARY operator_live True controller NOT_APPLICABLE loaded_pid None sleep None head 5192 UPDATE 
/data/home/rohing/dream-state-orch/research_loop/workers/r179_context_survival_20260917/node5/ROLLOUT_METADATA_1789672804505899058.json
C2 SUCCESSOR_LOADED operator_live True controller CONTROLLER_TRANSFER_VERIFIED loaded_pid 1626817 sleep None head 4874 UPDATE 
C5 FAILED_CLOSED operator_live False controller TRANSFER_NOT_STARTED loaded_pid None sleep None head 4138 UPDATE boundary_wait_expired_original_left_running
pilot WAITING_SAVED_BOUNDARY operator_live True controller NOT_APPLICABLE loaded_pid None sleep None head 5578 UPDATE 
run1 WAITING_SAVED_BOUNDARY operator_live True controller NOT_APPLICABLE loaded_pid None sleep None head 5736 SLEEP_COMPLETE 
C1 CURRENT_READMISSION_LOADED operator_live None controller NOT_APPLICABLE loaded_pid 1575686 sleep None head 4907 UPDATE 
C3 SUCCESSOR_LOADED operator_live True controller NOT_APPLICABLE loaded_pid 1656800 sleep None head 4386 UPDATE 
C4 CURRENT_READMISSION_LOADED operator_live None controller NOT_APPLICABLE loaded_pid 1625840 sleep None head 4286 UPDATE 
repo_reader WAITING_SAVED_BOUNDARY operator_live True controller NOT_APPLICABLE loaded_pid None sleep None head 5193 UPDATE 
/data/home/rohing/dream-state-orch/research_loop/workers/r179_context_survival_20260917/node5/ROLLOUT_METADATA_1789672836357765407.json
C2 SUCCESSOR_LOADED operator_live True controller CONTROLLER_TRANSFER_VERIFIED loaded_pid 1626817 sleep None head 4875 UPDATE 
C5 FAILED_CLOSED operator_live False controller TRANSFER_NOT_STARTED loaded_pid None sleep None head 4139 UPDATE boundary_wait_expired_original_left_running
pilot WAITING_SAVED_BOUNDARY operator_live True controller NOT_APPLICABLE loaded_pid None sleep None head 5579 SLEEP_COMPLETE 
run1 SUCCESSOR_LAUNCH_RECORDED_LOAD_UNOBSERVED operator_live True controller NOT_APPLICABLE loaded_pid None sleep None head 5736 SLEEP_COMPLETE 
C1 CURRENT_READMISSION_LOADED operator_live None controller NOT_APPLICABLE loaded_pid 1575686 sleep None head 4908 UPDATE 
C3 SUCCESSOR_LOADED operator_live True controller NOT_APPLICABLE loaded_pid 1656800 sleep None head 4387 UPDATE 
C4 CURRENT_READMISSION_LOADED operator_live None controller NOT_APPLICABLE loaded_pid 1625840 sleep None head 4287 UPDATE 
repo_reader WAITING_SAVED_BOUNDARY operator_live True controller NOT_APPLICABLE loaded_pid None sleep None head 5194 UPDATE 
/data/home/rohing/dream-state-orch/research_loop/workers/r179_context_survival_20260917/node5/ROLLOUT_METADATA_1789672868578311816.json
C2 SUCCESSOR_LOADED operator_live True controller CONTROLLER_TRANSFER_VERIFIED loaded_pid 1626817 sleep None head 4876 UPDATE 
C5 FAILED_CLOSED operator_live False controller TRANSFER_NOT_STARTED loaded_pid None sleep None head 4140 UPDATE boundary_wait_expired_original_left_running
pilot WAITING_SAVED_BOUNDARY operator_live True controller NOT_APPLICABLE loaded_pid None sleep None head 5579 SLEEP_COMPLETE 
run1 SUCCESSOR_LAUNCH_RECORDED_LOAD_UNOBSERVED operator_live True controller NOT_APPLICABLE loaded_pid None sleep None head 5736 SLEEP_COMPLETE 
C1 CURRENT_READMISSION_LOADED operator_live None controller NOT_APPLICABLE loaded_pid 1575686 sleep None head 4909 UPDATE 
C3 SUCCESSOR_LOADED operator_live True controller NOT_APPLICABLE loaded_pid 1656800 sleep None head 4388 UPDATE 
C4 CURRENT_READMISSION_LOADED operator_live None controller NOT_APPLICABLE loaded_pid 1625840 sleep None head 4288 UPDATE 
repo_reader WAITING_SAVED_BOUNDARY operator_live True controller NOT_APPLICABLE loaded_pid None sleep None head 5195 UPDATE 
/data/home/rohing/dream-state-orch/research_loop/workers/r179_context_survival_20260917/node5/ROLLOUT_METADATA_1789672900707879896.json
C2 SUCCESSOR_LOADED operator_live True controller CONTROLLER_TRANSFER_VERIFIED loaded_pid 1626817 sleep None head 4877 UPDATE 
C5 FAILED_CLOSED operator_live False controller TRANSFER_NOT_STARTED loaded_pid None sleep None head 4141 UPDATE boundary_wait_expired_original_left_running
pilot WAITING_SAVED_BOUNDARY operator_live True controller NOT_APPLICABLE loaded_pid None sleep None head 5579 SLEEP_COMPLETE 
run1 SUCCESSOR_LAUNCH_RECORDED_LOAD_UNOBSERVED operator_live True controller NOT_APPLICABLE loaded_pid None sleep None head 5736 SLEEP_COMPLETE 
C1 CURRENT_READMISSION_LOADED operator_live None controller NOT_APPLICABLE loaded_pid 1575686 sleep None head 4910 UPDATE 
C3 SUCCESSOR_LOADED operator_live True controller NOT_APPLICABLE loaded_pid 1656800 sleep None head 4388 UPDATE 
C4 CURRENT_READMISSION_LOADED operator_live None controller NOT_APPLICABLE loaded_pid 1625840 sleep None head 4289 UPDATE 
repo_reader WAITING_SAVED_BOUNDARY operator_live True controller NOT_APPLICABLE loaded_pid None sleep None head 5195 UPDATE 
/data/home/rohing/dream-state-orch/research_loop/workers/r179_context_survival_20260917/node5/ROLLOUT_METADATA_1789672932320360893.json
C2 SUCCESSOR_LOADED operator_live True controller CONTROLLER_TRANSFER_VERIFIED loaded_pid 1626817 sleep None head 4878 UPDATE 
C5 FAILED_CLOSED operator_live False controller TRANSFER_NOT_STARTED loaded_pid None sleep None head 4142 UPDATE boundary_wait_expired_original_left_running
pilot WAITING_SAVED_BOUNDARY operator_live True controller NOT_APPLICABLE loaded_pid None sleep None head 5579 SLEEP_COMPLETE 
run1 SUCCESSOR_LAUNCH_RECORDED_LOAD_UNOBSERVED operator_live True controller NOT_APPLICABLE loaded_pid None sleep None head 5736 SLEEP_COMPLETE 
C1 CURRENT_READMISSION_LOADED operator_live None controller NOT_APPLICABLE loaded_pid 1575686 sleep None head 4911 UPDATE 
C3 SUCCESSOR_LOADED operator_live True controller NOT_APPLICABLE loaded_pid 1656800 sleep None head 4389 UPDATE 
C4 CURRENT_READMISSION_LOADED operator_live None controller NOT_APPLICABLE loaded_pid 1625840 sleep None head 4289 UPDATE 
repo_reader WAITING_SAVED_BOUNDARY operator_live True controller NOT_APPLICABLE loaded_pid None sleep None head 5196 UPDATE 
/data/home/rohing/dream-state-orch/research_loop/workers/r179_context_survival_20260917/node5/ROLLOUT_METADATA_1789672964359202396.json
C2 SUCCESSOR_LOADED operator_live True controller CONTROLLER_TRANSFER_VERIFIED loaded_pid 1626817 sleep None head 4879 UPDATE 
C5 FAILED_CLOSED operator_live False controller TRANSFER_NOT_STARTED loaded_pid None sleep None head 4143 UPDATE boundary_wait_expired_original_left_running
pilot SUCCESSOR_LAUNCH_RECORDED_LOAD_UNOBSERVED operator_live True controller NOT_APPLICABLE loaded_pid None sleep None head 5579 SLEEP_COMPLETE 
run1 SUCCESSOR_LAUNCH_RECORDED_LOAD_UNOBSERVED operator_live True controller NOT_APPLICABLE loaded_pid None sleep None head 5736 SLEEP_COMPLETE 
C1 CURRENT_READMISSION_LOADED operator_live None controller NOT_APPLICABLE loaded_pid 1575686 sleep None head 4912 UPDATE 
C3 SUCCESSOR_LOADED operator_live True controller NOT_APPLICABLE loaded_pid 1656800 sleep None head 4390 UPDATE 
C4 CURRENT_READMISSION_LOADED operator_live None controller NOT_APPLICABLE loaded_pid 1625840 sleep None head 4290 UPDATE 
repo_reader WAITING_SAVED_BOUNDARY operator_live True controller NOT_APPLICABLE loaded_pid None sleep None head 5197 UPDATE 
/data/home/rohing/dream-state-orch/research_loop/workers/r179_context_survival_20260917/node5/ROLLOUT_METADATA_1789672996222855946.json
C2 SUCCESSOR_LOADED operator_live True controller CONTROLLER_TRANSFER_VERIFIED loaded_pid 1626817 sleep None head 4879 UPDATE 
C5 FAILED_CLOSED operator_live False controller TRANSFER_NOT_STARTED loaded_pid None sleep None head 4144 UPDATE boundary_wait_expired_original_left_running
pilot SUCCESSOR_LAUNCH_RECORDED_LOAD_UNOBSERVED operator_live True controller NOT_APPLICABLE loaded_pid None sleep None head 5579 SLEEP_COMPLETE 
run1 SUCCESSOR_LOADED operator_live True controller NOT_APPLICABLE loaded_pid 1828793 sleep None head 5737 LOADED 
C1 CURRENT_READMISSION_LOADED operator_live None controller NOT_APPLICABLE loaded_pid 1575686 sleep None head 4913 UPDATE 
C3 SUCCESSOR_LOADED operator_live True controller NOT_APPLICABLE loaded_pid 1656800 sleep None head 4391 UPDATE 
C4 CURRENT_READMISSION_LOADED operator_live None controller NOT_APPLICABLE loaded_pid 1625840 sleep None head 4291 UPDATE 
repo_reader WAITING_SAVED_BOUNDARY operator_live True controller NOT_APPLICABLE loaded_pid None sleep None head 5197 UPDATE 
/data/home/rohing/dream-state-orch/research_loop/workers/r179_context_survival_20260917/node5/ROLLOUT_METADATA_1789673028264914074.json
C2 SUCCESSOR_LOADED operator_live True controller CONTROLLER_TRANSFER_VERIFIED loaded_pid 1626817 sleep None head 4880 UPDATE 
C5 FAILED_CLOSED operator_live False controller TRANSFER_NOT_STARTED loaded_pid None sleep None head 4145 UPDATE boundary_wait_expired_original_left_running
pilot SUCCESSOR_LAUNCH_RECORDED_LOAD_UNOBSERVED operator_live True controller NOT_APPLICABLE loaded_pid None sleep None head 5579 SLEEP_COMPLETE 
run1 SUCCESSOR_LOADED operator_live True controller NOT_APPLICABLE loaded_pid 1828793 sleep None head 5737 LOADED 
C1 CURRENT_READMISSION_LOADED operator_live None controller NOT_APPLICABLE loaded_pid 1575686 sleep None head 4914 UPDATE 
C3 SUCCESSOR_LOADED operator_live True controller NOT_APPLICABLE loaded_pid 1656800 sleep None head 4392 UPDATE 
C4 CURRENT_READMISSION_LOADED operator_live None controller NOT_APPLICABLE loaded_pid 1625840 sleep None head 4292 UPDATE 
repo_reader WAITING_SAVED_BOUNDARY operator_live True controller NOT_APPLICABLE loaded_pid None sleep None head 5198 UPDATE 
/data/home/rohing/dream-state-orch/research_loop/workers/r179_context_survival_20260917/node5/ROLLOUT_METADATA_1789673059981589331.json
C2 SUCCESSOR_LOADED operator_live True controller CONTROLLER_TRANSFER_VERIFIED loaded_pid 1626817 sleep None head 4881 UPDATE 
C5 FAILED_CLOSED operator_live False controller TRANSFER_NOT_STARTED loaded_pid None sleep None head 4145 UPDATE boundary_wait_expired_original_left_running
pilot SUCCESSOR_LAUNCH_RECORDED_LOAD_UNOBSERVED operator_live True controller NOT_APPLICABLE loaded_pid None sleep None head 5579 SLEEP_COMPLETE 
run1 SUCCESSOR_LOADED operator_live True controller NOT_APPLICABLE loaded_pid 1828793 sleep None head 5737 LOADED 
C1 CURRENT_READMISSION_LOADED operator_live None controller NOT_APPLICABLE loaded_pid 1575686 sleep None head 4915 UPDATE 
C3 SUCCESSOR_LOADED operator_live True controller NOT_APPLICABLE loaded_pid 1656800 sleep None head 4393 UPDATE 
C4 CURRENT_READMISSION_LOADED operator_live None controller NOT_APPLICABLE loaded_pid 1625840 sleep None head 4293 UPDATE 
repo_reader WAITING_SAVED_BOUNDARY operator_live True controller NOT_APPLICABLE loaded_pid None sleep None head 5199 UPDATE 
/data/home/rohing/dream-state-orch/research_loop/workers/r179_context_survival_20260917/node5/ROLLOUT_METADATA_1789673092048538077.json
C2 SUCCESSOR_LOADED operator_live True controller CONTROLLER_TRANSFER_VERIFIED loaded_pid 1626817 sleep None head 4882 UPDATE 
C5 FAILED_CLOSED operator_live False controller TRANSFER_NOT_STARTED loaded_pid None sleep None head 4146 UPDATE boundary_wait_expired_original_left_running
pilot SUCCESSOR_LOADED operator_live True controller NOT_APPLICABLE loaded_pid 1835262 sleep None head 5580 LOADED 
run1 SUCCESSOR_LOADED operator_live True controller NOT_APPLICABLE loaded_pid 1828793 sleep None head 5738 REQUEST 
C1 CURRENT_READMISSION_LOADED operator_live None controller NOT_APPLICABLE loaded_pid 1575686 sleep None head 4916 UPDATE 
C3 SUCCESSOR_LOADED operator_live True controller NOT_APPLICABLE loaded_pid 1656800 sleep None head 4394 UPDATE 
C4 CURRENT_READMISSION_LOADED operator_live None controller NOT_APPLICABLE loaded_pid 1625840 sleep None head 4294 UPDATE 
repo_reader WAITING_SAVED_BOUNDARY operator_live True controller NOT_APPLICABLE loaded_pid None sleep None head 5199 UPDATE 
/data/home/rohing/dream-state-orch/research_loop/workers/r179_context_survival_20260917/node5/ROLLOUT_METADATA_1789673124088966631.json
C2 SUCCESSOR_LOADED operator_live True controller CONTROLLER_TRANSFER_VERIFIED loaded_pid 1626817 sleep None head 4883 UPDATE 
C5 FAILED_CLOSED operator_live False controller TRANSFER_NOT_STARTED loaded_pid None sleep None head 4147 UPDATE boundary_wait_expired_original_left_running
pilot SUCCESSOR_LOADED operator_live True controller NOT_APPLICABLE loaded_pid 1835262 sleep None head 5580 LOADED 
run1 SUCCESSOR_LOADED operator_live True controller NOT_APPLICABLE loaded_pid 1828793 sleep None head 5738 REQUEST 
C1 CURRENT_READMISSION_LOADED operator_live None controller NOT_APPLICABLE loaded_pid 1575686 sleep None head 4917 UPDATE 
C3 SUCCESSOR_LOADED operator_live True controller NOT_APPLICABLE loaded_pid 1656800 sleep None head 4395 UPDATE 
C4 CURRENT_READMISSION_LOADED operator_live None controller NOT_APPLICABLE loaded_pid 1625840 sleep None head 4295 UPDATE 
repo_reader WAITING_SAVED_BOUNDARY operator_live True controller NOT_APPLICABLE loaded_pid None sleep None head 5200 UPDATE 
/data/home/rohing/dream-state-orch/research_loop/workers/r179_context_survival_20260917/node5/ROLLOUT_METADATA_1789673156005224346.json
C2 SUCCESSOR_LOADED operator_live True controller CONTROLLER_TRANSFER_VERIFIED loaded_pid 1626817 sleep None head 4884 UPDATE 
C5 FAILED_CLOSED operator_live False controller TRANSFER_NOT_STARTED loaded_pid None sleep None head 4148 UPDATE boundary_wait_expired_original_left_running
pilot SUCCESSOR_LOADED operator_live True controller NOT_APPLICABLE loaded_pid 1835262 sleep None head 5580 LOADED 
run1 SUCCESSOR_LOADED operator_live True controller NOT_APPLICABLE loaded_pid 1828793 sleep None head 5739 RESPONSE 
C1 CURRENT_READMISSION_LOADED operator_live None controller NOT_APPLICABLE loaded_pid 1575686 sleep None head 4918 UPDATE 
C3 SUCCESSOR_LOADED operator_live True controller NOT_APPLICABLE loaded_pid 1656800 sleep None head 4395 UPDATE 
C4 CURRENT_READMISSION_LOADED operator_live None controller NOT_APPLICABLE loaded_pid 1625840 sleep None head 4296 UPDATE 
repo_reader WAITING_SAVED_BOUNDARY operator_live True controller NOT_APPLICABLE loaded_pid None sleep None head 5201 UPDATE 
/data/home/rohing/dream-state-orch/research_loop/workers/r179_context_survival_20260917/node5/ROLLOUT_METADATA_1789673187534426776.json
C2 SUCCESSOR_LOADED operator_live True controller CONTROLLER_TRANSFER_VERIFIED loaded_pid 1626817 sleep None head 4885 UPDATE 
C5 FAILED_CLOSED operator_live False controller TRANSFER_NOT_STARTED loaded_pid None sleep None head 4149 UPDATE boundary_wait_expired_original_left_running
pilot SUCCESSOR_LOADED operator_live True controller NOT_APPLICABLE loaded_pid 1835262 sleep None head 5581 INBOX 
run1 SUCCESSOR_LOADED operator_live True controller NOT_APPLICABLE loaded_pid 1828793 sleep None head 5740 COMMITTED 
C1 CURRENT_READMISSION_LOADED operator_live None controller NOT_APPLICABLE loaded_pid 1575686 sleep None head 4919 UPDATE 
C3 SUCCESSOR_LOADED operator_live True controller NOT_APPLICABLE loaded_pid 1656800 sleep None head 4396 UPDATE 
C4 CURRENT_READMISSION_LOADED operator_live None controller NOT_APPLICABLE loaded_pid 1625840 sleep None head 4297 UPDATE 
repo_reader WAITING_SAVED_BOUNDARY operator_live True controller NOT_APPLICABLE loaded_pid None sleep None head 5202 UPDATE 
/data/home/rohing/dream-state-orch/research_loop/workers/r179_context_survival_20260917/node5/ROLLOUT_METADATA_1789673219261708733.json
C2 SUCCESSOR_LOADED operator_live True controller CONTROLLER_TRANSFER_VERIFIED loaded_pid 1626817 sleep None head 4886 UPDATE 
C5 FAILED_CLOSED operator_live False controller TRANSFER_NOT_STARTED loaded_pid None sleep None head 4150 UPDATE boundary_wait_expired_original_left_running
pilot SUCCESSOR_LOADED operator_live True controller NOT_APPLICABLE loaded_pid 1835262 sleep None head 5581 INBOX 
run1 SUCCESSOR_LOADED operator_live True controller NOT_APPLICABLE loaded_pid 1828793 sleep None head 5740 COMMITTED 
C1 CURRENT_READMISSION_LOADED operator_live None controller NOT_APPLICABLE loaded_pid 1575686 sleep None head 4920 UPDATE 
C3 SUCCESSOR_LOADED operator_live True controller NOT_APPLICABLE loaded_pid 1656800 sleep None head 4397 UPDATE 
C4 CURRENT_READMISSION_LOADED operator_live None controller NOT_APPLICABLE loaded_pid 1625840 sleep None head 4297 UPDATE 
repo_reader WAITING_SAVED_BOUNDARY operator_live True controller NOT_APPLICABLE loaded_pid None sleep None head 5202 UPDATE 
/data/home/rohing/dream-state-orch/research_loop/workers/r179_context_survival_20260917/node5/ROLLOUT_METADATA_1789673251229534470.json
C2 SUCCESSOR_LOADED operator_live True controller CONTROLLER_TRANSFER_VERIFIED loaded_pid 1626817 sleep None head 4887 UPDATE 
C5 FAILED_CLOSED operator_live False controller TRANSFER_NOT_STARTED loaded_pid None sleep None head 4151 UPDATE boundary_wait_expired_original_left_running
pilot SUCCESSOR_LOADED operator_live True controller NOT_APPLICABLE loaded_pid 1835262 sleep None head 5582 REQUEST 
run1 SUCCESSOR_LOADED operator_live True controller NOT_APPLICABLE loaded_pid 1828793 sleep None head 5740 COMMITTED 
C1 CURRENT_READMISSION_LOADED operator_live None controller NOT_APPLICABLE loaded_pid 1575686 sleep None head 4921 UPDATE 
C3 SUCCESSOR_LOADED operator_live True controller NOT_APPLICABLE loaded_pid 1656800 sleep None head 4398 UPDATE 
C4 CURRENT_READMISSION_LOADED operator_live None controller NOT_APPLICABLE loaded_pid 1625840 sleep None head 4298 UPDATE 
repo_reader WAITING_SAVED_BOUNDARY operator_live True controller NOT_APPLICABLE loaded_pid None sleep None head 5203 UPDATE 
/data/home/rohing/dream-state-orch/research_loop/workers/r179_context_survival_20260917/node5/ROLLOUT_METADATA_1789673283050317300.json
C2 SUCCESSOR_LOADED operator_live True controller CONTROLLER_TRANSFER_VERIFIED loaded_pid 1626817 sleep None head 4888 UPDATE 
C5 FAILED_CLOSED operator_live False controller TRANSFER_NOT_STARTED loaded_pid None sleep None head 4152 UPDATE boundary_wait_expired_original_left_running
pilot SUCCESSOR_LOADED operator_live True controller NOT_APPLICABLE loaded_pid 1835262 sleep None head 5583 RESPONSE 
run1 SUCCESSOR_LOADED operator_live True controller NOT_APPLICABLE loaded_pid 1828793 sleep None head 5741 REQUEST 
C1 CURRENT_READMISSION_LOADED operator_live None controller NOT_APPLICABLE loaded_pid 1575686 sleep None head 4922 UPDATE 
C3 SUCCESSOR_LOADED operator_live True controller NOT_APPLICABLE loaded_pid 1656800 sleep None head 4399 UPDATE 
C4 CURRENT_READMISSION_LOADED operator_live None controller NOT_APPLICABLE loaded_pid 1625840 sleep None head 4299 UPDATE 
repo_reader WAITING_SAVED_BOUNDARY operator_live True controller NOT_APPLICABLE loaded_pid None sleep None head 5204 UPDATE 
/data/home/rohing/dream-state-orch/research_loop/workers/r179_context_survival_20260917/node5/ROLLOUT_METADATA_1789673314918237669.json
C2 SUCCESSOR_LOADED operator_live True controller CONTROLLER_TRANSFER_VERIFIED loaded_pid 1626817 sleep None head 4889 UPDATE 
C5 FAILED_CLOSED operator_live False controller TRANSFER_NOT_STARTED loaded_pid None sleep None head 4153 UPDATE boundary_wait_expired_original_left_running
pilot SUCCESSOR_LOADED operator_live True controller NOT_APPLICABLE loaded_pid 1835262 sleep None head 5583 RESPONSE 
run1 SUCCESSOR_LOADED operator_live True controller NOT_APPLICABLE loaded_pid 1828793 sleep None head 5741 REQUEST 
C1 CURRENT_READMISSION_LOADED operator_live None controller NOT_APPLICABLE loaded_pid 1575686 sleep None head 4923 UPDATE 
C3 SUCCESSOR_LOADED operator_live True controller NOT_APPLICABLE loaded_pid 1656800 sleep None head 4400 UPDATE 
C4 CURRENT_READMISSION_LOADED operator_live None controller NOT_APPLICABLE loaded_pid 1625840 sleep None head 4300 UPDATE 
repo_reader WAITING_SAVED_BOUNDARY operator_live True controller NOT_APPLICABLE loaded_pid None sleep None head 5204 UPDATE 
/data/home/rohing/dream-state-orch/research_loop/workers/r179_context_survival_20260917/node5/ROLLOUT_METADATA_1789673346676681748.json
C2 SUCCESSOR_LOADED operator_live True controller CONTROLLER_TRANSFER_VERIFIED loaded_pid 1626817 sleep None head 4890 UPDATE 
C5 FAILED_CLOSED operator_live False controller TRANSFER_NOT_STARTED loaded_pid None sleep None head 4153 UPDATE boundary_wait_expired_original_left_running
pilot SUCCESSOR_LOADED operator_live True controller NOT_APPLICABLE loaded_pid 1835262 sleep None head 5584 COMMITTED 
run1 SUCCESSOR_LOADED operator_live True controller NOT_APPLICABLE loaded_pid 1828793 sleep None head 5742 RESPONSE 
C1 CURRENT_READMISSION_LOADED operator_live None controller NOT_APPLICABLE loaded_pid 1575686 sleep None head 4924 UPDATE 
C3 SUCCESSOR_LOADED operator_live True controller NOT_APPLICABLE loaded_pid 1656800 sleep None head 4401 UPDATE 
C4 CURRENT_READMISSION_LOADED operator_live None controller NOT_APPLICABLE loaded_pid 1625840 sleep None head 4301 UPDATE 
repo_reader WAITING_SAVED_BOUNDARY operator_live True controller NOT_APPLICABLE loaded_pid None sleep None head 5205 UPDATE 
/data/home/rohing/dream-state-orch/research_loop/workers/r179_context_survival_20260917/node5/ROLLOUT_METADATA_1789673378626387997.json
C2 SUCCESSOR_LOADED operator_live True controller CONTROLLER_TRANSFER_VERIFIED loaded_pid 1626817 sleep None head 4891 UPDATE 
C5 FAILED_CLOSED operator_live False controller TRANSFER_NOT_STARTED loaded_pid None sleep None head 4154 UPDATE boundary_wait_expired_original_left_running
pilot SUCCESSOR_LOADED operator_live True controller NOT_APPLICABLE loaded_pid 1835262 sleep None head 5584 COMMITTED 
run1 SUCCESSOR_LOADED operator_live True controller NOT_APPLICABLE loaded_pid 1828793 sleep None head 5743 COMMITTED 
C1 CURRENT_READMISSION_LOADED operator_live None controller NOT_APPLICABLE loaded_pid 1575686 sleep None head 4925 UPDATE 
C3 SUCCESSOR_LOADED operator_live True controller NOT_APPLICABLE loaded_pid 1656800 sleep None head 4402 UPDATE 
C4 CURRENT_READMISSION_LOADED operator_live None controller NOT_APPLICABLE loaded_pid 1625840 sleep None head 4302 UPDATE 
repo_reader WAITING_SAVED_BOUNDARY operator_live True controller NOT_APPLICABLE loaded_pid None sleep None head 5206 UPDATE 
/data/home/rohing/dream-state-orch/research_loop/workers/r179_context_survival_20260917/node5/ROLLOUT_METADATA_1789673410595393883.json
C2 SUCCESSOR_LOADED operator_live True controller CONTROLLER_TRANSFER_VERIFIED loaded_pid 1626817 sleep None head 4892 UPDATE 
C5 FAILED_CLOSED operator_live False controller TRANSFER_NOT_STARTED loaded_pid None sleep None head 4155 UPDATE boundary_wait_expired_original_left_running
pilot SUCCESSOR_LOADED operator_live True controller NOT_APPLICABLE loaded_pid 1835262 sleep None head 5584 COMMITTED 
run1 SUCCESSOR_LOADED operator_live True controller NOT_APPLICABLE loaded_pid 1828793 sleep None head 5743 COMMITTED 
C1 CURRENT_READMISSION_LOADED operator_live None controller NOT_APPLICABLE loaded_pid 1575686 sleep None head 4926 UPDATE 
C3 SUCCESSOR_LOADED operator_live True controller NOT_APPLICABLE loaded_pid 1656800 sleep None head 4402 UPDATE 
C4 CURRENT_READMISSION_LOADED operator_live None controller NOT_APPLICABLE loaded_pid 1625840 sleep None head 4303 UPDATE 
repo_reader WAITING_SAVED_BOUNDARY operator_live True controller NOT_APPLICABLE loaded_pid None sleep None head 5206 UPDATE 
/data/home/rohing/dream-state-orch/research_loop/workers/r179_context_survival_20260917/node5/ROLLOUT_METADATA_1789673442332894178.json
C2 SUCCESSOR_LOADED operator_live True controller CONTROLLER_TRANSFER_VERIFIED loaded_pid 1626817 sleep None head 4893 UPDATE 
C5 FAILED_CLOSED operator_live False controller TRANSFER_NOT_STARTED loaded_pid None sleep None head 4156 UPDATE boundary_wait_expired_original_left_running
pilot SUCCESSOR_LOADED operator_live True controller NOT_APPLICABLE loaded_pid 1835262 sleep None head 5585 REQUEST 
run1 SUCCESSOR_LOADED operator_live True controller NOT_APPLICABLE loaded_pid 1828793 sleep None head 5743 COMMITTED 
C1 CURRENT_READMISSION_LOADED operator_live None controller NOT_APPLICABLE loaded_pid 1575686 sleep None head 4927 UPDATE 
C3 SUCCESSOR_LOADED operator_live True controller NOT_APPLICABLE loaded_pid 1656800 sleep None head 4403 UPDATE 
C4 CURRENT_READMISSION_LOADED operator_live None controller NOT_APPLICABLE loaded_pid 1625840 sleep None head 4304 UPDATE 
repo_reader WAITING_SAVED_BOUNDARY operator_live True controller NOT_APPLICABLE loaded_pid None sleep None head 5207 UPDATE 
/data/home/rohing/dream-state-orch/research_loop/workers/r179_context_survival_20260917/node5/ROLLOUT_METADATA_1789673474116228046.json
C2 SUCCESSOR_LOADED operator_live True controller CONTROLLER_TRANSFER_VERIFIED loaded_pid 1626817 sleep None head 4894 UPDATE 
C5 FAILED_CLOSED operator_live False controller TRANSFER_NOT_STARTED loaded_pid None sleep None head 4157 UPDATE boundary_wait_expired_original_left_running
pilot SUCCESSOR_LOADED operator_live True controller NOT_APPLICABLE loaded_pid 1835262 sleep None head 5586 RESPONSE 
run1 SUCCESSOR_LOADED operator_live True controller NOT_APPLICABLE loaded_pid 1828793 sleep None head 5743 COMMITTED 
C1 CURRENT_READMISSION_LOADED operator_live None controller NOT_APPLICABLE loaded_pid 1575686 sleep None head 4928 UPDATE 
C3 SUCCESSOR_LOADED operator_live True controller NOT_APPLICABLE loaded_pid 1656800 sleep None head 4404 UPDATE 
C4 CURRENT_READMISSION_LOADED operator_live None controller NOT_APPLICABLE loaded_pid 1625840 sleep None head 4304 UPDATE 
repo_reader WAITING_SAVED_BOUNDARY operator_live True controller NOT_APPLICABLE loaded_pid None sleep None head 5208 UPDATE 
/data/home/rohing/dream-state-orch/research_loop/workers/r179_context_survival_20260917/node5/ROLLOUT_METADATA_1789673506035554466.json
C2 SUCCESSOR_LOADED operator_live True controller CONTROLLER_TRANSFER_VERIFIED loaded_pid 1626817 sleep None head 4895 UPDATE 
C5 FAILED_CLOSED operator_live False controller TRANSFER_NOT_STARTED loaded_pid None sleep None head 4158 UPDATE boundary_wait_expired_original_left_running
pilot SUCCESSOR_LOADED operator_live True controller NOT_APPLICABLE loaded_pid 1835262 sleep None head 5586 RESPONSE 
run1 SUCCESSOR_LOADED operator_live True controller NOT_APPLICABLE loaded_pid 1828793 sleep None head 5744 INBOX 
C1 CURRENT_READMISSION_LOADED operator_live None controller NOT_APPLICABLE loaded_pid 1575686 sleep None head 4929 UPDATE 
C3 SUCCESSOR_LOADED operator_live True controller NOT_APPLICABLE loaded_pid 1656800 sleep None head 4405 UPDATE 
C4 CURRENT_READMISSION_LOADED operator_live None controller NOT_APPLICABLE loaded_pid 1625840 sleep None head 4305 UPDATE 
repo_reader WAITING_SAVED_BOUNDARY operator_live True controller NOT_APPLICABLE loaded_pid None sleep None head 5209 UPDATE 
/data/home/rohing/dream-state-orch/research_loop/workers/r179_context_survival_20260917/node5/ROLLOUT_METADATA_1789673538145036053.json
C2 SUCCESSOR_LOADED operator_live True controller CONTROLLER_TRANSFER_VERIFIED loaded_pid 1626817 sleep None head 4896 UPDATE 
C5 FAILED_CLOSED operator_live False controller TRANSFER_NOT_STARTED loaded_pid None sleep None head 4159 UPDATE boundary_wait_expired_original_left_running
pilot SUCCESSOR_LOADED operator_live True controller NOT_APPLICABLE loaded_pid 1835262 sleep None head 5587 COMMITTED 
run1 SUCCESSOR_LOADED operator_live True controller NOT_APPLICABLE loaded_pid 1828793 sleep None head 5745 REQUEST 
C1 CURRENT_READMISSION_LOADED operator_live None controller NOT_APPLICABLE loaded_pid 1575686 sleep None head 4930 UPDATE 
C3 SUCCESSOR_LOADED operator_live True controller NOT_APPLICABLE loaded_pid 1656800 sleep None head 4406 UPDATE 
C4 CURRENT_READMISSION_LOADED operator_live None controller NOT_APPLICABLE loaded_pid 1625840 sleep None head 4306 UPDATE 
repo_reader WAITING_SAVED_BOUNDARY operator_live True controller NOT_APPLICABLE loaded_pid None sleep None head 5209 UPDATE 
/data/home/rohing/dream-state-orch/research_loop/workers/r179_context_survival_20260917/node5/ROLLOUT_METADATA_1789673570059427142.json
C2 SUCCESSOR_LOADED operator_live True controller CONTROLLER_TRANSFER_VERIFIED loaded_pid 1626817 sleep None head 4897 UPDATE 
C5 FAILED_CLOSED operator_live False controller TRANSFER_NOT_STARTED loaded_pid None sleep None head 4160 UPDATE boundary_wait_expired_original_left_running
pilot SUCCESSOR_LOADED operator_live True controller NOT_APPLICABLE loaded_pid 1835262 sleep None head 5587 COMMITTED 
run1 SUCCESSOR_LOADED operator_live True controller NOT_APPLICABLE loaded_pid 1828793 sleep None head 5745 REQUEST 
C1 CURRENT_READMISSION_LOADED operator_live None controller NOT_APPLICABLE loaded_pid 1575686 sleep None head 4931 UPDATE 
C3 SUCCESSOR_LOADED operator_live True controller NOT_APPLICABLE loaded_pid 1656800 sleep None head 4407 UPDATE 
C4 CURRENT_READMISSION_LOADED operator_live None controller NOT_APPLICABLE loaded_pid 1625840 sleep None head 4307 UPDATE 
repo_reader WAITING_SAVED_BOUNDARY operator_live True controller NOT_APPLICABLE loaded_pid None sleep None head 5209 UPDATE 
/data/home/rohing/dream-state-orch/research_loop/workers/r179_context_survival_20260917/node5/ROLLOUT_METADATA_1789673601558024453.json
C2 SUCCESSOR_LOADED operator_live True controller CONTROLLER_TRANSFER_VERIFIED loaded_pid 1626817 sleep None head 4898 UPDATE 
C5 FAILED_CLOSED operator_live False controller TRANSFER_NOT_STARTED loaded_pid None sleep None head 4161 UPDATE boundary_wait_expired_original_left_running
pilot SUCCESSOR_LOADED operator_live True controller NOT_APPLICABLE loaded_pid 1835262 sleep None head 5587 COMMITTED 
run1 SUCCESSOR_LOADED operator_live True controller NOT_APPLICABLE loaded_pid 1828793 sleep None head 5746 RESPONSE 
C1 CURRENT_READMISSION_LOADED operator_live None controller NOT_APPLICABLE loaded_pid 1575686 sleep None head 4932 UPDATE 
C3 SUCCESSOR_LOADED operator_live True controller NOT_APPLICABLE loaded_pid 1656800 sleep None head 4408 UPDATE 
C4 CURRENT_READMISSION_LOADED operator_live None controller NOT_APPLICABLE loaded_pid 1625840 sleep None head 4308 UPDATE 
repo_reader WAITING_SAVED_BOUNDARY operator_live True controller NOT_APPLICABLE loaded_pid None sleep None head 5209 UPDATE 
/data/home/rohing/dream-state-orch/research_loop/workers/r179_context_survival_20260917/node5/ROLLOUT_METADATA_1789673633409228042.json
C2 SUCCESSOR_LOADED operator_live True controller CONTROLLER_TRANSFER_VERIFIED loaded_pid 1626817 sleep None head 4899 UPDATE 
C5 FAILED_CLOSED operator_live False controller TRANSFER_NOT_STARTED loaded_pid None sleep None head 4161 UPDATE boundary_wait_expired_original_left_running
pilot SUCCESSOR_LOADED operator_live True controller NOT_APPLICABLE loaded_pid 1835262 sleep None head 5588 INBOX 
run1 SUCCESSOR_LOADED operator_live True controller NOT_APPLICABLE loaded_pid 1828793 sleep None head 5746 RESPONSE 
C1 CURRENT_READMISSION_LOADED operator_live None controller NOT_APPLICABLE loaded_pid 1575686 sleep None head 4933 UPDATE 
C3 SUCCESSOR_LOADED operator_live True controller NOT_APPLICABLE loaded_pid 1656800 sleep None head 4408 UPDATE 
C4 CURRENT_READMISSION_LOADED operator_live None controller NOT_APPLICABLE loaded_pid 1625840 sleep None head 4309 UPDATE 
repo_reader WAITING_SAVED_BOUNDARY operator_live True controller NOT_APPLICABLE loaded_pid None sleep None head 5210 SLEEP_COMPLETE 
/data/home/rohing/dream-state-orch/research_loop/workers/r179_context_survival_20260917/node5/ROLLOUT_METADATA_1789673665658470165.json
C2 SUCCESSOR_LOADED operator_live True controller CONTROLLER_TRANSFER_VERIFIED loaded_pid 1626817 sleep None head 4900 UPDATE 
C5 FAILED_CLOSED operator_live False controller TRANSFER_NOT_STARTED loaded_pid None sleep None head 4161 UPDATE boundary_wait_expired_original_left_running
pilot SUCCESSOR_LOADED operator_live True controller NOT_APPLICABLE loaded_pid 1835262 sleep None head 5589 REQUEST 
run1 SUCCESSOR_LOADED operator_live True controller NOT_APPLICABLE loaded_pid 1828793 sleep None head 5747 COMMITTED 
C1 CURRENT_READMISSION_LOADED operator_live None controller NOT_APPLICABLE loaded_pid 1575686 sleep None head 4934 UPDATE 
C3 SUCCESSOR_LOADED operator_live True controller NOT_APPLICABLE loaded_pid 1656800 sleep None head 4409 UPDATE 
C4 CURRENT_READMISSION_LOADED operator_live None controller NOT_APPLICABLE loaded_pid 1625840 sleep None head 4310 UPDATE 
repo_reader WAITING_SAVED_BOUNDARY operator_live True controller NOT_APPLICABLE loaded_pid None sleep None head 5210 SLEEP_COMPLETE 
/data/home/rohing/dream-state-orch/research_loop/workers/r179_context_survival_20260917/node5/ROLLOUT_METADATA_1789673697695063662.json
C2 SUCCESSOR_LOADED operator_live True controller CONTROLLER_TRANSFER_VERIFIED loaded_pid 1626817 sleep None head 4901 UPDATE 
C5 FAILED_CLOSED operator_live False controller TRANSFER_NOT_STARTED loaded_pid None sleep None head 4162 SLEEP_COMPLETE boundary_wait_expired_original_left_running
pilot SUCCESSOR_LOADED operator_live True controller NOT_APPLICABLE loaded_pid 1835262 sleep None head 5589 REQUEST 
run1 SUCCESSOR_LOADED operator_live True controller NOT_APPLICABLE loaded_pid 1828793 sleep None head 5748 CONTEXT_RETAINED 
C1 CURRENT_READMISSION_LOADED operator_live None controller NOT_APPLICABLE loaded_pid 1575686 sleep None head 4935 UPDATE 
C3 SUCCESSOR_LOADED operator_live True controller NOT_APPLICABLE loaded_pid 1656800 sleep None head 4410 UPDATE 
C4 CURRENT_READMISSION_LOADED operator_live None controller NOT_APPLICABLE loaded_pid 1625840 sleep None head 4311 UPDATE 
repo_reader WAITING_SAVED_BOUNDARY operator_live True controller NOT_APPLICABLE loaded_pid None sleep None head 5210 SLEEP_COMPLETE 
/data/home/rohing/dream-state-orch/research_loop/workers/r179_context_survival_20260917/node5/ROLLOUT_METADATA_1789673729659515200.json
C2 SUCCESSOR_LOADED operator_live True controller CONTROLLER_TRANSFER_VERIFIED loaded_pid 1626817 sleep None head 4902 UPDATE 
C5 FAILED_CLOSED operator_live False controller TRANSFER_NOT_STARTED loaded_pid None sleep None head 4162 SLEEP_COMPLETE boundary_wait_expired_original_left_running
pilot SUCCESSOR_LOADED operator_live True controller NOT_APPLICABLE loaded_pid 1835262 sleep None head 5590 RESPONSE 
run1 SUCCESSOR_LOADED operator_live True controller NOT_APPLICABLE loaded_pid 1828793 sleep None head 5748 CONTEXT_RETAINED 
C1 CURRENT_READMISSION_LOADED operator_live None controller NOT_APPLICABLE loaded_pid 1575686 sleep None head 4935 UPDATE 
C3 SUCCESSOR_LOADED operator_live True controller NOT_APPLICABLE loaded_pid 1656800 sleep None head 4411 UPDATE 
C4 CURRENT_READMISSION_LOADED operator_live None controller NOT_APPLICABLE loaded_pid 1625840 sleep None head 4311 UPDATE 
repo_reader SUCCESSOR_LAUNCH_RECORDED_LOAD_UNOBSERVED operator_live True controller NOT_APPLICABLE loaded_pid None sleep None head 5210 SLEEP_COMPLETE 
/data/home/rohing/dream-state-orch/research_loop/workers/r179_context_survival_20260917/node5/ROLLOUT_METADATA_1789673761668038683.json
C2 SUCCESSOR_LOADED operator_live True controller CONTROLLER_TRANSFER_VERIFIED loaded_pid 1626817 sleep None head 4903 UPDATE 
C5 FAILED_CLOSED operator_live False controller TRANSFER_NOT_STARTED loaded_pid None sleep None head 4162 SLEEP_COMPLETE boundary_wait_expired_original_left_running
pilot SUCCESSOR_LOADED operator_live True controller NOT_APPLICABLE loaded_pid 1835262 sleep None head 5591 COMMITTED 
run1 SUCCESSOR_LOADED operator_live True controller NOT_APPLICABLE loaded_pid 1828793 sleep None head 5749 SLEEP_REQUEST 
C1 CURRENT_READMISSION_LOADED operator_live None controller NOT_APPLICABLE loaded_pid 1575686 sleep None head 4935 UPDATE 
C3 SUCCESSOR_LOADED operator_live True controller NOT_APPLICABLE loaded_pid 1656800 sleep None head 4412 UPDATE 
C4 CURRENT_READMISSION_LOADED operator_live None controller NOT_APPLICABLE loaded_pid 1625840 sleep None head 4312 UPDATE 
repo_reader SUCCESSOR_LAUNCH_RECORDED_LOAD_UNOBSERVED operator_live True controller NOT_APPLICABLE loaded_pid None sleep None head 5210 SLEEP_COMPLETE 
/data/home/rohing/dream-state-orch/research_loop/workers/r179_context_survival_20260917/node5/ROLLOUT_METADATA_1789673793667992657.json
C2 SUCCESSOR_LOADED operator_live True controller CONTROLLER_TRANSFER_VERIFIED loaded_pid 1626817 sleep None head 4903 UPDATE 
C5 FAILED_CLOSED operator_live False controller TRANSFER_NOT_STARTED loaded_pid None sleep None head 4162 SLEEP_COMPLETE boundary_wait_expired_original_left_running
pilot SUCCESSOR_LOADED operator_live True controller NOT_APPLICABLE loaded_pid 1835262 sleep None head 5591 COMMITTED 
run1 SUCCESSOR_LOADED operator_live True controller NOT_APPLICABLE loaded_pid 1828793 sleep None head 5750 TARGET_ELIGIBILITY 
C1 CURRENT_READMISSION_LOADED operator_live None controller NOT_APPLICABLE loaded_pid 1575686 sleep 40 head 4936 SLEEP_COMPLETE 
C3 SUCCESSOR_LOADED operator_live True controller NOT_APPLICABLE loaded_pid 1656800 sleep None head 4413 UPDATE 
C4 CURRENT_READMISSION_LOADED operator_live None controller NOT_APPLICABLE loaded_pid 1625840 sleep None head 4313 UPDATE 
repo_reader SUCCESSOR_LAUNCH_RECORDED_LOAD_UNOBSERVED operator_live True controller NOT_APPLICABLE loaded_pid None sleep None head 5210 SLEEP_COMPLETE 
/data/home/rohing/dream-state-orch/research_loop/workers/r179_context_survival_20260917/node5/ROLLOUT_METADATA_1789673825589247426.json
C2 SUCCESSOR_LOADED operator_live True controller CONTROLLER_TRANSFER_VERIFIED loaded_pid 1626817 sleep None head 4904 UPDATE 
C5 FAILED_CLOSED operator_live False controller TRANSFER_NOT_STARTED loaded_pid None sleep None head 4162 SLEEP_COMPLETE boundary_wait_expired_original_left_running
pilot SUCCESSOR_LOADED operator_live True controller NOT_APPLICABLE loaded_pid 1835262 sleep None head 5592 CONTEXT_RETAINED 
run1 SUCCESSOR_LOADED operator_live True controller NOT_APPLICABLE loaded_pid 1828793 sleep None head 5750 TARGET_ELIGIBILITY 
C1 CURRENT_READMISSION_LOADED operator_live None controller NOT_APPLICABLE loaded_pid 1575686 sleep 40 head 4936 SLEEP_COMPLETE 
C3 SUCCESSOR_LOADED operator_live True controller NOT_APPLICABLE loaded_pid 1656800 sleep None head 4414 UPDATE 
C4 CURRENT_READMISSION_LOADED operator_live None controller NOT_APPLICABLE loaded_pid 1625840 sleep None head 4314 UPDATE 
repo_reader SUCCESSOR_LAUNCH_RECORDED_LOAD_UNOBSERVED operator_live True controller NOT_APPLICABLE loaded_pid None sleep None head 5210 SLEEP_COMPLETE 
/data/home/rohing/dream-state-orch/research_loop/workers/r179_context_survival_20260917/node5/ROLLOUT_METADATA_1789673857507624852.json
C2 SUCCESSOR_LOADED operator_live True controller CONTROLLER_TRANSFER_VERIFIED loaded_pid 1626817 sleep None head 4905 UPDATE 
C5 FAILED_CLOSED operator_live False controller TRANSFER_NOT_STARTED loaded_pid None sleep None head 4162 SLEEP_COMPLETE boundary_wait_expired_original_left_running
pilot SUCCESSOR_LOADED operator_live True controller NOT_APPLICABLE loaded_pid 1835262 sleep None head 5593 SLEEP_REQUEST 
run1 SUCCESSOR_LOADED operator_live True controller NOT_APPLICABLE loaded_pid 1828793 sleep None head 5751 CHECKPOINT_METADATA 
C1 CURRENT_READMISSION_LOADED operator_live None controller NOT_APPLICABLE loaded_pid 1575686 sleep 40 head 4936 SLEEP_COMPLETE 
C3 SUCCESSOR_LOADED operator_live True controller NOT_APPLICABLE loaded_pid 1656800 sleep None head 4415 UPDATE 
C4 CURRENT_READMISSION_LOADED operator_live None controller NOT_APPLICABLE loaded_pid 1625840 sleep None head 4315 UPDATE 
repo_reader SUCCESSOR_LAUNCH_RECORDED_LOAD_UNOBSERVED operator_live True controller NOT_APPLICABLE loaded_pid None sleep None head 5210 SLEEP_COMPLETE 
/data/home/rohing/dream-state-orch/research_loop/workers/r179_context_survival_20260917/node5/ROLLOUT_METADATA_1789673889340482772.json
C2 SUCCESSOR_LOADED operator_live True controller CONTROLLER_TRANSFER_VERIFIED loaded_pid 1626817 sleep None head 4906 UPDATE 
C5 FAILED_CLOSED operator_live False controller TRANSFER_NOT_STARTED loaded_pid None sleep None head 4163 REQUEST boundary_wait_expired_original_left_running
pilot SUCCESSOR_LOADED operator_live True controller NOT_APPLICABLE loaded_pid 1835262 sleep None head 5593 SLEEP_REQUEST 
run1 SUCCESSOR_LOADED operator_live True controller NOT_APPLICABLE loaded_pid 1828793 sleep None head 5751 CHECKPOINT_METADATA 
C1 CURRENT_READMISSION_LOADED operator_live None controller NOT_APPLICABLE loaded_pid 1575686 sleep 40 head 4936 SLEEP_COMPLETE 
C3 SUCCESSOR_LOADED operator_live True controller NOT_APPLICABLE loaded_pid 1656800 sleep None head 4415 UPDATE 
C4 CURRENT_READMISSION_LOADED operator_live None controller NOT_APPLICABLE loaded_pid 1625840 sleep None head 4316 UPDATE 
repo_reader SUCCESSOR_LOADED operator_live True controller NOT_APPLICABLE loaded_pid 1875185 sleep None head 5211 LOADED 
/data/home/rohing/dream-state-orch/research_loop/workers/r179_context_survival_20260917/node5/ROLLOUT_METADATA_1789673921183238088.json
C2 SUCCESSOR_LOADED operator_live True controller CONTROLLER_TRANSFER_VERIFIED loaded_pid 1626817 sleep None head 4907 UPDATE 
C5 FAILED_CLOSED operator_live False controller TRANSFER_NOT_STARTED loaded_pid None sleep None head 4163 REQUEST boundary_wait_expired_original_left_running
pilot SUCCESSOR_LOADED operator_live True controller NOT_APPLICABLE loaded_pid 1835262 sleep None head 5594 TARGET_ELIGIBILITY 
run1 SUCCESSOR_LOADED operator_live True controller NOT_APPLICABLE loaded_pid 1828793 sleep None head 5752 UPDATE 
C1 CURRENT_READMISSION_LOADED operator_live None controller NOT_APPLICABLE loaded_pid 1575686 sleep 40 head 4936 SLEEP_COMPLETE 
C3 SUCCESSOR_LOADED operator_live True controller NOT_APPLICABLE loaded_pid 1656800 sleep None head 4416 UPDATE 
C4 CURRENT_READMISSION_LOADED operator_live None controller NOT_APPLICABLE loaded_pid 1625840 sleep None head 4317 UPDATE 
repo_reader SUCCESSOR_LOADED operator_live True controller NOT_APPLICABLE loaded_pid 1875185 sleep None head 5211 LOADED 
/data/home/rohing/dream-state-orch/research_loop/workers/r179_context_survival_20260917/node5/ROLLOUT_METADATA_1789673953285081788.json
C2 SUCCESSOR_LOADED operator_live True controller CONTROLLER_TRANSFER_VERIFIED loaded_pid 1626817 sleep None head 4908 UPDATE 
C5 FAILED_CLOSED operator_live False controller TRANSFER_NOT_STARTED loaded_pid None sleep None head 4164 RESPONSE boundary_wait_expired_original_left_running
pilot SUCCESSOR_LOADED operator_live True controller NOT_APPLICABLE loaded_pid 1835262 sleep None head 5595 CHECKPOINT_METADATA 
run1 SUCCESSOR_LOADED operator_live True controller NOT_APPLICABLE loaded_pid 1828793 sleep None head 5753 UPDATE 
C1 CURRENT_READMISSION_LOADED operator_live None controller NOT_APPLICABLE loaded_pid 1575686 sleep 40 head 4937 INBOX 
C3 SUCCESSOR_LOADED operator_live True controller NOT_APPLICABLE loaded_pid 1656800 sleep None head 4417 UPDATE 
C4 CURRENT_READMISSION_LOADED operator_live None controller NOT_APPLICABLE loaded_pid 1625840 sleep None head 4318 UPDATE 
repo_reader SUCCESSOR_LOADED operator_live True controller NOT_APPLICABLE loaded_pid 1875185 sleep None head 5211 LOADED 
/data/home/rohing/dream-state-orch/research_loop/workers/r179_context_survival_20260917/node5/ROLLOUT_METADATA_1789673985439732655.json
C2 SUCCESSOR_LOADED operator_live True controller CONTROLLER_TRANSFER_VERIFIED loaded_pid 1626817 sleep None head 4909 UPDATE 
C5 FAILED_CLOSED operator_live False controller TRANSFER_NOT_STARTED loaded_pid None sleep None head 4165 COMMITTED boundary_wait_expired_original_left_running
pilot SUCCESSOR_LOADED operator_live True controller NOT_APPLICABLE loaded_pid 1835262 sleep None head 5595 CHECKPOINT_METADATA 
run1 SUCCESSOR_LOADED operator_live True controller NOT_APPLICABLE loaded_pid 1828793 sleep None head 5753 UPDATE 
C1 CURRENT_READMISSION_LOADED operator_live None controller NOT_APPLICABLE loaded_pid 1575686 sleep 40 head 4938 REQUEST 
C3 SUCCESSOR_LOADED operator_live True controller NOT_APPLICABLE loaded_pid 1656800 sleep None head 4418 UPDATE 
C4 CURRENT_READMISSION_LOADED operator_live None controller NOT_APPLICABLE loaded_pid 1625840 sleep None head 4319 UPDATE 
repo_reader SUCCESSOR_LOADED operator_live True controller NOT_APPLICABLE loaded_pid 1875185 sleep None head 5212 INBOX 
/data/home/rohing/dream-state-orch/research_loop/workers/r179_context_survival_20260917/node5/ROLLOUT_METADATA_1789674017383445927.json
C2 SUCCESSOR_LOADED operator_live True controller CONTROLLER_TRANSFER_VERIFIED loaded_pid 1626817 sleep None head 4910 UPDATE 
C5 FAILED_CLOSED operator_live False controller TRANSFER_NOT_STARTED loaded_pid None sleep None head 4165 COMMITTED boundary_wait_expired_original_left_running
pilot SUCCESSOR_LOADED operator_live True controller NOT_APPLICABLE loaded_pid 1835262 sleep None head 5596 UPDATE 
run1 SUCCESSOR_LOADED operator_live True controller NOT_APPLICABLE loaded_pid 1828793 sleep None head 5754 UPDATE 
C1 CURRENT_READMISSION_LOADED operator_live None controller NOT_APPLICABLE loaded_pid 1575686 sleep 40 head 4938 REQUEST 
C3 SUCCESSOR_LOADED operator_live True controller NOT_APPLICABLE loaded_pid 1656800 sleep None head 4419 UPDATE 
C4 CURRENT_READMISSION_LOADED operator_live None controller NOT_APPLICABLE loaded_pid 1625840 sleep None head 4319 UPDATE 
repo_reader SUCCESSOR_LOADED operator_live True controller NOT_APPLICABLE loaded_pid 1875185 sleep None head 5213 REQUEST 
/data/home/rohing/dream-state-orch/research_loop/workers/r179_context_survival_20260917/node5/ROLLOUT_METADATA_1789674049160034744.json
C2 SUCCESSOR_LOADED operator_live True controller CONTROLLER_TRANSFER_VERIFIED loaded_pid 1626817 sleep None head 4911 UPDATE 
C5 FAILED_CLOSED operator_live False controller TRANSFER_NOT_STARTED loaded_pid None sleep None head 4166 REQUEST boundary_wait_expired_original_left_running
pilot SUCCESSOR_LOADED operator_live True controller NOT_APPLICABLE loaded_pid 1835262 sleep None head 5597 UPDATE 
run1 SUCCESSOR_LOADED operator_live True controller NOT_APPLICABLE loaded_pid 1828793 sleep None head 5754 UPDATE 
C1 CURRENT_READMISSION_LOADED operator_live None controller NOT_APPLICABLE loaded_pid 1575686 sleep 40 head 4940 COMMITTED 
C3 SUCCESSOR_LOADED operator_live True controller NOT_APPLICABLE loaded_pid 1656800 sleep None head 4420 UPDATE 
C4 CURRENT_READMISSION_LOADED operator_live None controller NOT_APPLICABLE loaded_pid 1625840 sleep None head 4320 UPDATE 
repo_reader SUCCESSOR_LOADED operator_live True controller NOT_APPLICABLE loaded_pid 1875185 sleep None head 5213 REQUEST 
/data/home/rohing/dream-state-orch/research_loop/workers/r179_context_survival_20260917/node5/ROLLOUT_METADATA_1789674081074316786.json
C2 SUCCESSOR_LOADED operator_live True controller CONTROLLER_TRANSFER_VERIFIED loaded_pid 1626817 sleep None head 4912 UPDATE 
C5 FAILED_CLOSED operator_live False controller TRANSFER_NOT_STARTED loaded_pid None sleep None head 4166 REQUEST boundary_wait_expired_original_left_running
pilot SUCCESSOR_LOADED operator_live True controller NOT_APPLICABLE loaded_pid 1835262 sleep None head 5597 UPDATE 
run1 SUCCESSOR_LOADED operator_live True controller NOT_APPLICABLE loaded_pid 1828793 sleep None head 5755 UPDATE 
C1 CURRENT_READMISSION_LOADED operator_live None controller NOT_APPLICABLE loaded_pid 1575686 sleep 40 head 4940 COMMITTED 
C3 SUCCESSOR_LOADED operator_live True controller NOT_APPLICABLE loaded_pid 1656800 sleep None head 4421 UPDATE 
C4 CURRENT_READMISSION_LOADED operator_live None controller NOT_APPLICABLE loaded_pid 1625840 sleep None head 4321 UPDATE 
repo_reader SUCCESSOR_LOADED operator_live True controller NOT_APPLICABLE loaded_pid 1875185 sleep None head 5214 RESPONSE 
/data/home/rohing/dream-state-orch/research_loop/workers/r179_context_survival_20260917/node5/ROLLOUT_METADATA_1789674112860760821.json
C2 SUCCESSOR_LOADED operator_live True controller CONTROLLER_TRANSFER_VERIFIED loaded_pid 1626817 sleep None head 4913 UPDATE 
C5 FAILED_CLOSED operator_live False controller TRANSFER_NOT_STARTED loaded_pid None sleep None head 4167 RESPONSE boundary_wait_expired_original_left_running
pilot SUCCESSOR_LOADED operator_live True controller NOT_APPLICABLE loaded_pid 1835262 sleep None head 5598 UPDATE 
run1 SUCCESSOR_LOADED operator_live True controller NOT_APPLICABLE loaded_pid 1828793 sleep None head 5756 UPDATE 
C1 CURRENT_READMISSION_LOADED operator_live None controller NOT_APPLICABLE loaded_pid 1575686 sleep 40 head 4941 REQUEST 
C3 SUCCESSOR_LOADED operator_live True controller NOT_APPLICABLE loaded_pid 1656800 sleep None head 4422 UPDATE 
C4 CURRENT_READMISSION_LOADED operator_live None controller NOT_APPLICABLE loaded_pid 1625840 sleep None head 4322 UPDATE 
repo_reader SUCCESSOR_LOADED operator_live True controller NOT_APPLICABLE loaded_pid 1875185 sleep None head 5215 COMMITTED 
/data/home/rohing/dream-state-orch/research_loop/workers/r179_context_survival_20260917/node5/ROLLOUT_METADATA_1789674144687971835.json
C2 SUCCESSOR_LOADED operator_live True controller CONTROLLER_TRANSFER_VERIFIED loaded_pid 1626817 sleep None head 4914 UPDATE 
C5 FAILED_CLOSED operator_live False controller TRANSFER_NOT_STARTED loaded_pid None sleep None head 4168 COMMITTED boundary_wait_expired_original_left_running
pilot SUCCESSOR_LOADED operator_live True controller NOT_APPLICABLE loaded_pid 1835262 sleep None head 5599 UPDATE 
run1 SUCCESSOR_LOADED operator_live True controller NOT_APPLICABLE loaded_pid 1828793 sleep None head 5756 UPDATE 
C1 CURRENT_READMISSION_LOADED operator_live None controller NOT_APPLICABLE loaded_pid 1575686 sleep 40 head 4942 RESPONSE 
C3 SUCCESSOR_LOADED operator_live True controller NOT_APPLICABLE loaded_pid 1656800 sleep None head 4422 UPDATE 
C4 CURRENT_READMISSION_LOADED operator_live None controller NOT_APPLICABLE loaded_pid 1625840 sleep None head 4323 UPDATE 
repo_reader SUCCESSOR_LOADED operator_live True controller NOT_APPLICABLE loaded_pid 1875185 sleep None head 5215 COMMITTED 
/data/home/rohing/dream-state-orch/research_loop/workers/r179_context_survival_20260917/node5/ROLLOUT_METADATA_1789674176588990203.json
C2 SUCCESSOR_LOADED operator_live True controller CONTROLLER_TRANSFER_VERIFIED loaded_pid 1626817 sleep None head 4915 UPDATE 
C5 FAILED_CLOSED operator_live False controller TRANSFER_NOT_STARTED loaded_pid None sleep None head 4169 PRESLEEP_RETELLING_INVITATION boundary_wait_expired_original_left_running
pilot SUCCESSOR_LOADED operator_live True controller NOT_APPLICABLE loaded_pid 1835262 sleep None head 5599 UPDATE 
run1 SUCCESSOR_LOADED operator_live True controller NOT_APPLICABLE loaded_pid 1828793 sleep None head 5757 UPDATE 
C1 CURRENT_READMISSION_LOADED operator_live None controller NOT_APPLICABLE loaded_pid 1575686 sleep 40 head 4943 COMMITTED 
C3 SUCCESSOR_LOADED operator_live True controller NOT_APPLICABLE loaded_pid 1656800 sleep None head 4423 UPDATE 
C4 CURRENT_READMISSION_LOADED operator_live None controller NOT_APPLICABLE loaded_pid 1625840 sleep None head 4324 UPDATE 
repo_reader SUCCESSOR_LOADED operator_live True controller NOT_APPLICABLE loaded_pid 1875185 sleep None head 5215 COMMITTED 
/data/home/rohing/dream-state-orch/research_loop/workers/r179_context_survival_20260917/node5/ROLLOUT_METADATA_1789674208824578957.json
C2 SUCCESSOR_LOADED operator_live True controller CONTROLLER_TRANSFER_VERIFIED loaded_pid 1626817 sleep None head 4916 UPDATE 
C5 FAILED_CLOSED operator_live False controller TRANSFER_NOT_STARTED loaded_pid None sleep None head 4169 PRESLEEP_RETELLING_INVITATION boundary_wait_expired_original_left_running
pilot SUCCESSOR_LOADED operator_live True controller NOT_APPLICABLE loaded_pid 1835262 sleep None head 5600 UPDATE 
run1 SUCCESSOR_LOADED operator_live True controller NOT_APPLICABLE loaded_pid 1828793 sleep None head 5758 UPDATE 
C1 CURRENT_READMISSION_LOADED operator_live None controller NOT_APPLICABLE loaded_pid 1575686 sleep 40 head 4943 COMMITTED 
C3 SUCCESSOR_LOADED operator_live True controller NOT_APPLICABLE loaded_pid 1656800 sleep None head 4424 UPDATE 
C4 CURRENT_READMISSION_LOADED operator_live None controller NOT_APPLICABLE loaded_pid 1625840 sleep None head 4325 UPDATE 
repo_reader SUCCESSOR_LOADED operator_live True controller NOT_APPLICABLE loaded_pid 1875185 sleep None head 5216 INBOX 
/data/home/rohing/dream-state-orch/research_loop/workers/r179_context_survival_20260917/node5/ROLLOUT_METADATA_1789674240842750296.json
C2 SUCCESSOR_LOADED operator_live True controller CONTROLLER_TRANSFER_VERIFIED loaded_pid 1626817 sleep None head 4917 UPDATE 
C5 FAILED_CLOSED operator_live False controller TRANSFER_NOT_STARTED loaded_pid None sleep None head 4170 REQUEST boundary_wait_expired_original_left_running
pilot SUCCESSOR_LOADED operator_live True controller NOT_APPLICABLE loaded_pid 1835262 sleep None head 5601 UPDATE 
run1 SUCCESSOR_LOADED operator_live True controller NOT_APPLICABLE loaded_pid 1828793 sleep None head 5758 UPDATE 
C1 CURRENT_READMISSION_LOADED operator_live None controller NOT_APPLICABLE loaded_pid 1575686 sleep 40 head 4944 REQUEST 
C3 SUCCESSOR_LOADED operator_live True controller NOT_APPLICABLE loaded_pid 1656800 sleep None head 4425 UPDATE 
C4 CURRENT_READMISSION_LOADED operator_live None controller NOT_APPLICABLE loaded_pid 1625840 sleep None head 4326 UPDATE 
repo_reader SUCCESSOR_LOADED operator_live True controller NOT_APPLICABLE loaded_pid 1875185 sleep None head 5217 REQUEST 
/data/home/rohing/dream-state-orch/research_loop/workers/r179_context_survival_20260917/node5/ROLLOUT_METADATA_1789674273101697756.json
C2 SUCCESSOR_LOADED operator_live True controller CONTROLLER_TRANSFER_VERIFIED loaded_pid 1626817 sleep None head 4918 UPDATE 
C5 FAILED_CLOSED operator_live False controller TRANSFER_NOT_STARTED loaded_pid None sleep None head 4170 REQUEST boundary_wait_expired_original_left_running
pilot SUCCESSOR_LOADED operator_live True controller NOT_APPLICABLE loaded_pid 1835262 sleep None head 5601 UPDATE 
run1 SUCCESSOR_LOADED operator_live True controller NOT_APPLICABLE loaded_pid 1828793 sleep None head 5759 UPDATE 
C1 CURRENT_READMISSION_LOADED operator_live None controller NOT_APPLICABLE loaded_pid 1575686 sleep 40 head 4944 REQUEST 
C3 SUCCESSOR_LOADED operator_live True controller NOT_APPLICABLE loaded_pid 1656800 sleep None head 4426 UPDATE 
C4 CURRENT_READMISSION_LOADED operator_live None controller NOT_APPLICABLE loaded_pid 1625840 sleep None head 4326 UPDATE 
repo_reader SUCCESSOR_LOADED operator_live True controller NOT_APPLICABLE loaded_pid 1875185 sleep None head 5217 REQUEST 
/data/home/rohing/dream-state-orch/research_loop/workers/r179_context_survival_20260917/node5/ROLLOUT_METADATA_1789674304987675073.json
C2 SUCCESSOR_LOADED operator_live True controller CONTROLLER_TRANSFER_VERIFIED loaded_pid 1626817 sleep None head 4919 UPDATE 
C5 FAILED_CLOSED operator_live False controller TRANSFER_NOT_STARTED loaded_pid None sleep None head 4171 RESPONSE boundary_wait_expired_original_left_running
pilot SUCCESSOR_LOADED operator_live True controller NOT_APPLICABLE loaded_pid 1835262 sleep None head 5602 UPDATE 
run1 SUCCESSOR_LOADED operator_live True controller NOT_APPLICABLE loaded_pid 1828793 sleep None head 5759 UPDATE 
C1 CURRENT_READMISSION_LOADED operator_live None controller NOT_APPLICABLE loaded_pid 1575686 sleep 40 head 4945 RESPONSE 
C3 SUCCESSOR_LOADED operator_live True controller NOT_APPLICABLE loaded_pid 1656800 sleep None head 4427 UPDATE 
C4 CURRENT_READMISSION_LOADED operator_live None controller NOT_APPLICABLE loaded_pid 1625840 sleep None head 4327 UPDATE 
repo_reader SUCCESSOR_LOADED operator_live True controller NOT_APPLICABLE loaded_pid 1875185 sleep None head 5218 RESPONSE 
/data/home/rohing/dream-state-orch/research_loop/workers/r179_context_survival_20260917/node5/ROLLOUT_METADATA_1789674336729099442.json
C2 SUCCESSOR_LOADED operator_live True controller CONTROLLER_TRANSFER_VERIFIED loaded_pid 1626817 sleep None head 4920 UPDATE 
C5 FAILED_CLOSED operator_live False controller TRANSFER_NOT_STARTED loaded_pid None sleep None head 4172 COMMITTED boundary_wait_expired_original_left_running
pilot SUCCESSOR_LOADED operator_live True controller NOT_APPLICABLE loaded_pid 1835262 sleep None head 5603 UPDATE 
run1 SUCCESSOR_LOADED operator_live True controller NOT_APPLICABLE loaded_pid 1828793 sleep None head 5760 UPDATE 
C1 CURRENT_READMISSION_LOADED operator_live None controller NOT_APPLICABLE loaded_pid 1575686 sleep 40 head 4947 CONTEXT_RETAINED 
C3 SUCCESSOR_LOADED operator_live True controller NOT_APPLICABLE loaded_pid 1656800 sleep None head 4428 UPDATE 
C4 CURRENT_READMISSION_LOADED operator_live None controller NOT_APPLICABLE loaded_pid 1625840 sleep None head 4328 UPDATE 
repo_reader SUCCESSOR_LOADED operator_live True controller NOT_APPLICABLE loaded_pid 1875185 sleep None head 5218 RESPONSE 
/data/home/rohing/dream-state-orch/research_loop/workers/r179_context_survival_20260917/node5/ROLLOUT_METADATA_1789674368941999815.json
C2 SUCCESSOR_LOADED operator_live True controller CONTROLLER_TRANSFER_VERIFIED loaded_pid 1626817 sleep None head 4921 UPDATE 
C5 FAILED_CLOSED operator_live False controller TRANSFER_NOT_STARTED loaded_pid None sleep None head 4173 COMPACTION boundary_wait_expired_original_left_running
pilot SUCCESSOR_LOADED operator_live True controller NOT_APPLICABLE loaded_pid 1835262 sleep None head 5603 UPDATE 
run1 SUCCESSOR_LOADED operator_live True controller NOT_APPLICABLE loaded_pid 1828793 sleep None head 5761 UPDATE 
C1 CURRENT_READMISSION_LOADED operator_live None controller NOT_APPLICABLE loaded_pid 1575686 sleep 40 head 4948 SLEEP_REQUEST 
C3 SUCCESSOR_LOADED operator_live True controller NOT_APPLICABLE loaded_pid 1656800 sleep None head 4429 UPDATE 
C4 CURRENT_READMISSION_LOADED operator_live None controller NOT_APPLICABLE loaded_pid 1625840 sleep None head 4329 UPDATE 
repo_reader SUCCESSOR_LOADED operator_live True controller NOT_APPLICABLE loaded_pid 1875185 sleep None head 5219 COMMITTED 
/data/home/rohing/dream-state-orch/research_loop/workers/r179_context_survival_20260917/node5/ROLLOUT_METADATA_1789674400883140967.json
C2 SUCCESSOR_LOADED operator_live True controller CONTROLLER_TRANSFER_VERIFIED loaded_pid 1626817 sleep None head 4922 UPDATE 
C5 FAILED_CLOSED operator_live False controller TRANSFER_NOT_STARTED loaded_pid None sleep None head 4174 SLEEP_REQUEST boundary_wait_expired_original_left_running
pilot SUCCESSOR_LOADED operator_live True controller NOT_APPLICABLE loaded_pid 1835262 sleep None head 5604 UPDATE 
run1 SUCCESSOR_LOADED operator_live True controller NOT_APPLICABLE loaded_pid 1828793 sleep None head 5761 UPDATE 
C1 CURRENT_READMISSION_LOADED operator_live None controller NOT_APPLICABLE loaded_pid 1575686 sleep 40 head 4949 TARGET_ELIGIBILITY 
C3 SUCCESSOR_LOADED operator_live True controller NOT_APPLICABLE loaded_pid 1656800 sleep None head 4429 UPDATE 
C4 CURRENT_READMISSION_LOADED operator_live None controller NOT_APPLICABLE loaded_pid 1625840 sleep None head 4330 UPDATE 
repo_reader SUCCESSOR_LOADED operator_live True controller NOT_APPLICABLE loaded_pid 1875185 sleep None head 5219 COMMITTED 
/data/home/rohing/dream-state-orch/research_loop/workers/r179_context_survival_20260917/node5/ROLLOUT_METADATA_1789674433044732320.json
C2 SUCCESSOR_LOADED operator_live True controller CONTROLLER_TRANSFER_VERIFIED loaded_pid 1626817 sleep None head 4923 UPDATE 
C5 FAILED_CLOSED operator_live False controller TRANSFER_NOT_STARTED loaded_pid None sleep None head 4175 TARGET_ELIGIBILITY boundary_wait_expired_original_left_running
pilot SUCCESSOR_LOADED operator_live True controller NOT_APPLICABLE loaded_pid 1835262 sleep None head 5605 UPDATE 
run1 SUCCESSOR_LOADED operator_live True controller NOT_APPLICABLE loaded_pid 1828793 sleep None head 5762 UPDATE 
C1 CURRENT_READMISSION_LOADED operator_live None controller NOT_APPLICABLE loaded_pid 1575686 sleep 40 head 4950 CHECKPOINT_METADATA 
C3 SUCCESSOR_LOADED operator_live True controller NOT_APPLICABLE loaded_pid 1656800 sleep None head 4430 UPDATE 
C4 CURRENT_READMISSION_LOADED operator_live None controller NOT_APPLICABLE loaded_pid 1625840 sleep None head 4331 UPDATE 
repo_reader SUCCESSOR_LOADED operator_live True controller NOT_APPLICABLE loaded_pid 1875185 sleep None head 5220 REQUEST 
/data/home/rohing/dream-state-orch/research_loop/workers/r179_context_survival_20260917/node5/ROLLOUT_METADATA_1789674464876665463.json
C2 SUCCESSOR_LOADED operator_live True controller CONTROLLER_TRANSFER_VERIFIED loaded_pid 1626817 sleep None head 4924 UPDATE 
C5 FAILED_CLOSED operator_live False controller TRANSFER_NOT_STARTED loaded_pid None sleep None head 4176 CHECKPOINT_METADATA boundary_wait_expired_original_left_running
pilot SUCCESSOR_LOADED operator_live True controller NOT_APPLICABLE loaded_pid 1835262 sleep None head 5605 UPDATE 
run1 SUCCESSOR_LOADED operator_live True controller NOT_APPLICABLE loaded_pid 1828793 sleep None head 5762 UPDATE 
C1 CURRENT_READMISSION_LOADED operator_live None controller NOT_APPLICABLE loaded_pid 1575686 sleep 40 head 4950 CHECKPOINT_METADATA 
C3 SUCCESSOR_LOADED operator_live True controller NOT_APPLICABLE loaded_pid 1656800 sleep None head 4431 UPDATE 
C4 CURRENT_READMISSION_LOADED operator_live None controller NOT_APPLICABLE loaded_pid 1625840 sleep None head 4332 UPDATE 
repo_reader SUCCESSOR_LOADED operator_live True controller NOT_APPLICABLE loaded_pid 1875185 sleep None head 5220 REQUEST 
/data/home/rohing/dream-state-orch/research_loop/workers/r179_context_survival_20260917/node5/ROLLOUT_METADATA_1789674496745279466.json
C2 SUCCESSOR_LOADED operator_live True controller CONTROLLER_TRANSFER_VERIFIED loaded_pid 1626817 sleep None head 4925 UPDATE 
C5 FAILED_CLOSED operator_live False controller TRANSFER_NOT_STARTED loaded_pid None sleep None head 4176 CHECKPOINT_METADATA boundary_wait_expired_original_left_running
pilot SUCCESSOR_LOADED operator_live True controller NOT_APPLICABLE loaded_pid 1835262 sleep None head 5606 UPDATE 
run1 SUCCESSOR_LOADED operator_live True controller NOT_APPLICABLE loaded_pid 1828793 sleep None head 5763 UPDATE 
C1 CURRENT_READMISSION_LOADED operator_live None controller NOT_APPLICABLE loaded_pid 1575686 sleep 40 head 4951 UPDATE 
C3 SUCCESSOR_LOADED operator_live True controller NOT_APPLICABLE loaded_pid 1656800 sleep None head 4432 UPDATE 
C4 CURRENT_READMISSION_LOADED operator_live None controller NOT_APPLICABLE loaded_pid 1625840 sleep None head 4333 UPDATE 
repo_reader SUCCESSOR_LOADED operator_live True controller NOT_APPLICABLE loaded_pid 1875185 sleep None head 5221 RESPONSE 
/data/home/rohing/dream-state-orch/research_loop/workers/r179_context_survival_20260917/node5/ROLLOUT_METADATA_1789674528533482588.json
C2 SUCCESSOR_LOADED operator_live True controller CONTROLLER_TRANSFER_VERIFIED loaded_pid 1626817 sleep None head 4926 UPDATE 
C5 FAILED_CLOSED operator_live False controller TRANSFER_NOT_STARTED loaded_pid None sleep None head 4177 UPDATE boundary_wait_expired_original_left_running
pilot SUCCESSOR_LOADED operator_live True controller NOT_APPLICABLE loaded_pid 1835262 sleep None head 5606 UPDATE 
run1 SUCCESSOR_LOADED operator_live True controller NOT_APPLICABLE loaded_pid 1828793 sleep None head 5764 UPDATE 
C1 CURRENT_READMISSION_LOADED operator_live None controller NOT_APPLICABLE loaded_pid 1575686 sleep 40 head 4952 UPDATE 
C3 SUCCESSOR_LOADED operator_live True controller NOT_APPLICABLE loaded_pid 1656800 sleep None head 4433 UPDATE 
C4 CURRENT_READMISSION_LOADED operator_live None controller NOT_APPLICABLE loaded_pid 1625840 sleep None head 4334 UPDATE 
repo_reader SUCCESSOR_LOADED operator_live True controller NOT_APPLICABLE loaded_pid 1875185 sleep None head 5221 RESPONSE 
/data/home/rohing/dream-state-orch/research_loop/workers/r179_context_survival_20260917/node5/ROLLOUT_METADATA_1789674560400070197.json
C2 SUCCESSOR_LOADED operator_live True controller CONTROLLER_TRANSFER_VERIFIED loaded_pid 1626817 sleep None head 4927 UPDATE 
C5 FAILED_CLOSED operator_live False controller TRANSFER_NOT_STARTED loaded_pid None sleep None head 4178 UPDATE boundary_wait_expired_original_left_running
pilot SUCCESSOR_LOADED operator_live True controller NOT_APPLICABLE loaded_pid 1835262 sleep None head 5607 UPDATE 
run1 SUCCESSOR_LOADED operator_live True controller NOT_APPLICABLE loaded_pid 1828793 sleep None head 5764 UPDATE 
C1 CURRENT_READMISSION_LOADED operator_live None controller NOT_APPLICABLE loaded_pid 1575686 sleep 40 head 4953 UPDATE 
C3 SUCCESSOR_LOADED operator_live True controller NOT_APPLICABLE loaded_pid 1656800 sleep None head 4434 UPDATE 
C4 CURRENT_READMISSION_LOADED operator_live None controller NOT_APPLICABLE loaded_pid 1625840 sleep None head 4334 UPDATE 
repo_reader SUCCESSOR_LOADED operator_live True controller NOT_APPLICABLE loaded_pid 1875185 sleep None head 5222 COMMITTED 
/data/home/rohing/dream-state-orch/research_loop/workers/r179_context_survival_20260917/node5/ROLLOUT_METADATA_1789674592167168113.json
C2 SUCCESSOR_LOADED operator_live True controller CONTROLLER_TRANSFER_VERIFIED loaded_pid 1626817 sleep None head 4928 UPDATE 
C5 FAILED_CLOSED operator_live False controller TRANSFER_NOT_STARTED loaded_pid None sleep None head 4179 UPDATE boundary_wait_expired_original_left_running
pilot SUCCESSOR_LOADED operator_live True controller NOT_APPLICABLE loaded_pid 1835262 sleep None head 5608 UPDATE 
run1 SUCCESSOR_LOADED operator_live True controller NOT_APPLICABLE loaded_pid 1828793 sleep None head 5765 UPDATE 
C1 CURRENT_READMISSION_LOADED operator_live None controller NOT_APPLICABLE loaded_pid 1575686 sleep 40 head 4954 UPDATE 
C3 SUCCESSOR_LOADED operator_live True controller NOT_APPLICABLE loaded_pid 1656800 sleep None head 4435 UPDATE 
C4 CURRENT_READMISSION_LOADED operator_live None controller NOT_APPLICABLE loaded_pid 1625840 sleep None head 4335 UPDATE 
repo_reader SUCCESSOR_LOADED operator_live True controller NOT_APPLICABLE loaded_pid 1875185 sleep None head 5223 CONTEXT_RETAINED 
/data/home/rohing/dream-state-orch/research_loop/workers/r179_context_survival_20260917/node5/ROLLOUT_METADATA_1789674624151874487.json
C2 SUCCESSOR_LOADED operator_live True controller CONTROLLER_TRANSFER_VERIFIED loaded_pid 1626817 sleep None head 4929 UPDATE 
C5 FAILED_CLOSED operator_live False controller TRANSFER_NOT_STARTED loaded_pid None sleep None head 4180 UPDATE boundary_wait_expired_original_left_running
pilot SUCCESSOR_LOADED operator_live True controller NOT_APPLICABLE loaded_pid 1835262 sleep None head 5608 UPDATE 
run1 SUCCESSOR_LOADED operator_live True controller NOT_APPLICABLE loaded_pid 1828793 sleep None head 5765 UPDATE 
C1 CURRENT_READMISSION_LOADED operator_live None controller NOT_APPLICABLE loaded_pid 1575686 sleep 40 head 4955 UPDATE 
C3 SUCCESSOR_LOADED operator_live True controller NOT_APPLICABLE loaded_pid 1656800 sleep None head 4436 UPDATE 
C4 CURRENT_READMISSION_LOADED operator_live None controller NOT_APPLICABLE loaded_pid 1625840 sleep None head 4336 UPDATE 
repo_reader SUCCESSOR_LOADED operator_live True controller NOT_APPLICABLE loaded_pid 1875185 sleep None head 5224 SLEEP_REQUEST 
/data/home/rohing/dream-state-orch/research_loop/workers/r179_context_survival_20260917/node5/ROLLOUT_METADATA_1789674656015543437.json
C2 SUCCESSOR_LOADED operator_live True controller CONTROLLER_TRANSFER_VERIFIED loaded_pid 1626817 sleep None head 4930 UPDATE 
C5 FAILED_CLOSED operator_live False controller TRANSFER_NOT_STARTED loaded_pid None sleep None head 4181 UPDATE boundary_wait_expired_original_left_running
pilot SUCCESSOR_LOADED operator_live True controller NOT_APPLICABLE loaded_pid 1835262 sleep None head 5609 UPDATE 
run1 SUCCESSOR_LOADED operator_live True controller NOT_APPLICABLE loaded_pid 1828793 sleep None head 5766 UPDATE 
C1 CURRENT_READMISSION_LOADED operator_live None controller NOT_APPLICABLE loaded_pid 1575686 sleep 40 head 4956 UPDATE 
C3 SUCCESSOR_LOADED operator_live True controller NOT_APPLICABLE loaded_pid 1656800 sleep None head 4436 UPDATE 
C4 CURRENT_READMISSION_LOADED operator_live None controller NOT_APPLICABLE loaded_pid 1625840 sleep None head 4337 UPDATE 
repo_reader SUCCESSOR_LOADED operator_live True controller NOT_APPLICABLE loaded_pid 1875185 sleep None head 5224 SLEEP_REQUEST 
/data/home/rohing/dream-state-orch/research_loop/workers/r179_context_survival_20260917/node5/ROLLOUT_METADATA_1789674687911876118.json
C2 SUCCESSOR_LOADED operator_live True controller CONTROLLER_TRANSFER_VERIFIED loaded_pid 1626817 sleep None head 4930 UPDATE 
C5 FAILED_CLOSED operator_live False controller TRANSFER_NOT_STARTED loaded_pid None sleep None head 4181 UPDATE boundary_wait_expired_original_left_running
pilot SUCCESSOR_LOADED operator_live True controller NOT_APPLICABLE loaded_pid 1835262 sleep None head 5610 UPDATE 
run1 SUCCESSOR_LOADED operator_live True controller NOT_APPLICABLE loaded_pid 1828793 sleep None head 5767 UPDATE 
C1 CURRENT_READMISSION_LOADED operator_live None controller NOT_APPLICABLE loaded_pid 1575686 sleep 40 head 4957 UPDATE 
C3 SUCCESSOR_LOADED operator_live True controller NOT_APPLICABLE loaded_pid 1656800 sleep None head 4437 UPDATE 
C4 CURRENT_READMISSION_LOADED operator_live None controller NOT_APPLICABLE loaded_pid 1625840 sleep None head 4338 UPDATE 
repo_reader SUCCESSOR_LOADED operator_live True controller NOT_APPLICABLE loaded_pid 1875185 sleep None head 5225 TARGET_ELIGIBILITY 
/data/home/rohing/dream-state-orch/research_loop/workers/r179_context_survival_20260917/node5/ROLLOUT_METADATA_1789674719896246122.json
C2 SUCCESSOR_LOADED operator_live True controller CONTROLLER_TRANSFER_VERIFIED loaded_pid 1626817 sleep None head 4931 UPDATE 
C5 FAILED_CLOSED operator_live False controller TRANSFER_NOT_STARTED loaded_pid None sleep None head 4182 UPDATE boundary_wait_expired_original_left_running
pilot SUCCESSOR_LOADED operator_live True controller NOT_APPLICABLE loaded_pid 1835262 sleep None head 5610 UPDATE 
run1 SUCCESSOR_LOADED operator_live True controller NOT_APPLICABLE loaded_pid 1828793 sleep None head 5767 UPDATE 
C1 CURRENT_READMISSION_LOADED operator_live None controller NOT_APPLICABLE loaded_pid 1575686 sleep 40 head 4958 UPDATE 
C3 SUCCESSOR_LOADED operator_live True controller NOT_APPLICABLE loaded_pid 1656800 sleep None head 4438 UPDATE 
C4 CURRENT_READMISSION_LOADED operator_live None controller NOT_APPLICABLE loaded_pid 1625840 sleep None head 4339 UPDATE 
repo_reader SUCCESSOR_LOADED operator_live True controller NOT_APPLICABLE loaded_pid 1875185 sleep None head 5226 UPDATE 
/data/home/rohing/dream-state-orch/research_loop/workers/r179_context_survival_20260917/node5/ROLLOUT_METADATA_1789674751860653692.json
C2 SUCCESSOR_LOADED operator_live True controller CONTROLLER_TRANSFER_VERIFIED loaded_pid 1626817 sleep None head 4932 UPDATE 
C5 FAILED_CLOSED operator_live False controller TRANSFER_NOT_STARTED loaded_pid None sleep None head 4183 UPDATE boundary_wait_expired_original_left_running
pilot SUCCESSOR_LOADED operator_live True controller NOT_APPLICABLE loaded_pid 1835262 sleep None head 5611 UPDATE 
run1 SUCCESSOR_LOADED operator_live True controller NOT_APPLICABLE loaded_pid 1828793 sleep None head 5768 UPDATE 
C1 CURRENT_READMISSION_LOADED operator_live None controller NOT_APPLICABLE loaded_pid 1575686 sleep 40 head 4959 UPDATE 
C3 SUCCESSOR_LOADED operator_live True controller NOT_APPLICABLE loaded_pid 1656800 sleep None head 4439 UPDATE 
C4 CURRENT_READMISSION_LOADED operator_live None controller NOT_APPLICABLE loaded_pid 1625840 sleep None head 4340 UPDATE 
repo_reader SUCCESSOR_LOADED operator_live True controller NOT_APPLICABLE loaded_pid 1875185 sleep None head 5226 UPDATE 
/data/home/rohing/dream-state-orch/research_loop/workers/r179_context_survival_20260917/node5/ROLLOUT_METADATA_1789674783853290945.json
C2 SUCCESSOR_LOADED operator_live True controller CONTROLLER_TRANSFER_VERIFIED loaded_pid 1626817 sleep None head 4933 UPDATE 
C5 FAILED_CLOSED operator_live False controller TRANSFER_NOT_STARTED loaded_pid None sleep None head 4184 UPDATE boundary_wait_expired_original_left_running
pilot SUCCESSOR_LOADED operator_live True controller NOT_APPLICABLE loaded_pid 1835262 sleep None head 5612 UPDATE 
run1 SUCCESSOR_LOADED operator_live True controller NOT_APPLICABLE loaded_pid 1828793 sleep None head 5768 UPDATE 
C1 CURRENT_READMISSION_LOADED operator_live None controller NOT_APPLICABLE loaded_pid 1575686 sleep 40 head 4960 UPDATE 
C3 SUCCESSOR_LOADED operator_live True controller NOT_APPLICABLE loaded_pid 1656800 sleep None head 4440 UPDATE 
C4 CURRENT_READMISSION_LOADED operator_live None controller NOT_APPLICABLE loaded_pid 1625840 sleep None head 4341 UPDATE 
repo_reader SUCCESSOR_LOADED operator_live True controller NOT_APPLICABLE loaded_pid 1875185 sleep None head 5227 UPDATE 
/data/home/rohing/dream-state-orch/research_loop/workers/r179_context_survival_20260917/node5/ROLLOUT_METADATA_1789674815781965169.json
C2 SUCCESSOR_LOADED operator_live True controller CONTROLLER_TRANSFER_VERIFIED loaded_pid 1626817 sleep None head 4934 UPDATE 
C5 FAILED_CLOSED operator_live False controller TRANSFER_NOT_STARTED loaded_pid None sleep None head 4185 UPDATE boundary_wait_expired_original_left_running
pilot SUCCESSOR_LOADED operator_live True controller NOT_APPLICABLE loaded_pid 1835262 sleep None head 5612 UPDATE 
run1 SUCCESSOR_LOADED operator_live True controller NOT_APPLICABLE loaded_pid 1828793 sleep None head 5769 UPDATE 
C1 CURRENT_READMISSION_LOADED operator_live None controller NOT_APPLICABLE loaded_pid 1575686 sleep 40 head 4961 UPDATE 
C3 SUCCESSOR_LOADED operator_live True controller NOT_APPLICABLE loaded_pid 1656800 sleep None head 4441 UPDATE 
C4 CURRENT_READMISSION_LOADED operator_live None controller NOT_APPLICABLE loaded_pid 1625840 sleep None head 4341 UPDATE 
repo_reader SUCCESSOR_LOADED operator_live True controller NOT_APPLICABLE loaded_pid 1875185 sleep None head 5228 UPDATE 
/data/home/rohing/dream-state-orch/research_loop/workers/r179_context_survival_20260917/node5/ROLLOUT_METADATA_1789674847785764327.json
C2 SUCCESSOR_LOADED operator_live True controller CONTROLLER_TRANSFER_VERIFIED loaded_pid 1626817 sleep None head 4935 UPDATE 
C5 FAILED_CLOSED operator_live False controller TRANSFER_NOT_STARTED loaded_pid None sleep None head 4186 UPDATE boundary_wait_expired_original_left_running
pilot SUCCESSOR_LOADED operator_live True controller NOT_APPLICABLE loaded_pid 1835262 sleep None head 5613 UPDATE 
run1 SUCCESSOR_LOADED operator_live True controller NOT_APPLICABLE loaded_pid 1828793 sleep None head 5770 UPDATE 
C1 CURRENT_READMISSION_LOADED operator_live None controller NOT_APPLICABLE loaded_pid 1575686 sleep 40 head 4962 UPDATE 
C3 SUCCESSOR_LOADED operator_live True controller NOT_APPLICABLE loaded_pid 1656800 sleep None head 4442 UPDATE 
C4 CURRENT_READMISSION_LOADED operator_live None controller NOT_APPLICABLE loaded_pid 1625840 sleep None head 4342 UPDATE 
repo_reader SUCCESSOR_LOADED operator_live True controller NOT_APPLICABLE loaded_pid 1875185 sleep None head 5228 UPDATE 
/data/home/rohing/dream-state-orch/research_loop/workers/r179_context_survival_20260917/node5/ROLLOUT_METADATA_1789674879861265155.json
C2 SUCCESSOR_LOADED operator_live True controller CONTROLLER_TRANSFER_VERIFIED loaded_pid 1626817 sleep None head 4936 UPDATE 
C5 FAILED_CLOSED operator_live False controller TRANSFER_NOT_STARTED loaded_pid None sleep None head 4186 UPDATE boundary_wait_expired_original_left_running
pilot SUCCESSOR_LOADED operator_live True controller NOT_APPLICABLE loaded_pid 1835262 sleep None head 5614 UPDATE 
run1 SUCCESSOR_LOADED operator_live True controller NOT_APPLICABLE loaded_pid 1828793 sleep None head 5770 UPDATE 
C1 CURRENT_READMISSION_LOADED operator_live None controller NOT_APPLICABLE loaded_pid 1575686 sleep 40 head 4963 UPDATE 
C3 SUCCESSOR_LOADED operator_live True controller NOT_APPLICABLE loaded_pid 1656800 sleep None head 4443 UPDATE 
C4 CURRENT_READMISSION_LOADED operator_live None controller NOT_APPLICABLE loaded_pid 1625840 sleep None head 4343 UPDATE 
repo_reader SUCCESSOR_LOADED operator_live True controller NOT_APPLICABLE loaded_pid 1875185 sleep None head 5229 UPDATE 
/data/home/rohing/dream-state-orch/research_loop/workers/r179_context_survival_20260917/node5/ROLLOUT_METADATA_1789674911935962948.json
C2 SUCCESSOR_LOADED operator_live True controller CONTROLLER_TRANSFER_VERIFIED loaded_pid 1626817 sleep None head 4937 UPDATE 
C5 FAILED_CLOSED operator_live False controller TRANSFER_NOT_STARTED loaded_pid None sleep None head 4187 UPDATE boundary_wait_expired_original_left_running
pilot SUCCESSOR_LOADED operator_live True controller NOT_APPLICABLE loaded_pid 1835262 sleep None head 5614 UPDATE 
run1 SUCCESSOR_LOADED operator_live True controller NOT_APPLICABLE loaded_pid 1828793 sleep None head 5771 UPDATE 
C1 CURRENT_READMISSION_LOADED operator_live None controller NOT_APPLICABLE loaded_pid 1575686 sleep 40 head 4964 UPDATE 
C3 SUCCESSOR_LOADED operator_live True controller NOT_APPLICABLE loaded_pid 1656800 sleep None head 4443 UPDATE 
C4 CURRENT_READMISSION_LOADED operator_live None controller NOT_APPLICABLE loaded_pid 1625840 sleep None head 4344 UPDATE 
repo_reader SUCCESSOR_LOADED operator_live True controller NOT_APPLICABLE loaded_pid 1875185 sleep None head 5230 UPDATE 
/data/home/rohing/dream-state-orch/research_loop/workers/r179_context_survival_20260917/node5/ROLLOUT_METADATA_1789674944157849799.json
C2 SUCCESSOR_LOADED operator_live True controller CONTROLLER_TRANSFER_VERIFIED loaded_pid 1626817 sleep None head 4938 UPDATE 
C5 FAILED_CLOSED operator_live False controller TRANSFER_NOT_STARTED loaded_pid None sleep None head 4188 UPDATE boundary_wait_expired_original_left_running
pilot SUCCESSOR_LOADED operator_live True controller NOT_APPLICABLE loaded_pid 1835262 sleep None head 5615 UPDATE 
run1 SUCCESSOR_LOADED operator_live True controller NOT_APPLICABLE loaded_pid 1828793 sleep None head 5772 UPDATE 
C1 CURRENT_READMISSION_LOADED operator_live None controller NOT_APPLICABLE loaded_pid 1575686 sleep 40 head 4965 UPDATE 
C3 SUCCESSOR_LOADED operator_live True controller NOT_APPLICABLE loaded_pid 1656800 sleep None head 4444 UPDATE 
C4 CURRENT_READMISSION_LOADED operator_live None controller NOT_APPLICABLE loaded_pid 1625840 sleep None head 4345 UPDATE 
repo_reader SUCCESSOR_LOADED operator_live True controller NOT_APPLICABLE loaded_pid 1875185 sleep None head 5230 UPDATE 
/data/home/rohing/dream-state-orch/research_loop/workers/r179_context_survival_20260917/node5/ROLLOUT_METADATA_1789674976276179293.json
C2 SUCCESSOR_LOADED operator_live True controller CONTROLLER_TRANSFER_VERIFIED loaded_pid 1626817 sleep None head 4939 UPDATE 
C5 FAILED_CLOSED operator_live False controller TRANSFER_NOT_STARTED loaded_pid None sleep None head 4189 UPDATE boundary_wait_expired_original_left_running
pilot SUCCESSOR_LOADED operator_live True controller NOT_APPLICABLE loaded_pid 1835262 sleep None head 5616 UPDATE 
run1 SUCCESSOR_LOADED operator_live True controller NOT_APPLICABLE loaded_pid 1828793 sleep None head 5772 UPDATE 
C1 CURRENT_READMISSION_LOADED operator_live None controller NOT_APPLICABLE loaded_pid 1575686 sleep 40 head 4966 UPDATE 
C3 SUCCESSOR_LOADED operator_live True controller NOT_APPLICABLE loaded_pid 1656800 sleep None head 4445 UPDATE 
C4 CURRENT_READMISSION_LOADED operator_live None controller NOT_APPLICABLE loaded_pid 1625840 sleep None head 4346 UPDATE 
repo_reader SUCCESSOR_LOADED operator_live True controller NOT_APPLICABLE loaded_pid 1875185 sleep None head 5231 UPDATE 
/data/home/rohing/dream-state-orch/research_loop/workers/r179_context_survival_20260917/node5/ROLLOUT_METADATA_1789675008544564696.json
C2 SUCCESSOR_LOADED operator_live True controller CONTROLLER_TRANSFER_VERIFIED loaded_pid 1626817 sleep None head 4940 UPDATE 
C5 FAILED_CLOSED operator_live False controller TRANSFER_NOT_STARTED loaded_pid None sleep None head 4190 UPDATE boundary_wait_expired_original_left_running
pilot SUCCESSOR_LOADED operator_live True controller NOT_APPLICABLE loaded_pid 1835262 sleep None head 5616 UPDATE 
run1 SUCCESSOR_LOADED operator_live True controller NOT_APPLICABLE loaded_pid 1828793 sleep None head 5773 UPDATE 
C1 CURRENT_READMISSION_LOADED operator_live None controller NOT_APPLICABLE loaded_pid 1575686 sleep 40 head 4967 UPDATE 
C3 SUCCESSOR_LOADED operator_live True controller NOT_APPLICABLE loaded_pid 1656800 sleep None head 4446 UPDATE 
C4 CURRENT_READMISSION_LOADED operator_live None controller NOT_APPLICABLE loaded_pid 1625840 sleep None head 4347 UPDATE 
repo_reader SUCCESSOR_LOADED operator_live True controller NOT_APPLICABLE loaded_pid 1875185 sleep None head 5232 UPDATE 
/data/home/rohing/dream-state-orch/research_loop/workers/r179_context_survival_20260917/node5/ROLLOUT_METADATA_1789675040794824343.json
C2 SUCCESSOR_LOADED operator_live True controller CONTROLLER_TRANSFER_VERIFIED loaded_pid 1626817 sleep None head 4941 UPDATE 
C5 FAILED_CLOSED operator_live False controller TRANSFER_NOT_STARTED loaded_pid None sleep None head 4191 UPDATE boundary_wait_expired_original_left_running
pilot SUCCESSOR_LOADED operator_live True controller NOT_APPLICABLE loaded_pid 1835262 sleep None head 5617 UPDATE 
run1 SUCCESSOR_LOADED operator_live True controller NOT_APPLICABLE loaded_pid 1828793 sleep None head 5773 UPDATE 
C1 CURRENT_READMISSION_LOADED operator_live None controller NOT_APPLICABLE loaded_pid 1575686 sleep 40 head 4968 UPDATE 
C3 SUCCESSOR_LOADED operator_live True controller NOT_APPLICABLE loaded_pid 1656800 sleep None head 4447 UPDATE 
C4 CURRENT_READMISSION_LOADED operator_live None controller NOT_APPLICABLE loaded_pid 1625840 sleep None head 4348 UPDATE 
repo_reader SUCCESSOR_LOADED operator_live True controller NOT_APPLICABLE loaded_pid 1875185 sleep None head 5232 UPDATE 
/data/home/rohing/dream-state-orch/research_loop/workers/r179_context_survival_20260917/node5/ROLLOUT_METADATA_1789675072722504910.json
C2 SUCCESSOR_LOADED operator_live True controller CONTROLLER_TRANSFER_VERIFIED loaded_pid 1626817 sleep None head 4942 UPDATE 
C5 FAILED_CLOSED operator_live False controller TRANSFER_NOT_STARTED loaded_pid None sleep None head 4192 UPDATE boundary_wait_expired_original_left_running
pilot SUCCESSOR_LOADED operator_live True controller NOT_APPLICABLE loaded_pid 1835262 sleep None head 5618 UPDATE 
run1 SUCCESSOR_LOADED operator_live True controller NOT_APPLICABLE loaded_pid 1828793 sleep None head 5774 UPDATE 
C1 CURRENT_READMISSION_LOADED operator_live None controller NOT_APPLICABLE loaded_pid 1575686 sleep 40 head 4968 UPDATE 
C3 SUCCESSOR_LOADED operator_live True controller NOT_APPLICABLE loaded_pid 1656800 sleep None head 4448 UPDATE 
C4 CURRENT_READMISSION_LOADED operator_live None controller NOT_APPLICABLE loaded_pid 1625840 sleep None head 4349 UPDATE 
repo_reader SUCCESSOR_LOADED operator_live True controller NOT_APPLICABLE loaded_pid 1875185 sleep None head 5233 UPDATE 
/data/home/rohing/dream-state-orch/research_loop/workers/r179_context_survival_20260917/node5/ROLLOUT_METADATA_1789675104793760203.json
C2 SUCCESSOR_LOADED operator_live True controller CONTROLLER_TRANSFER_VERIFIED loaded_pid 1626817 sleep None head 4942 UPDATE 
C5 FAILED_CLOSED operator_live False controller TRANSFER_NOT_STARTED loaded_pid None sleep None head 4192 UPDATE boundary_wait_expired_original_left_running
pilot SUCCESSOR_LOADED operator_live True controller NOT_APPLICABLE loaded_pid 1835262 sleep None head 5618 UPDATE 
run1 SUCCESSOR_LOADED operator_live True controller NOT_APPLICABLE loaded_pid 1828793 sleep None head 5775 UPDATE 
C1 CURRENT_READMISSION_LOADED operator_live None controller NOT_APPLICABLE loaded_pid 1575686 sleep 40 head 4969 UPDATE 
C3 SUCCESSOR_LOADED operator_live True controller NOT_APPLICABLE loaded_pid 1656800 sleep None head 4449 UPDATE 
C4 CURRENT_READMISSION_LOADED operator_live None controller NOT_APPLICABLE loaded_pid 1625840 sleep None head 4349 UPDATE 
repo_reader SUCCESSOR_LOADED operator_live True controller NOT_APPLICABLE loaded_pid 1875185 sleep None head 5234 UPDATE 
/data/home/rohing/dream-state-orch/research_loop/workers/r179_context_survival_20260917/node5/ROLLOUT_METADATA_1789675136670764650.json
C2 SUCCESSOR_LOADED operator_live True controller CONTROLLER_TRANSFER_VERIFIED loaded_pid 1626817 sleep None head 4942 UPDATE 
C5 FAILED_CLOSED operator_live False controller TRANSFER_NOT_STARTED loaded_pid None sleep None head 4193 UPDATE boundary_wait_expired_original_left_running
pilot SUCCESSOR_LOADED operator_live True controller NOT_APPLICABLE loaded_pid 1835262 sleep None head 5619 UPDATE 
run1 SUCCESSOR_LOADED operator_live True controller NOT_APPLICABLE loaded_pid 1828793 sleep None head 5775 UPDATE 
C1 CURRENT_READMISSION_LOADED operator_live None controller NOT_APPLICABLE loaded_pid 1575686 sleep 40 head 4970 UPDATE 
C3 SUCCESSOR_LOADED operator_live True controller NOT_APPLICABLE loaded_pid 1656800 sleep None head 4450 UPDATE 
C4 CURRENT_READMISSION_LOADED operator_live None controller NOT_APPLICABLE loaded_pid 1625840 sleep None head 4350 UPDATE 
repo_reader SUCCESSOR_LOADED operator_live True controller NOT_APPLICABLE loaded_pid 1875185 sleep None head 5234 UPDATE 
/data/home/rohing/dream-state-orch/research_loop/workers/r179_context_survival_20260917/node5/ROLLOUT_METADATA_1789675168750718294.json
C2 SUCCESSOR_LOADED operator_live True controller CONTROLLER_TRANSFER_VERIFIED loaded_pid 1626817 sleep 40 head 4943 SLEEP_COMPLETE 
C5 FAILED_CLOSED operator_live False controller TRANSFER_NOT_STARTED loaded_pid None sleep None head 4194 UPDATE boundary_wait_expired_original_left_running
pilot SUCCESSOR_LOADED operator_live True controller NOT_APPLICABLE loaded_pid 1835262 sleep None head 5620 UPDATE 
run1 SUCCESSOR_LOADED operator_live True controller NOT_APPLICABLE loaded_pid 1828793 sleep None head 5776 UPDATE 
C1 CURRENT_READMISSION_LOADED operator_live None controller NOT_APPLICABLE loaded_pid 1575686 sleep 40 head 4971 UPDATE 
C3 SUCCESSOR_LOADED operator_live True controller NOT_APPLICABLE loaded_pid 1656800 sleep None head 4451 UPDATE 
C4 CURRENT_READMISSION_LOADED operator_live None controller NOT_APPLICABLE loaded_pid 1625840 sleep None head 4351 UPDATE 
repo_reader SUCCESSOR_LOADED operator_live True controller NOT_APPLICABLE loaded_pid 1875185 sleep None head 5235 UPDATE 
/data/home/rohing/dream-state-orch/research_loop/workers/r179_context_survival_20260917/node5/ROLLOUT_METADATA_1789675200528563507.json
C2 SUCCESSOR_LOADED operator_live True controller CONTROLLER_TRANSFER_VERIFIED loaded_pid 1626817 sleep 40 head 4943 SLEEP_COMPLETE 
C5 FAILED_CLOSED operator_live False controller TRANSFER_NOT_STARTED loaded_pid None sleep None head 4195 UPDATE boundary_wait_expired_original_left_running
pilot SUCCESSOR_LOADED operator_live True controller NOT_APPLICABLE loaded_pid 1835262 sleep None head 5620 UPDATE 
run1 SUCCESSOR_LOADED operator_live True controller NOT_APPLICABLE loaded_pid 1828793 sleep None head 5776 UPDATE 
C1 CURRENT_READMISSION_LOADED operator_live None controller NOT_APPLICABLE loaded_pid 1575686 sleep 40 head 4972 UPDATE 
C3 SUCCESSOR_LOADED operator_live True controller NOT_APPLICABLE loaded_pid 1656800 sleep None head 4451 UPDATE 
C4 CURRENT_READMISSION_LOADED operator_live None controller NOT_APPLICABLE loaded_pid 1625840 sleep None head 4352 UPDATE 
repo_reader SUCCESSOR_LOADED operator_live True controller NOT_APPLICABLE loaded_pid 1875185 sleep None head 5236 UPDATE 
/data/home/rohing/dream-state-orch/research_loop/workers/r179_context_survival_20260917/node5/ROLLOUT_METADATA_1789675232409645045.json
C2 SUCCESSOR_LOADED operator_live True controller CONTROLLER_TRANSFER_VERIFIED loaded_pid 1626817 sleep 40 head 4943 SLEEP_COMPLETE 
C5 FAILED_CLOSED operator_live False controller TRANSFER_NOT_STARTED loaded_pid None sleep None head 4196 UPDATE boundary_wait_expired_original_left_running
pilot SUCCESSOR_LOADED operator_live True controller NOT_APPLICABLE loaded_pid 1835262 sleep None head 5621 UPDATE 
run1 SUCCESSOR_LOADED operator_live True controller NOT_APPLICABLE loaded_pid 1828793 sleep None head 5777 UPDATE 
C1 CURRENT_READMISSION_LOADED operator_live None controller NOT_APPLICABLE loaded_pid 1575686 sleep 40 head 4973 UPDATE 
C3 SUCCESSOR_LOADED operator_live True controller NOT_APPLICABLE loaded_pid 1656800 sleep None head 4452 UPDATE 
C4 CURRENT_READMISSION_LOADED operator_live None controller NOT_APPLICABLE loaded_pid 1625840 sleep None head 4353 UPDATE 
repo_reader SUCCESSOR_LOADED operator_live True controller NOT_APPLICABLE loaded_pid 1875185 sleep None head 5236 UPDATE 
/data/home/rohing/dream-state-orch/research_loop/workers/r179_context_survival_20260917/node5/ROLLOUT_METADATA_1789675264416893306.json
C2 SUCCESSOR_LOADED operator_live True controller CONTROLLER_TRANSFER_VERIFIED loaded_pid 1626817 sleep 40 head 4943 SLEEP_COMPLETE 
C5 FAILED_CLOSED operator_live False controller TRANSFER_NOT_STARTED loaded_pid None sleep None head 4197 UPDATE boundary_wait_expired_original_left_running
pilot SUCCESSOR_LOADED operator_live True controller NOT_APPLICABLE loaded_pid 1835262 sleep None head 5621 UPDATE 
run1 SUCCESSOR_LOADED operator_live True controller NOT_APPLICABLE loaded_pid 1828793 sleep None head 5778 UPDATE 
C1 CURRENT_READMISSION_LOADED operator_live None controller NOT_APPLICABLE loaded_pid 1575686 sleep 40 head 4974 UPDATE 
C3 SUCCESSOR_LOADED operator_live True controller NOT_APPLICABLE loaded_pid 1656800 sleep None head 4453 UPDATE 
C4 CURRENT_READMISSION_LOADED operator_live None controller NOT_APPLICABLE loaded_pid 1625840 sleep None head 4353 UPDATE 
repo_reader SUCCESSOR_LOADED operator_live True controller NOT_APPLICABLE loaded_pid 1875185 sleep None head 5237 UPDATE 
/data/home/rohing/dream-state-orch/research_loop/workers/r179_context_survival_20260917/node5/ROLLOUT_METADATA_1789675296384401208.json
C2 SUCCESSOR_LOADED operator_live True controller CONTROLLER_TRANSFER_VERIFIED loaded_pid 1626817 sleep 40 head 4943 SLEEP_COMPLETE 
C5 FAILED_CLOSED operator_live False controller TRANSFER_NOT_STARTED loaded_pid None sleep None head 4197 UPDATE boundary_wait_expired_original_left_running
pilot SUCCESSOR_LOADED operator_live True controller NOT_APPLICABLE loaded_pid 1835262 sleep None head 5622 UPDATE 
run1 SUCCESSOR_LOADED operator_live True controller NOT_APPLICABLE loaded_pid 1828793 sleep None head 5778 UPDATE 
C1 CURRENT_READMISSION_LOADED operator_live None controller NOT_APPLICABLE loaded_pid 1575686 sleep 40 head 4975 UPDATE 
C3 SUCCESSOR_LOADED operator_live True controller NOT_APPLICABLE loaded_pid 1656800 sleep None head 4454 UPDATE 
C4 CURRENT_READMISSION_LOADED operator_live None controller NOT_APPLICABLE loaded_pid 1625840 sleep None head 4353 UPDATE 
repo_reader SUCCESSOR_LOADED operator_live True controller NOT_APPLICABLE loaded_pid 1875185 sleep None head 5238 UPDATE 
/data/home/rohing/dream-state-orch/research_loop/workers/r179_context_survival_20260917/node5/ROLLOUT_METADATA_1789675328185470640.json
C2 SUCCESSOR_LOADED operator_live True controller CONTROLLER_TRANSFER_VERIFIED loaded_pid 1626817 sleep 40 head 4943 SLEEP_COMPLETE 
C5 FAILED_CLOSED operator_live False controller TRANSFER_NOT_STARTED loaded_pid None sleep None head 4198 UPDATE boundary_wait_expired_original_left_running
pilot SUCCESSOR_LOADED operator_live True controller NOT_APPLICABLE loaded_pid 1835262 sleep None head 5623 UPDATE 
run1 SUCCESSOR_LOADED operator_live True controller NOT_APPLICABLE loaded_pid 1828793 sleep None head 5779 UPDATE 
C1 CURRENT_READMISSION_LOADED operator_live None controller NOT_APPLICABLE loaded_pid 1575686 sleep 40 head 4976 UPDATE 
C3 SUCCESSOR_LOADED operator_live True controller NOT_APPLICABLE loaded_pid 1656800 sleep None head 4455 UPDATE 
C4 CURRENT_READMISSION_LOADED operator_live None controller NOT_APPLICABLE loaded_pid 1625840 sleep 37 head 4354 SLEEP_COMPLETE 
repo_reader SUCCESSOR_LOADED operator_live True controller NOT_APPLICABLE loaded_pid 1875185 sleep None head 5238 UPDATE 
/data/home/rohing/dream-state-orch/research_loop/workers/r179_context_survival_20260917/node5/ROLLOUT_METADATA_1789675360198109380.json
C2 SUCCESSOR_LOADED operator_live True controller CONTROLLER_TRANSFER_VERIFIED loaded_pid 1626817 sleep 40 head 4944 INBOX 
C5 FAILED_CLOSED operator_live False controller TRANSFER_NOT_STARTED loaded_pid None sleep None head 4199 UPDATE boundary_wait_expired_original_left_running
pilot SUCCESSOR_LOADED operator_live True controller NOT_APPLICABLE loaded_pid 1835262 sleep None head 5623 UPDATE 
run1 SUCCESSOR_LOADED operator_live True controller NOT_APPLICABLE loaded_pid 1828793 sleep None head 5779 UPDATE 
C1 CURRENT_READMISSION_LOADED operator_live None controller NOT_APPLICABLE loaded_pid 1575686 sleep 40 head 4977 UPDATE 
C3 SUCCESSOR_LOADED operator_live True controller NOT_APPLICABLE loaded_pid 1656800 sleep None head 4456 UPDATE 
C4 CURRENT_READMISSION_LOADED operator_live None controller NOT_APPLICABLE loaded_pid 1625840 sleep 37 head 4354 SLEEP_COMPLETE 
repo_reader SUCCESSOR_LOADED operator_live True controller NOT_APPLICABLE loaded_pid 1875185 sleep None head 5239 UPDATE 
/data/home/rohing/dream-state-orch/research_loop/workers/r179_context_survival_20260917/node5/ROLLOUT_METADATA_1789675391992570931.json
C2 SUCCESSOR_LOADED operator_live True controller CONTROLLER_TRANSFER_VERIFIED loaded_pid 1626817 sleep 40 head 4945 REQUEST 
C5 FAILED_CLOSED operator_live False controller TRANSFER_NOT_STARTED loaded_pid None sleep None head 4200 UPDATE boundary_wait_expired_original_left_running
pilot SUCCESSOR_LOADED operator_live True controller NOT_APPLICABLE loaded_pid 1835262 sleep None head 5624 UPDATE 
run1 SUCCESSOR_LOADED operator_live True controller NOT_APPLICABLE loaded_pid 1828793 sleep None head 5780 UPDATE 
C1 CURRENT_READMISSION_LOADED operator_live None controller NOT_APPLICABLE loaded_pid 1575686 sleep 40 head 4978 UPDATE 
C3 SUCCESSOR_LOADED operator_live True controller NOT_APPLICABLE loaded_pid 1656800 sleep None head 4457 UPDATE 
C4 CURRENT_READMISSION_LOADED operator_live None controller NOT_APPLICABLE loaded_pid 1625840 sleep 37 head 4354 SLEEP_COMPLETE 
repo_reader SUCCESSOR_LOADED operator_live True controller NOT_APPLICABLE loaded_pid 1875185 sleep None head 5240 UPDATE 
/data/home/rohing/dream-state-orch/research_loop/workers/r179_context_survival_20260917/node5/ROLLOUT_METADATA_1789675424058127781.json
C2 SUCCESSOR_LOADED operator_live True controller CONTROLLER_TRANSFER_VERIFIED loaded_pid 1626817 sleep 40 head 4945 REQUEST 
C5 FAILED_CLOSED operator_live False controller TRANSFER_NOT_STARTED loaded_pid None sleep None head 4201 UPDATE boundary_wait_expired_original_left_running
pilot SUCCESSOR_LOADED operator_live True controller NOT_APPLICABLE loaded_pid 1835262 sleep None head 5625 UPDATE 
run1 SUCCESSOR_LOADED operator_live True controller NOT_APPLICABLE loaded_pid 1828793 sleep None head 5781 UPDATE 
C1 CURRENT_READMISSION_LOADED operator_live None controller NOT_APPLICABLE loaded_pid 1575686 sleep 40 head 4979 UPDATE 
C3 SUCCESSOR_LOADED operator_live True controller NOT_APPLICABLE loaded_pid 1656800 sleep None head 4458 UPDATE 
C4 CURRENT_READMISSION_LOADED operator_live None controller NOT_APPLICABLE loaded_pid 1625840 sleep 37 head 4354 SLEEP_COMPLETE 
repo_reader SUCCESSOR_LOADED operator_live True controller NOT_APPLICABLE loaded_pid 1875185 sleep None head 5240 UPDATE 
/data/home/rohing/dream-state-orch/research_loop/workers/r179_context_survival_20260917/node5/ROLLOUT_METADATA_1789675455984361522.json
C2 SUCCESSOR_LOADED operator_live True controller CONTROLLER_TRANSFER_VERIFIED loaded_pid 1626817 sleep 40 head 4946 RESPONSE 
C5 FAILED_CLOSED operator_live False controller TRANSFER_NOT_STARTED loaded_pid None sleep None head 4202 UPDATE boundary_wait_expired_original_left_running
pilot SUCCESSOR_LOADED operator_live True controller NOT_APPLICABLE loaded_pid 1835262 sleep None head 5625 UPDATE 
run1 SUCCESSOR_LOADED operator_live True controller NOT_APPLICABLE loaded_pid 1828793 sleep None head 5781 UPDATE 
C1 CURRENT_READMISSION_LOADED operator_live None controller NOT_APPLICABLE loaded_pid 1575686 sleep 40 head 4980 UPDATE 
C3 SUCCESSOR_LOADED operator_live True controller NOT_APPLICABLE loaded_pid 1656800 sleep None head 4459 UPDATE 
C4 CURRENT_READMISSION_LOADED operator_live None controller NOT_APPLICABLE loaded_pid 1625840 sleep 37 head 4354 SLEEP_COMPLETE 
repo_reader SUCCESSOR_LOADED operator_live True controller NOT_APPLICABLE loaded_pid 1875185 sleep None head 5241 UPDATE 
/data/home/rohing/dream-state-orch/research_loop/workers/r179_context_survival_20260917/node5/ROLLOUT_METADATA_1789675488115366273.json
C2 SUCCESSOR_LOADED operator_live True controller CONTROLLER_TRANSFER_VERIFIED loaded_pid 1626817 sleep 40 head 4947 COMMITTED 
C5 FAILED_CLOSED operator_live False controller TRANSFER_NOT_STARTED loaded_pid None sleep None head 4202 UPDATE boundary_wait_expired_original_left_running
pilot SUCCESSOR_LOADED operator_live True controller NOT_APPLICABLE loaded_pid 1835262 sleep None head 5626 UPDATE 
run1 SUCCESSOR_LOADED operator_live True controller NOT_APPLICABLE loaded_pid 1828793 sleep None head 5782 UPDATE 
C1 CURRENT_READMISSION_LOADED operator_live None controller NOT_APPLICABLE loaded_pid 1575686 sleep 40 head 4981 UPDATE 
C3 SUCCESSOR_LOADED operator_live True controller NOT_APPLICABLE loaded_pid 1656800 sleep None head 4459 UPDATE 
C4 CURRENT_READMISSION_LOADED operator_live None controller NOT_APPLICABLE loaded_pid 1625840 sleep 37 head 4354 SLEEP_COMPLETE 
repo_reader SUCCESSOR_LOADED operator_live True controller NOT_APPLICABLE loaded_pid 1875185 sleep None head 5242 UPDATE 
/data/home/rohing/dream-state-orch/research_loop/workers/r179_context_survival_20260917/node5/ROLLOUT_METADATA_1789675520018105828.json
C2 SUCCESSOR_LOADED operator_live True controller CONTROLLER_TRANSFER_VERIFIED loaded_pid 1626817 sleep 40 head 4947 COMMITTED 
C5 FAILED_CLOSED operator_live False controller TRANSFER_NOT_STARTED loaded_pid None sleep None head 4203 UPDATE boundary_wait_expired_original_left_running
pilot SUCCESSOR_LOADED operator_live True controller NOT_APPLICABLE loaded_pid 1835262 sleep None head 5627 UPDATE 
run1 SUCCESSOR_LOADED operator_live True controller NOT_APPLICABLE loaded_pid 1828793 sleep None head 5783 UPDATE 
C1 CURRENT_READMISSION_LOADED operator_live None controller NOT_APPLICABLE loaded_pid 1575686 sleep 40 head 4982 UPDATE 
C3 SUCCESSOR_LOADED operator_live True controller NOT_APPLICABLE loaded_pid 1656800 sleep None head 4460 UPDATE 
C4 CURRENT_READMISSION_LOADED operator_live None controller NOT_APPLICABLE loaded_pid 1625840 sleep 37 head 4355 INBOX 
repo_reader SUCCESSOR_LOADED operator_live True controller NOT_APPLICABLE loaded_pid 1875185 sleep None head 5242 UPDATE 
/data/home/rohing/dream-state-orch/research_loop/workers/r179_context_survival_20260917/node5/ROLLOUT_METADATA_1789675551721528902.json
C2 SUCCESSOR_LOADED operator_live True controller CONTROLLER_TRANSFER_VERIFIED loaded_pid 1626817 sleep 40 head 4948 REQUEST 
C5 FAILED_CLOSED operator_live False controller TRANSFER_NOT_STARTED loaded_pid None sleep None head 4204 UPDATE boundary_wait_expired_original_left_running
pilot SUCCESSOR_LOADED operator_live True controller NOT_APPLICABLE loaded_pid 1835262 sleep None head 5627 UPDATE 
run1 SUCCESSOR_LOADED operator_live True controller NOT_APPLICABLE loaded_pid 1828793 sleep None head 5783 UPDATE 
C1 CURRENT_READMISSION_LOADED operator_live None controller NOT_APPLICABLE loaded_pid 1575686 sleep 40 head 4983 UPDATE 
C3 SUCCESSOR_LOADED operator_live True controller NOT_APPLICABLE loaded_pid 1656800 sleep None head 4461 UPDATE 
C4 CURRENT_READMISSION_LOADED operator_live None controller NOT_APPLICABLE loaded_pid 1625840 sleep 37 head 4356 REQUEST 
repo_reader SUCCESSOR_LOADED operator_live True controller NOT_APPLICABLE loaded_pid 1875185 sleep None head 5243 UPDATE 
/data/home/rohing/dream-state-orch/research_loop/workers/r179_context_survival_20260917/node5/ROLLOUT_METADATA_1789675583681371353.json
C2 SUCCESSOR_LOADED operator_live True controller CONTROLLER_TRANSFER_VERIFIED loaded_pid 1626817 sleep 40 head 4949 RESPONSE 
C5 FAILED_CLOSED operator_live False controller TRANSFER_NOT_STARTED loaded_pid None sleep None head 4205 UPDATE boundary_wait_expired_original_left_running
pilot SUCCESSOR_LOADED operator_live True controller NOT_APPLICABLE loaded_pid 1835262 sleep None head 5628 UPDATE 
run1 SUCCESSOR_LOADED operator_live True controller NOT_APPLICABLE loaded_pid 1828793 sleep None head 5784 UPDATE 
C1 CURRENT_READMISSION_LOADED operator_live None controller NOT_APPLICABLE loaded_pid 1575686 sleep 40 head 4984 UPDATE 
C3 SUCCESSOR_LOADED operator_live True controller NOT_APPLICABLE loaded_pid 1656800 sleep None head 4462 UPDATE 
C4 CURRENT_READMISSION_LOADED operator_live None controller NOT_APPLICABLE loaded_pid 1625840 sleep 37 head 4356 REQUEST 
repo_reader SUCCESSOR_LOADED operator_live True controller NOT_APPLICABLE loaded_pid 1875185 sleep None head 5244 UPDATE 
/data/home/rohing/dream-state-orch/research_loop/workers/r179_context_survival_20260917/node5/ROLLOUT_METADATA_1789675615704918993.json
C2 SUCCESSOR_LOADED operator_live True controller CONTROLLER_TRANSFER_VERIFIED loaded_pid 1626817 sleep 40 head 4950 COMMITTED 
C5 FAILED_CLOSED operator_live False controller TRANSFER_NOT_STARTED loaded_pid None sleep None head 4206 UPDATE boundary_wait_expired_original_left_running
pilot SUCCESSOR_LOADED operator_live True controller NOT_APPLICABLE loaded_pid 1835262 sleep None head 5629 UPDATE 
run1 SUCCESSOR_LOADED operator_live True controller NOT_APPLICABLE loaded_pid 1828793 sleep None head 5784 UPDATE 
C1 CURRENT_READMISSION_LOADED operator_live None controller NOT_APPLICABLE loaded_pid 1575686 sleep 40 head 4985 UPDATE 
C3 SUCCESSOR_LOADED operator_live True controller NOT_APPLICABLE loaded_pid 1656800 sleep None head 4463 UPDATE 
C4 CURRENT_READMISSION_LOADED operator_live None controller NOT_APPLICABLE loaded_pid 1625840 sleep 37 head 4357 RESPONSE 
repo_reader SUCCESSOR_LOADED operator_live True controller NOT_APPLICABLE loaded_pid 1875185 sleep None head 5244 UPDATE 
/data/home/rohing/dream-state-orch/research_loop/workers/r179_context_survival_20260917/node5/ROLLOUT_METADATA_1789675647668629208.json
C2 SUCCESSOR_LOADED operator_live True controller CONTROLLER_TRANSFER_VERIFIED loaded_pid 1626817 sleep 40 head 4951 PRESLEEP_RETELLING_INVITATION 
C5 FAILED_CLOSED operator_live False controller TRANSFER_NOT_STARTED loaded_pid None sleep None head 4207 UPDATE boundary_wait_expired_original_left_running
pilot SUCCESSOR_LOADED operator_live True controller NOT_APPLICABLE loaded_pid 1835262 sleep None head 5629 UPDATE 
run1 SUCCESSOR_LOADED operator_live True controller NOT_APPLICABLE loaded_pid 1828793 sleep None head 5785 UPDATE 
C1 CURRENT_READMISSION_LOADED operator_live None controller NOT_APPLICABLE loaded_pid 1575686 sleep 40 head 4986 UPDATE 
C3 SUCCESSOR_LOADED operator_live True controller NOT_APPLICABLE loaded_pid 1656800 sleep None head 4464 UPDATE 
C4 CURRENT_READMISSION_LOADED operator_live None controller NOT_APPLICABLE loaded_pid 1625840 sleep 37 head 4358 COMMITTED 
repo_reader SUCCESSOR_LOADED operator_live True controller NOT_APPLICABLE loaded_pid 1875185 sleep None head 5245 UPDATE 
/data/home/rohing/dream-state-orch/research_loop/workers/r179_context_survival_20260917/node5/ROLLOUT_METADATA_1789675679690526288.json
C2 SUCCESSOR_LOADED operator_live True controller CONTROLLER_TRANSFER_VERIFIED loaded_pid 1626817 sleep 40 head 4951 PRESLEEP_RETELLING_INVITATION 
C5 FAILED_CLOSED operator_live False controller TRANSFER_NOT_STARTED loaded_pid None sleep None head 4207 UPDATE boundary_wait_expired_original_left_running
pilot SUCCESSOR_LOADED operator_live True controller NOT_APPLICABLE loaded_pid 1835262 sleep None head 5630 UPDATE 
run1 SUCCESSOR_LOADED operator_live True controller NOT_APPLICABLE loaded_pid 1828793 sleep None head 5786 UPDATE 
C1 CURRENT_READMISSION_LOADED operator_live None controller NOT_APPLICABLE loaded_pid 1575686 sleep 40 head 4986 UPDATE 
C3 SUCCESSOR_LOADED operator_live True controller NOT_APPLICABLE loaded_pid 1656800 sleep None head 4465 UPDATE 
C4 CURRENT_READMISSION_LOADED operator_live None controller NOT_APPLICABLE loaded_pid 1625840 sleep 37 head 4358 COMMITTED 
repo_reader SUCCESSOR_LOADED operator_live True controller NOT_APPLICABLE loaded_pid 1875185 sleep None head 5246 UPDATE 
/data/home/rohing/dream-state-orch/research_loop/workers/r179_context_survival_20260917/node5/ROLLOUT_METADATA_1789675711701207387.json
C2 SUCCESSOR_LOADED operator_live True controller CONTROLLER_TRANSFER_VERIFIED loaded_pid 1626817 sleep 40 head 4952 INBOX 
C5 FAILED_CLOSED operator_live False controller TRANSFER_NOT_STARTED loaded_pid None sleep None head 4208 UPDATE boundary_wait_expired_original_left_running
pilot SUCCESSOR_LOADED operator_live True controller NOT_APPLICABLE loaded_pid 1835262 sleep None head 5631 UPDATE 
run1 SUCCESSOR_LOADED operator_live True controller NOT_APPLICABLE loaded_pid 1828793 sleep None head 5786 UPDATE 
C1 CURRENT_READMISSION_LOADED operator_live None controller NOT_APPLICABLE loaded_pid 1575686 sleep 40 head 4987 UPDATE 
C3 SUCCESSOR_LOADED operator_live True controller NOT_APPLICABLE loaded_pid 1656800 sleep None head 4466 UPDATE 
C4 CURRENT_READMISSION_LOADED operator_live None controller NOT_APPLICABLE loaded_pid 1625840 sleep 37 head 4359 REQUEST 
repo_reader SUCCESSOR_LOADED operator_live True controller NOT_APPLICABLE loaded_pid 1875185 sleep None head 5246 UPDATE 
/data/home/rohing/dream-state-orch/research_loop/workers/r179_context_survival_20260917/node5/ROLLOUT_METADATA_1789675744049842854.json
C2 SUCCESSOR_LOADED operator_live True controller CONTROLLER_TRANSFER_VERIFIED loaded_pid 1626817 sleep 40 head 4953 REQUEST 
C5 FAILED_CLOSED operator_live False controller TRANSFER_NOT_STARTED loaded_pid None sleep None head 4209 UPDATE boundary_wait_expired_original_left_running
pilot SUCCESSOR_LOADED operator_live True controller NOT_APPLICABLE loaded_pid 1835262 sleep None head 5631 UPDATE 
run1 SUCCESSOR_LOADED operator_live True controller NOT_APPLICABLE loaded_pid 1828793 sleep None head 5787 UPDATE 
C1 CURRENT_READMISSION_LOADED operator_live None controller NOT_APPLICABLE loaded_pid 1575686 sleep 40 head 4988 UPDATE 
C3 SUCCESSOR_LOADED operator_live True controller NOT_APPLICABLE loaded_pid 1656800 sleep None head 4466 UPDATE 
C4 CURRENT_READMISSION_LOADED operator_live None controller NOT_APPLICABLE loaded_pid 1625840 sleep 37 head 4359 REQUEST 
repo_reader SUCCESSOR_LOADED operator_live True controller NOT_APPLICABLE loaded_pid 1875185 sleep None head 5247 UPDATE 
/data/home/rohing/dream-state-orch/research_loop/workers/r179_context_survival_20260917/node5/ROLLOUT_METADATA_1789675775957104681.json
C2 SUCCESSOR_LOADED operator_live True controller CONTROLLER_TRANSFER_VERIFIED loaded_pid 1626817 sleep 40 head 4953 REQUEST 
C5 FAILED_CLOSED operator_live False controller TRANSFER_NOT_STARTED loaded_pid None sleep None head 4210 UPDATE boundary_wait_expired_original_left_running
pilot SUCCESSOR_LOADED operator_live True controller NOT_APPLICABLE loaded_pid 1835262 sleep None head 5632 UPDATE 
run1 SUCCESSOR_LOADED operator_live True controller NOT_APPLICABLE loaded_pid 1828793 sleep None head 5787 UPDATE 
C1 CURRENT_READMISSION_LOADED operator_live None controller NOT_APPLICABLE loaded_pid 1575686 sleep 40 head 4989 UPDATE 
C3 SUCCESSOR_LOADED operator_live True controller NOT_APPLICABLE loaded_pid 1656800 sleep None head 4467 UPDATE 
C4 CURRENT_READMISSION_LOADED operator_live None controller NOT_APPLICABLE loaded_pid 1625840 sleep 37 head 4360 RESPONSE 
repo_reader SUCCESSOR_LOADED operator_live True controller NOT_APPLICABLE loaded_pid 1875185 sleep None head 5248 UPDATE 
/data/home/rohing/dream-state-orch/research_loop/workers/r179_context_survival_20260917/node5/ROLLOUT_METADATA_1789675808157707727.json
C2 SUCCESSOR_LOADED operator_live True controller CONTROLLER_TRANSFER_VERIFIED loaded_pid 1626817 sleep 40 head 4954 RESPONSE 
C5 FAILED_CLOSED operator_live False controller TRANSFER_NOT_STARTED loaded_pid None sleep None head 4211 UPDATE boundary_wait_expired_original_left_running
pilot SUCCESSOR_LOADED operator_live True controller NOT_APPLICABLE loaded_pid 1835262 sleep None head 5633 UPDATE 
run1 SUCCESSOR_LOADED operator_live True controller NOT_APPLICABLE loaded_pid 1828793 sleep None head 5788 UPDATE 
C1 CURRENT_READMISSION_LOADED operator_live None controller NOT_APPLICABLE loaded_pid 1575686 sleep 40 head 4990 UPDATE 
C3 SUCCESSOR_LOADED operator_live True controller NOT_APPLICABLE loaded_pid 1656800 sleep None head 4468 UPDATE 
C4 CURRENT_READMISSION_LOADED operator_live None controller NOT_APPLICABLE loaded_pid 1625840 sleep 37 head 4361 COMMITTED 
repo_reader SUCCESSOR_LOADED operator_live True controller NOT_APPLICABLE loaded_pid 1875185 sleep None head 5248 UPDATE 
/data/home/rohing/dream-state-orch/research_loop/workers/r179_context_survival_20260917/node5/ROLLOUT_METADATA_1789675840265046213.json
C2 SUCCESSOR_LOADED operator_live True controller CONTROLLER_TRANSFER_VERIFIED loaded_pid 1626817 sleep 40 head 4955 COMMITTED 
C5 FAILED_CLOSED operator_live False controller TRANSFER_NOT_STARTED loaded_pid None sleep None head 4212 UPDATE boundary_wait_expired_original_left_running
pilot SUCCESSOR_LOADED operator_live True controller NOT_APPLICABLE loaded_pid 1835262 sleep None head 5633 UPDATE 
run1 SUCCESSOR_LOADED operator_live True controller NOT_APPLICABLE loaded_pid 1828793 sleep None head 5789 UPDATE 
C1 CURRENT_READMISSION_LOADED operator_live None controller NOT_APPLICABLE loaded_pid 1575686 sleep 40 head 4991 UPDATE 
C3 SUCCESSOR_LOADED operator_live True controller NOT_APPLICABLE loaded_pid 1656800 sleep None head 4469 UPDATE 
C4 CURRENT_READMISSION_LOADED operator_live None controller NOT_APPLICABLE loaded_pid 1625840 sleep 37 head 4361 COMMITTED 
repo_reader SUCCESSOR_LOADED operator_live True controller NOT_APPLICABLE loaded_pid 1875185 sleep None head 5249 UPDATE 
/data/home/rohing/dream-state-orch/research_loop/workers/r179_context_survival_20260917/node5/ROLLOUT_METADATA_1789675872497901884.json
C2 SUCCESSOR_LOADED operator_live True controller CONTROLLER_TRANSFER_VERIFIED loaded_pid 1626817 sleep 40 head 4956 CONTEXT_RETAINED 
C5 FAILED_CLOSED operator_live False controller TRANSFER_NOT_STARTED loaded_pid None sleep None head 4213 UPDATE boundary_wait_expired_original_left_running
pilot SUCCESSOR_LOADED operator_live True controller NOT_APPLICABLE loaded_pid 1835262 sleep None head 5634 UPDATE 
run1 SUCCESSOR_LOADED operator_live True controller NOT_APPLICABLE loaded_pid 1828793 sleep None head 5789 UPDATE 
C1 CURRENT_READMISSION_LOADED operator_live None controller NOT_APPLICABLE loaded_pid 1575686 sleep 40 head 4992 UPDATE 
C3 SUCCESSOR_LOADED operator_live True controller NOT_APPLICABLE loaded_pid 1656800 sleep None head 4470 UPDATE 
C4 CURRENT_READMISSION_LOADED operator_live None controller NOT_APPLICABLE loaded_pid 1625840 sleep 37 head 4362 INBOX 
repo_reader SUCCESSOR_LOADED operator_live True controller NOT_APPLICABLE loaded_pid 1875185 sleep None head 5250 UPDATE 
/data/home/rohing/dream-state-orch/research_loop/workers/r179_context_survival_20260917/node5/ROLLOUT_METADATA_1789675904322671942.json
C2 SUCCESSOR_LOADED operator_live True controller CONTROLLER_TRANSFER_VERIFIED loaded_pid 1626817 sleep 40 head 4957 SLEEP_REQUEST 
C5 FAILED_CLOSED operator_live False controller TRANSFER_NOT_STARTED loaded_pid None sleep None head 4213 UPDATE boundary_wait_expired_original_left_running
pilot SUCCESSOR_LOADED operator_live True controller NOT_APPLICABLE loaded_pid 1835262 sleep None head 5635 UPDATE 
run1 SUCCESSOR_LOADED operator_live True controller NOT_APPLICABLE loaded_pid 1828793 sleep None head 5790 UPDATE 
C1 CURRENT_READMISSION_LOADED operator_live None controller NOT_APPLICABLE loaded_pid 1575686 sleep 40 head 4993 UPDATE 
C3 SUCCESSOR_LOADED operator_live True controller NOT_APPLICABLE loaded_pid 1656800 sleep None head 4471 UPDATE 
C4 CURRENT_READMISSION_LOADED operator_live None controller NOT_APPLICABLE loaded_pid 1625840 sleep 37 head 4363 REQUEST 
repo_reader SUCCESSOR_LOADED operator_live True controller NOT_APPLICABLE loaded_pid 1875185 sleep None head 5250 UPDATE 
/data/home/rohing/dream-state-orch/research_loop/workers/r179_context_survival_20260917/node5/ROLLOUT_METADATA_1789675936330704514.json
C2 SUCCESSOR_LOADED operator_live True controller CONTROLLER_TRANSFER_VERIFIED loaded_pid 1626817 sleep 40 head 4958 TARGET_ELIGIBILITY 
C5 FAILED_CLOSED operator_live False controller TRANSFER_NOT_STARTED loaded_pid None sleep None head 4214 UPDATE boundary_wait_expired_original_left_running
pilot SUCCESSOR_LOADED operator_live True controller NOT_APPLICABLE loaded_pid 1835262 sleep None head 5635 UPDATE 
run1 SUCCESSOR_LOADED operator_live True controller NOT_APPLICABLE loaded_pid 1828793 sleep None head 5790 UPDATE 
C1 CURRENT_READMISSION_LOADED operator_live None controller NOT_APPLICABLE loaded_pid 1575686 sleep 40 head 4994 UPDATE 
C3 SUCCESSOR_LOADED operator_live True controller NOT_APPLICABLE loaded_pid 1656800 sleep None head 4472 UPDATE 
C4 CURRENT_READMISSION_LOADED operator_live None controller NOT_APPLICABLE loaded_pid 1625840 sleep 37 head 4363 REQUEST 
repo_reader SUCCESSOR_LOADED operator_live True controller NOT_APPLICABLE loaded_pid 1875185 sleep None head 5251 UPDATE 
/data/home/rohing/dream-state-orch/research_loop/workers/r179_context_survival_20260917/node5/ROLLOUT_METADATA_1789675968128881296.json
C2 SUCCESSOR_LOADED operator_live True controller CONTROLLER_TRANSFER_VERIFIED loaded_pid 1626817 sleep 40 head 4959 CHECKPOINT_METADATA 
C5 FAILED_CLOSED operator_live False controller TRANSFER_NOT_STARTED loaded_pid None sleep None head 4215 UPDATE boundary_wait_expired_original_left_running
pilot SUCCESSOR_LOADED operator_live True controller NOT_APPLICABLE loaded_pid 1835262 sleep None head 5636 UPDATE 
run1 SUCCESSOR_LOADED operator_live True controller NOT_APPLICABLE loaded_pid 1828793 sleep None head 5791 UPDATE 
C1 CURRENT_READMISSION_LOADED operator_live None controller NOT_APPLICABLE loaded_pid 1575686 sleep 40 head 4995 UPDATE 
C3 SUCCESSOR_LOADED operator_live True controller NOT_APPLICABLE loaded_pid 1656800 sleep None head 4472 UPDATE 
C4 CURRENT_READMISSION_LOADED operator_live None controller NOT_APPLICABLE loaded_pid 1625840 sleep 37 head 4364 RESPONSE 
repo_reader SUCCESSOR_LOADED operator_live True controller NOT_APPLICABLE loaded_pid 1875185 sleep None head 5252 UPDATE 
/data/home/rohing/dream-state-orch/research_loop/workers/r179_context_survival_20260917/node5/ROLLOUT_METADATA_1789676000285369657.json
C2 SUCCESSOR_LOADED operator_live True controller CONTROLLER_TRANSFER_VERIFIED loaded_pid 1626817 sleep 40 head 4960 UPDATE 
C5 FAILED_CLOSED operator_live False controller TRANSFER_NOT_STARTED loaded_pid None sleep None head 4216 UPDATE boundary_wait_expired_original_left_running
pilot SUCCESSOR_LOADED operator_live True controller NOT_APPLICABLE loaded_pid 1835262 sleep None head 5636 UPDATE 
run1 SUCCESSOR_LOADED operator_live True controller NOT_APPLICABLE loaded_pid 1828793 sleep None head 5792 UPDATE 
C1 CURRENT_READMISSION_LOADED operator_live None controller NOT_APPLICABLE loaded_pid 1575686 sleep 40 head 4996 UPDATE 
C3 SUCCESSOR_LOADED operator_live True controller NOT_APPLICABLE loaded_pid 1656800 sleep None head 4472 UPDATE 
C4 CURRENT_READMISSION_LOADED operator_live None controller NOT_APPLICABLE loaded_pid 1625840 sleep 37 head 4365 COMMITTED 
repo_reader SUCCESSOR_LOADED operator_live True controller NOT_APPLICABLE loaded_pid 1875185 sleep None head 5252 UPDATE 
/data/home/rohing/dream-state-orch/research_loop/workers/r179_context_survival_20260917/node5/ROLLOUT_METADATA_1789676032073431740.json
C2 SUCCESSOR_LOADED operator_live True controller CONTROLLER_TRANSFER_VERIFIED loaded_pid 1626817 sleep 40 head 4961 UPDATE 
C5 FAILED_CLOSED operator_live False controller TRANSFER_NOT_STARTED loaded_pid None sleep None head 4217 UPDATE boundary_wait_expired_original_left_running
pilot SUCCESSOR_LOADED operator_live True controller NOT_APPLICABLE loaded_pid 1835262 sleep None head 5637 UPDATE 
run1 SUCCESSOR_LOADED operator_live True controller NOT_APPLICABLE loaded_pid 1828793 sleep None head 5792 UPDATE 
C1 CURRENT_READMISSION_LOADED operator_live None controller NOT_APPLICABLE loaded_pid 1575686 sleep 40 head 4997 UPDATE 
C3 SUCCESSOR_LOADED operator_live True controller NOT_APPLICABLE loaded_pid 1656800 sleep 38 head 4473 SLEEP_COMPLETE 
C4 CURRENT_READMISSION_LOADED operator_live None controller NOT_APPLICABLE loaded_pid 1625840 sleep 37 head 4366 CONTEXT_RETAINED 
repo_reader SUCCESSOR_LOADED operator_live True controller NOT_APPLICABLE loaded_pid 1875185 sleep None head 5253 UPDATE 
/data/home/rohing/dream-state-orch/research_loop/workers/r179_context_survival_20260917/node5/ROLLOUT_METADATA_1789676064168452990.json
C2 SUCCESSOR_LOADED operator_live True controller CONTROLLER_TRANSFER_VERIFIED loaded_pid 1626817 sleep 40 head 4961 UPDATE 
C5 FAILED_CLOSED operator_live False controller TRANSFER_NOT_STARTED loaded_pid None sleep None head 4218 UPDATE boundary_wait_expired_original_left_running
pilot SUCCESSOR_LOADED operator_live True controller NOT_APPLICABLE loaded_pid 1835262 sleep None head 5638 UPDATE 
run1 SUCCESSOR_LOADED operator_live True controller NOT_APPLICABLE loaded_pid 1828793 sleep None head 5793 UPDATE 
C1 CURRENT_READMISSION_LOADED operator_live None controller NOT_APPLICABLE loaded_pid 1575686 sleep 40 head 4998 UPDATE 
C3 SUCCESSOR_LOADED operator_live True controller NOT_APPLICABLE loaded_pid 1656800 sleep 38 head 4473 SLEEP_COMPLETE 
C4 CURRENT_READMISSION_LOADED operator_live None controller NOT_APPLICABLE loaded_pid 1625840 sleep 37 head 4367 SLEEP_REQUEST 
repo_reader SUCCESSOR_LOADED operator_live True controller NOT_APPLICABLE loaded_pid 1875185 sleep None head 5254 UPDATE 
/data/home/rohing/dream-state-orch/research_loop/workers/r179_context_survival_20260917/node5/ROLLOUT_METADATA_1789676096280268769.json
C2 SUCCESSOR_LOADED operator_live True controller CONTROLLER_TRANSFER_VERIFIED loaded_pid 1626817 sleep 40 head 4962 UPDATE 
C5 FAILED_CLOSED operator_live False controller TRANSFER_NOT_STARTED loaded_pid None sleep None head 4218 UPDATE boundary_wait_expired_original_left_running
pilot SUCCESSOR_LOADED operator_live True controller NOT_APPLICABLE loaded_pid 1835262 sleep None head 5638 UPDATE 
run1 SUCCESSOR_LOADED operator_live True controller NOT_APPLICABLE loaded_pid 1828793 sleep None head 5794 UPDATE 
C1 CURRENT_READMISSION_LOADED operator_live None controller NOT_APPLICABLE loaded_pid 1575686 sleep 40 head 4999 UPDATE 
C3 SUCCESSOR_LOADED operator_live True controller NOT_APPLICABLE loaded_pid 1656800 sleep 38 head 4473 SLEEP_COMPLETE 
C4 CURRENT_READMISSION_LOADED operator_live None controller NOT_APPLICABLE loaded_pid 1625840 sleep 37 head 4368 TARGET_ELIGIBILITY 
repo_reader SUCCESSOR_LOADED operator_live True controller NOT_APPLICABLE loaded_pid 1875185 sleep None head 5254 UPDATE 
/data/home/rohing/dream-state-orch/research_loop/workers/r179_context_survival_20260917/node5/ROLLOUT_METADATA_1789676128288458761.json
C2 SUCCESSOR_LOADED operator_live True controller CONTROLLER_TRANSFER_VERIFIED loaded_pid 1626817 sleep 40 head 4963 UPDATE 
C5 FAILED_CLOSED operator_live False controller TRANSFER_NOT_STARTED loaded_pid None sleep None head 4219 UPDATE boundary_wait_expired_original_left_running
pilot SUCCESSOR_LOADED operator_live True controller NOT_APPLICABLE loaded_pid 1835262 sleep None head 5639 UPDATE 
run1 SUCCESSOR_LOADED operator_live True controller NOT_APPLICABLE loaded_pid 1828793 sleep None head 5794 UPDATE 
C1 CURRENT_READMISSION_LOADED operator_live None controller NOT_APPLICABLE loaded_pid 1575686 sleep 40 head 5000 UPDATE 
C3 SUCCESSOR_LOADED operator_live True controller NOT_APPLICABLE loaded_pid 1656800 sleep 38 head 4473 SLEEP_COMPLETE 
C4 CURRENT_READMISSION_LOADED operator_live None controller NOT_APPLICABLE loaded_pid 1625840 sleep 37 head 4368 TARGET_ELIGIBILITY 
repo_reader SUCCESSOR_LOADED operator_live True controller NOT_APPLICABLE loaded_pid 1875185 sleep None head 5255 UPDATE 
/data/home/rohing/dream-state-orch/research_loop/workers/r179_context_survival_20260917/node5/ROLLOUT_METADATA_1789676160619253270.json
C2 SUCCESSOR_LOADED operator_live True controller CONTROLLER_TRANSFER_VERIFIED loaded_pid 1626817 sleep 40 head 4964 UPDATE 
C5 FAILED_CLOSED operator_live False controller TRANSFER_NOT_STARTED loaded_pid None sleep None head 4220 UPDATE boundary_wait_expired_original_left_running
pilot SUCCESSOR_LOADED operator_live True controller NOT_APPLICABLE loaded_pid 1835262 sleep None head 5640 UPDATE 
run1 SUCCESSOR_LOADED operator_live True controller NOT_APPLICABLE loaded_pid 1828793 sleep None head 5795 UPDATE 
C1 CURRENT_READMISSION_LOADED operator_live None controller NOT_APPLICABLE loaded_pid 1575686 sleep 40 head 5001 UPDATE 
C3 SUCCESSOR_LOADED operator_live True controller NOT_APPLICABLE loaded_pid 1656800 sleep 38 head 4473 SLEEP_COMPLETE 
C4 CURRENT_READMISSION_LOADED operator_live None controller NOT_APPLICABLE loaded_pid 1625840 sleep 37 head 4369 CHECKPOINT_METADATA 
repo_reader SUCCESSOR_LOADED operator_live True controller NOT_APPLICABLE loaded_pid 1875185 sleep None head 5256 UPDATE 
/data/home/rohing/dream-state-orch/research_loop/workers/r179_context_survival_20260917/node5/ROLLOUT_METADATA_1789676192723154322.json
C2 SUCCESSOR_LOADED operator_live True controller CONTROLLER_TRANSFER_VERIFIED loaded_pid 1626817 sleep 40 head 4965 UPDATE 
C5 FAILED_CLOSED operator_live False controller TRANSFER_NOT_STARTED loaded_pid None sleep None head 4221 UPDATE boundary_wait_expired_original_left_running
pilot SUCCESSOR_LOADED operator_live True controller NOT_APPLICABLE loaded_pid 1835262 sleep None head 5640 UPDATE 
run1 SUCCESSOR_LOADED operator_live True controller NOT_APPLICABLE loaded_pid 1828793 sleep None head 5795 UPDATE 
C1 CURRENT_READMISSION_LOADED operator_live None controller NOT_APPLICABLE loaded_pid 1575686 sleep 40 head 5002 UPDATE 
C3 SUCCESSOR_LOADED operator_live True controller NOT_APPLICABLE loaded_pid 1656800 sleep 38 head 4473 SLEEP_COMPLETE 
C4 CURRENT_READMISSION_LOADED operator_live None controller NOT_APPLICABLE loaded_pid 1625840 sleep 37 head 4370 UPDATE 
repo_reader SUCCESSOR_LOADED operator_live True controller NOT_APPLICABLE loaded_pid 1875185 sleep None head 5256 UPDATE 
/data/home/rohing/dream-state-orch/research_loop/workers/r179_context_survival_20260917/node5/ROLLOUT_METADATA_1789676224527709437.json
C2 SUCCESSOR_LOADED operator_live True controller CONTROLLER_TRANSFER_VERIFIED loaded_pid 1626817 sleep 40 head 4966 UPDATE 
C5 FAILED_CLOSED operator_live False controller TRANSFER_NOT_STARTED loaded_pid None sleep None head 4222 UPDATE boundary_wait_expired_original_left_running
pilot SUCCESSOR_LOADED operator_live True controller NOT_APPLICABLE loaded_pid 1835262 sleep None head 5641 UPDATE 
run1 SUCCESSOR_LOADED operator_live True controller NOT_APPLICABLE loaded_pid 1828793 sleep None head 5796 UPDATE 
C1 CURRENT_READMISSION_LOADED operator_live None controller NOT_APPLICABLE loaded_pid 1575686 sleep 40 head 5003 UPDATE 
C3 SUCCESSOR_LOADED operator_live True controller NOT_APPLICABLE loaded_pid 1656800 sleep 38 head 4474 INBOX 
C4 CURRENT_READMISSION_LOADED operator_live None controller NOT_APPLICABLE loaded_pid 1625840 sleep 37 head 4371 UPDATE 
repo_reader SUCCESSOR_LOADED operator_live True controller NOT_APPLICABLE loaded_pid 1875185 sleep None head 5257 UPDATE 
/data/home/rohing/dream-state-orch/research_loop/workers/r179_context_survival_20260917/node5/ROLLOUT_METADATA_1789676256835678773.json
C2 SUCCESSOR_LOADED operator_live True controller CONTROLLER_TRANSFER_VERIFIED loaded_pid 1626817 sleep 40 head 4967 UPDATE 
C5 FAILED_CLOSED operator_live False controller TRANSFER_NOT_STARTED loaded_pid None sleep None head 4223 UPDATE boundary_wait_expired_original_left_running
pilot SUCCESSOR_LOADED operator_live True controller NOT_APPLICABLE loaded_pid 1835262 sleep None head 5642 UPDATE 
run1 SUCCESSOR_LOADED operator_live True controller NOT_APPLICABLE loaded_pid 1828793 sleep None head 5797 UPDATE 
C1 CURRENT_READMISSION_LOADED operator_live None controller NOT_APPLICABLE loaded_pid 1575686 sleep 40 head 5004 UPDATE 
C3 SUCCESSOR_LOADED operator_live True controller NOT_APPLICABLE loaded_pid 1656800 sleep 38 head 4475 REQUEST 
C4 CURRENT_READMISSION_LOADED operator_live None controller NOT_APPLICABLE loaded_pid 1625840 sleep 37 head 4372 UPDATE 
repo_reader SUCCESSOR_LOADED operator_live True controller NOT_APPLICABLE loaded_pid 1875185 sleep None head 5258 UPDATE 
/data/home/rohing/dream-state-orch/research_loop/workers/r179_context_survival_20260917/node5/ROLLOUT_METADATA_1789676289016447641.json
C2 SUCCESSOR_LOADED operator_live True controller CONTROLLER_TRANSFER_VERIFIED loaded_pid 1626817 sleep 40 head 4968 UPDATE 
C5 FAILED_CLOSED operator_live False controller TRANSFER_NOT_STARTED loaded_pid None sleep None head 4224 UPDATE boundary_wait_expired_original_left_running
pilot SUCCESSOR_LOADED operator_live True controller NOT_APPLICABLE loaded_pid 1835262 sleep None head 5642 UPDATE 
run1 SUCCESSOR_LOADED operator_live True controller NOT_APPLICABLE loaded_pid 1828793 sleep None head 5797 UPDATE 
C1 CURRENT_READMISSION_LOADED operator_live None controller NOT_APPLICABLE loaded_pid 1575686 sleep 40 head 5005 UPDATE 
C3 SUCCESSOR_LOADED operator_live True controller NOT_APPLICABLE loaded_pid 1656800 sleep 38 head 4475 REQUEST 
C4 CURRENT_READMISSION_LOADED operator_live None controller NOT_APPLICABLE loaded_pid 1625840 sleep 37 head 4373 UPDATE 
repo_reader SUCCESSOR_LOADED operator_live True controller NOT_APPLICABLE loaded_pid 1875185 sleep None head 5258 UPDATE 
/data/home/rohing/dream-state-orch/research_loop/workers/r179_context_survival_20260917/node5/ROLLOUT_METADATA_1789676321297701046.json
C2 SUCCESSOR_LOADED operator_live True controller CONTROLLER_TRANSFER_VERIFIED loaded_pid 1626817 sleep 40 head 4968 UPDATE 
C5 FAILED_CLOSED operator_live False controller TRANSFER_NOT_STARTED loaded_pid None sleep None head 4224 UPDATE boundary_wait_expired_original_left_running
pilot SUCCESSOR_LOADED operator_live True controller NOT_APPLICABLE loaded_pid 1835262 sleep None head 5643 UPDATE 
run1 SUCCESSOR_LOADED operator_live True controller NOT_APPLICABLE loaded_pid 1828793 sleep None head 5798 UPDATE 
C1 CURRENT_READMISSION_LOADED operator_live None controller NOT_APPLICABLE loaded_pid 1575686 sleep 40 head 5006 UPDATE 
C3 SUCCESSOR_LOADED operator_live True controller NOT_APPLICABLE loaded_pid 1656800 sleep 38 head 4476 RESPONSE 
C4 CURRENT_READMISSION_LOADED operator_live None controller NOT_APPLICABLE loaded_pid 1625840 sleep 37 head 4373 UPDATE 
repo_reader SUCCESSOR_LOADED operator_live True controller NOT_APPLICABLE loaded_pid 1875185 sleep None head 5259 UPDATE 
/data/home/rohing/dream-state-orch/research_loop/workers/r179_context_survival_20260917/node5/ROLLOUT_METADATA_1789676353492412674.json
C2 SUCCESSOR_LOADED operator_live True controller CONTROLLER_TRANSFER_VERIFIED loaded_pid 1626817 sleep 40 head 4969 UPDATE 
C5 FAILED_CLOSED operator_live False controller TRANSFER_NOT_STARTED loaded_pid None sleep None head 4225 UPDATE boundary_wait_expired_original_left_running
pilot SUCCESSOR_LOADED operator_live True controller NOT_APPLICABLE loaded_pid 1835262 sleep None head 5644 UPDATE 
run1 SUCCESSOR_LOADED operator_live True controller NOT_APPLICABLE loaded_pid 1828793 sleep None head 5798 UPDATE 
C1 CURRENT_READMISSION_LOADED operator_live None controller NOT_APPLICABLE loaded_pid 1575686 sleep 40 head 5007 UPDATE 
C3 SUCCESSOR_LOADED operator_live True controller NOT_APPLICABLE loaded_pid 1656800 sleep 38 head 4477 COMMITTED 
C4 CURRENT_READMISSION_LOADED operator_live None controller NOT_APPLICABLE loaded_pid 1625840 sleep 37 head 4374 UPDATE 
repo_reader SUCCESSOR_LOADED operator_live True controller NOT_APPLICABLE loaded_pid 1875185 sleep None head 5260 UPDATE 
/data/home/rohing/dream-state-orch/research_loop/workers/r179_context_survival_20260917/node5/ROLLOUT_METADATA_1789676385228060223.json
C2 SUCCESSOR_LOADED operator_live True controller CONTROLLER_TRANSFER_VERIFIED loaded_pid 1626817 sleep 40 head 4970 UPDATE 
C5 FAILED_CLOSED operator_live False controller TRANSFER_NOT_STARTED loaded_pid None sleep None head 4226 UPDATE boundary_wait_expired_original_left_running
pilot SUCCESSOR_LOADED operator_live True controller NOT_APPLICABLE loaded_pid 1835262 sleep None head 5644 UPDATE 
run1 SUCCESSOR_LOADED operator_live True controller NOT_APPLICABLE loaded_pid 1828793 sleep None head 5799 UPDATE 
C1 CURRENT_READMISSION_LOADED operator_live None controller NOT_APPLICABLE loaded_pid 1575686 sleep 40 head 5007 UPDATE 
C3 SUCCESSOR_LOADED operator_live True controller NOT_APPLICABLE loaded_pid 1656800 sleep 38 head 4477 COMMITTED 
C4 CURRENT_READMISSION_LOADED operator_live None controller NOT_APPLICABLE loaded_pid 1625840 sleep 37 head 4375 UPDATE 
repo_reader SUCCESSOR_LOADED operator_live True controller NOT_APPLICABLE loaded_pid 1875185 sleep None head 5260 UPDATE 
/data/home/rohing/dream-state-orch/research_loop/workers/r179_context_survival_20260917/node5/ROLLOUT_METADATA_1789676417339005629.json
C2 SUCCESSOR_LOADED operator_live True controller CONTROLLER_TRANSFER_VERIFIED loaded_pid 1626817 sleep 40 head 4971 UPDATE 
C5 FAILED_CLOSED operator_live False controller TRANSFER_NOT_STARTED loaded_pid None sleep None head 4227 UPDATE boundary_wait_expired_original_left_running
pilot SUCCESSOR_LOADED operator_live True controller NOT_APPLICABLE loaded_pid 1835262 sleep None head 5645 UPDATE 
run1 SUCCESSOR_LOADED operator_live True controller NOT_APPLICABLE loaded_pid 1828793 sleep None head 5800 UPDATE 
C1 CURRENT_READMISSION_LOADED operator_live None controller NOT_APPLICABLE loaded_pid 1575686 sleep 40 head 5008 UPDATE 
C3 SUCCESSOR_LOADED operator_live True controller NOT_APPLICABLE loaded_pid 1656800 sleep 38 head 4478 REQUEST 
C4 CURRENT_READMISSION_LOADED operator_live None controller NOT_APPLICABLE loaded_pid 1625840 sleep 37 head 4376 UPDATE 
repo_reader SUCCESSOR_LOADED operator_live True controller NOT_APPLICABLE loaded_pid 1875185 sleep None head 5261 UPDATE 
/data/home/rohing/dream-state-orch/research_loop/workers/r179_context_survival_20260917/node5/ROLLOUT_METADATA_1789676449290368397.json
C2 SUCCESSOR_LOADED operator_live True controller CONTROLLER_TRANSFER_VERIFIED loaded_pid 1626817 sleep 40 head 4972 UPDATE 
C5 FAILED_CLOSED operator_live False controller TRANSFER_NOT_STARTED loaded_pid None sleep None head 4228 UPDATE boundary_wait_expired_original_left_running
pilot SUCCESSOR_LOADED operator_live True controller NOT_APPLICABLE loaded_pid 1835262 sleep None head 5646 UPDATE 
run1 SUCCESSOR_LOADED operator_live True controller NOT_APPLICABLE loaded_pid 1828793 sleep None head 5800 UPDATE 
C1 CURRENT_READMISSION_LOADED operator_live None controller NOT_APPLICABLE loaded_pid 1575686 sleep 40 head 5009 UPDATE 
C3 SUCCESSOR_LOADED operator_live True controller NOT_APPLICABLE loaded_pid 1656800 sleep 38 head 4478 REQUEST 
C4 CURRENT_READMISSION_LOADED operator_live None controller NOT_APPLICABLE loaded_pid 1625840 sleep 37 head 4377 UPDATE 
repo_reader SUCCESSOR_LOADED operator_live True controller NOT_APPLICABLE loaded_pid 1875185 sleep None head 5262 UPDATE 
/data/home/rohing/dream-state-orch/research_loop/workers/r179_context_survival_20260917/node5/ROLLOUT_METADATA_1789676481193492774.json
C2 SUCCESSOR_LOADED operator_live True controller CONTROLLER_TRANSFER_VERIFIED loaded_pid 1626817 sleep 40 head 4973 UPDATE 
C5 FAILED_CLOSED operator_live False controller TRANSFER_NOT_STARTED loaded_pid None sleep None head 4229 UPDATE boundary_wait_expired_original_left_running
pilot SUCCESSOR_LOADED operator_live True controller NOT_APPLICABLE loaded_pid 1835262 sleep None head 5646 UPDATE 
run1 SUCCESSOR_LOADED operator_live True controller NOT_APPLICABLE loaded_pid 1828793 sleep None head 5801 UPDATE 
C1 CURRENT_READMISSION_LOADED operator_live None controller NOT_APPLICABLE loaded_pid 1575686 sleep 40 head 5010 UPDATE 
C3 SUCCESSOR_LOADED operator_live True controller NOT_APPLICABLE loaded_pid 1656800 sleep 38 head 4479 RESPONSE 
C4 CURRENT_READMISSION_LOADED operator_live None controller NOT_APPLICABLE loaded_pid 1625840 sleep 37 head 4377 UPDATE 
repo_reader SUCCESSOR_LOADED operator_live True controller NOT_APPLICABLE loaded_pid 1875185 sleep None head 5262 UPDATE 
/data/home/rohing/dream-state-orch/research_loop/workers/r179_context_survival_20260917/node5/ROLLOUT_METADATA_1789676512985918433.json
C2 SUCCESSOR_LOADED operator_live True controller CONTROLLER_TRANSFER_VERIFIED loaded_pid 1626817 sleep 40 head 4974 UPDATE 
C5 FAILED_CLOSED operator_live False controller TRANSFER_NOT_STARTED loaded_pid None sleep None head 4229 UPDATE boundary_wait_expired_original_left_running
pilot SUCCESSOR_LOADED operator_live True controller NOT_APPLICABLE loaded_pid 1835262 sleep None head 5647 UPDATE 
run1 SUCCESSOR_LOADED operator_live True controller NOT_APPLICABLE loaded_pid 1828793 sleep None head 5801 UPDATE 
C1 CURRENT_READMISSION_LOADED operator_live None controller NOT_APPLICABLE loaded_pid 1575686 sleep 40 head 5011 UPDATE 
C3 SUCCESSOR_LOADED operator_live True controller NOT_APPLICABLE loaded_pid 1656800 sleep 38 head 4480 COMMITTED 
C4 CURRENT_READMISSION_LOADED operator_live None controller NOT_APPLICABLE loaded_pid 1625840 sleep 37 head 4378 UPDATE 
repo_reader SUCCESSOR_LOADED operator_live True controller NOT_APPLICABLE loaded_pid 1875185 sleep None head 5263 UPDATE 
/data/home/rohing/dream-state-orch/research_loop/workers/r179_context_survival_20260917/node5/ROLLOUT_METADATA_1789676545297460692.json
C2 SUCCESSOR_LOADED operator_live True controller CONTROLLER_TRANSFER_VERIFIED loaded_pid 1626817 sleep 40 head 4975 UPDATE 
C5 FAILED_CLOSED operator_live False controller TRANSFER_NOT_STARTED loaded_pid None sleep None head 4230 UPDATE boundary_wait_expired_original_left_running
pilot SUCCESSOR_LOADED operator_live True controller NOT_APPLICABLE loaded_pid 1835262 sleep None head 5648 UPDATE 
run1 SUCCESSOR_LOADED operator_live True controller NOT_APPLICABLE loaded_pid 1828793 sleep None head 5802 UPDATE 
C1 CURRENT_READMISSION_LOADED operator_live None controller NOT_APPLICABLE loaded_pid 1575686 sleep 40 head 5012 UPDATE 
C3 SUCCESSOR_LOADED operator_live True controller NOT_APPLICABLE loaded_pid 1656800 sleep 38 head 4480 COMMITTED 
C4 CURRENT_READMISSION_LOADED operator_live None controller NOT_APPLICABLE loaded_pid 1625840 sleep 37 head 4379 UPDATE 
repo_reader SUCCESSOR_LOADED operator_live True controller NOT_APPLICABLE loaded_pid 1875185 sleep None head 5264 UPDATE 
/data/home/rohing/dream-state-orch/research_loop/workers/r179_context_survival_20260917/node5/ROLLOUT_METADATA_1789676577521762698.json
C2 SUCCESSOR_LOADED operator_live True controller CONTROLLER_TRANSFER_VERIFIED loaded_pid 1626817 sleep 40 head 4975 UPDATE 
C5 FAILED_CLOSED operator_live False controller TRANSFER_NOT_STARTED loaded_pid None sleep None head 4231 UPDATE boundary_wait_expired_original_left_running
pilot SUCCESSOR_LOADED operator_live True controller NOT_APPLICABLE loaded_pid 1835262 sleep None head 5648 UPDATE 
run1 SUCCESSOR_LOADED operator_live True controller NOT_APPLICABLE loaded_pid 1828793 sleep None head 5803 UPDATE 
C1 CURRENT_READMISSION_LOADED operator_live None controller NOT_APPLICABLE loaded_pid 1575686 sleep 40 head 5013 UPDATE 
C3 SUCCESSOR_LOADED operator_live True controller NOT_APPLICABLE loaded_pid 1656800 sleep 38 head 4481 INBOX 
C4 CURRENT_READMISSION_LOADED operator_live None controller NOT_APPLICABLE loaded_pid 1625840 sleep 37 head 4380 UPDATE 
repo_reader SUCCESSOR_LOADED operator_live True controller NOT_APPLICABLE loaded_pid 1875185 sleep None head 5264 UPDATE 
/data/home/rohing/dream-state-orch/research_loop/workers/r179_context_survival_20260917/node5/ROLLOUT_METADATA_1789676609369568856.json
C2 SUCCESSOR_LOADED operator_live True controller CONTROLLER_TRANSFER_VERIFIED loaded_pid 1626817 sleep 40 head 4976 UPDATE 
C5 FAILED_CLOSED operator_live False controller TRANSFER_NOT_STARTED loaded_pid None sleep None head 4232 UPDATE boundary_wait_expired_original_left_running
pilot SUCCESSOR_LOADED operator_live True controller NOT_APPLICABLE loaded_pid 1835262 sleep None head 5649 UPDATE 
run1 SUCCESSOR_LOADED operator_live True controller NOT_APPLICABLE loaded_pid 1828793 sleep None head 5803 UPDATE 
C1 CURRENT_READMISSION_LOADED operator_live None controller NOT_APPLICABLE loaded_pid 1575686 sleep 40 head 5014 UPDATE 
C3 SUCCESSOR_LOADED operator_live True controller NOT_APPLICABLE loaded_pid 1656800 sleep 38 head 4482 REQUEST 
C4 CURRENT_READMISSION_LOADED operator_live None controller NOT_APPLICABLE loaded_pid 1625840 sleep 37 head 4381 UPDATE 
repo_reader SUCCESSOR_LOADED operator_live True controller NOT_APPLICABLE loaded_pid 1875185 sleep None head 5265 UPDATE 
/data/home/rohing/dream-state-orch/research_loop/workers/r179_context_survival_20260917/node5/ROLLOUT_METADATA_1789676641318975569.json
C2 SUCCESSOR_LOADED operator_live True controller CONTROLLER_TRANSFER_VERIFIED loaded_pid 1626817 sleep 40 head 4977 UPDATE 
C5 FAILED_CLOSED operator_live False controller TRANSFER_NOT_STARTED loaded_pid None sleep None head 4233 UPDATE boundary_wait_expired_original_left_running
pilot SUCCESSOR_LOADED operator_live True controller NOT_APPLICABLE loaded_pid 1835262 sleep None head 5650 UPDATE 
run1 SUCCESSOR_LOADED operator_live True controller NOT_APPLICABLE loaded_pid 1828793 sleep None head 5804 UPDATE 
C1 CURRENT_READMISSION_LOADED operator_live None controller NOT_APPLICABLE loaded_pid 1575686 sleep 40 head 5015 UPDATE 
C3 SUCCESSOR_LOADED operator_live True controller NOT_APPLICABLE loaded_pid 1656800 sleep 38 head 4482 REQUEST 
C4 CURRENT_READMISSION_LOADED operator_live None controller NOT_APPLICABLE loaded_pid 1625840 sleep 37 head 4381 UPDATE 
repo_reader SUCCESSOR_LOADED operator_live True controller NOT_APPLICABLE loaded_pid 1875185 sleep None head 5266 UPDATE 
/data/home/rohing/dream-state-orch/research_loop/workers/r179_context_survival_20260917/node5/ROLLOUT_METADATA_1789676673199925533.json
C2 SUCCESSOR_LOADED operator_live True controller CONTROLLER_TRANSFER_VERIFIED loaded_pid 1626817 sleep 40 head 4978 UPDATE 
C5 FAILED_CLOSED operator_live False controller TRANSFER_NOT_STARTED loaded_pid None sleep None head 4234 UPDATE boundary_wait_expired_original_left_running
pilot SUCCESSOR_LOADED operator_live True controller NOT_APPLICABLE loaded_pid 1835262 sleep None head 5650 UPDATE 
run1 SUCCESSOR_LOADED operator_live True controller NOT_APPLICABLE loaded_pid 1828793 sleep None head 5805 UPDATE 
C1 CURRENT_READMISSION_LOADED operator_live None controller NOT_APPLICABLE loaded_pid 1575686 sleep 40 head 5016 UPDATE 
C3 SUCCESSOR_LOADED operator_live True controller NOT_APPLICABLE loaded_pid 1656800 sleep 38 head 4483 RESPONSE 
C4 CURRENT_READMISSION_LOADED operator_live None controller NOT_APPLICABLE loaded_pid 1625840 sleep 37 head 4382 UPDATE 
repo_reader SUCCESSOR_LOADED operator_live True controller NOT_APPLICABLE loaded_pid 1875185 sleep None head 5266 UPDATE 
/data/home/rohing/dream-state-orch/research_loop/workers/r179_context_survival_20260917/node5/ROLLOUT_METADATA_1789676705371845352.json
C2 SUCCESSOR_LOADED operator_live True controller CONTROLLER_TRANSFER_VERIFIED loaded_pid 1626817 sleep 40 head 4979 UPDATE 
C5 FAILED_CLOSED operator_live False controller TRANSFER_NOT_STARTED loaded_pid None sleep None head 4235 UPDATE boundary_wait_expired_original_left_running
pilot SUCCESSOR_LOADED operator_live True controller NOT_APPLICABLE loaded_pid 1835262 sleep None head 5651 UPDATE 
run1 SUCCESSOR_LOADED operator_live True controller NOT_APPLICABLE loaded_pid 1828793 sleep None head 5805 UPDATE 
C1 CURRENT_READMISSION_LOADED operator_live None controller NOT_APPLICABLE loaded_pid 1575686 sleep 40 head 5017 UPDATE 
C3 SUCCESSOR_LOADED operator_live True controller NOT_APPLICABLE loaded_pid 1656800 sleep 38 head 4484 COMMITTED 
C4 CURRENT_READMISSION_LOADED operator_live None controller NOT_APPLICABLE loaded_pid 1625840 sleep 37 head 4383 UPDATE 
repo_reader SUCCESSOR_LOADED operator_live True controller NOT_APPLICABLE loaded_pid 1875185 sleep None head 5267 UPDATE 
/data/home/rohing/dream-state-orch/research_loop/workers/r179_context_survival_20260917/node5/ROLLOUT_METADATA_1789676737340968261.json
C2 SUCCESSOR_LOADED operator_live True controller CONTROLLER_TRANSFER_VERIFIED loaded_pid 1626817 sleep 40 head 4980 UPDATE 
C5 FAILED_CLOSED operator_live False controller TRANSFER_NOT_STARTED loaded_pid None sleep None head 4235 UPDATE boundary_wait_expired_original_left_running
pilot SUCCESSOR_LOADED operator_live True controller NOT_APPLICABLE loaded_pid 1835262 sleep None head 5652 UPDATE 
run1 SUCCESSOR_LOADED operator_live True controller NOT_APPLICABLE loaded_pid 1828793 sleep None head 5806 UPDATE 
C1 CURRENT_READMISSION_LOADED operator_live None controller NOT_APPLICABLE loaded_pid 1575686 sleep 40 head 5018 UPDATE 
C3 SUCCESSOR_LOADED operator_live True controller NOT_APPLICABLE loaded_pid 1656800 sleep 38 head 4484 COMMITTED 
C4 CURRENT_READMISSION_LOADED operator_live None controller NOT_APPLICABLE loaded_pid 1625840 sleep 37 head 4384 UPDATE 
repo_reader SUCCESSOR_LOADED operator_live True controller NOT_APPLICABLE loaded_pid 1875185 sleep None head 5268 UPDATE 
/data/home/rohing/dream-state-orch/research_loop/workers/r179_context_survival_20260917/node5/ROLLOUT_METADATA_1789676769171233951.json
C2 SUCCESSOR_LOADED operator_live True controller CONTROLLER_TRANSFER_VERIFIED loaded_pid 1626817 sleep 40 head 4981 UPDATE 
C5 FAILED_CLOSED operator_live False controller TRANSFER_NOT_STARTED loaded_pid None sleep None head 4236 UPDATE boundary_wait_expired_original_left_running
pilot SUCCESSOR_LOADED operator_live True controller NOT_APPLICABLE loaded_pid 1835262 sleep None head 5652 UPDATE 
run1 SUCCESSOR_LOADED operator_live True controller NOT_APPLICABLE loaded_pid 1828793 sleep None head 5806 UPDATE 
C1 CURRENT_READMISSION_LOADED operator_live None controller NOT_APPLICABLE loaded_pid 1575686 sleep 40 head 5019 UPDATE 
C3 SUCCESSOR_LOADED operator_live True controller NOT_APPLICABLE loaded_pid 1656800 sleep 38 head 4485 CONTEXT_RETAINED 
C4 CURRENT_READMISSION_LOADED operator_live None controller NOT_APPLICABLE loaded_pid 1625840 sleep 37 head 4385 UPDATE 
repo_reader SUCCESSOR_LOADED operator_live True controller NOT_APPLICABLE loaded_pid 1875185 sleep None head 5268 UPDATE 
/data/home/rohing/dream-state-orch/research_loop/workers/r179_context_survival_20260917/node5/ROLLOUT_METADATA_1789676801231291389.json
C2 SUCCESSOR_LOADED operator_live True controller CONTROLLER_TRANSFER_VERIFIED loaded_pid 1626817 sleep 40 head 4981 UPDATE 
C5 FAILED_CLOSED operator_live False controller TRANSFER_NOT_STARTED loaded_pid None sleep None head 4237 UPDATE boundary_wait_expired_original_left_running
pilot SUCCESSOR_LOADED operator_live True controller NOT_APPLICABLE loaded_pid 1835262 sleep None head 5653 UPDATE 
run1 SUCCESSOR_LOADED operator_live True controller NOT_APPLICABLE loaded_pid 1828793 sleep None head 5807 UPDATE 
C1 CURRENT_READMISSION_LOADED operator_live None controller NOT_APPLICABLE loaded_pid 1575686 sleep 40 head 5020 UPDATE 
C3 SUCCESSOR_LOADED operator_live True controller NOT_APPLICABLE loaded_pid 1656800 sleep 38 head 4486 SLEEP_REQUEST 
C4 CURRENT_READMISSION_LOADED operator_live None controller NOT_APPLICABLE loaded_pid 1625840 sleep 37 head 4385 UPDATE 
repo_reader SUCCESSOR_LOADED operator_live True controller NOT_APPLICABLE loaded_pid 1875185 sleep None head 5269 UPDATE 
/data/home/rohing/dream-state-orch/research_loop/workers/r179_context_survival_20260917/node5/ROLLOUT_METADATA_1789676833214069685.json
C2 SUCCESSOR_LOADED operator_live True controller CONTROLLER_TRANSFER_VERIFIED loaded_pid 1626817 sleep 40 head 4982 UPDATE 
C5 FAILED_CLOSED operator_live False controller TRANSFER_NOT_STARTED loaded_pid None sleep None head 4238 UPDATE boundary_wait_expired_original_left_running
pilot SUCCESSOR_LOADED operator_live True controller NOT_APPLICABLE loaded_pid 1835262 sleep None head 5654 UPDATE 
run1 SUCCESSOR_LOADED operator_live True controller NOT_APPLICABLE loaded_pid 1828793 sleep None head 5808 UPDATE 
C1 CURRENT_READMISSION_LOADED operator_live None controller NOT_APPLICABLE loaded_pid 1575686 sleep 40 head 5021 UPDATE 
C3 SUCCESSOR_LOADED operator_live True controller NOT_APPLICABLE loaded_pid 1656800 sleep 38 head 4487 TARGET_ELIGIBILITY 
C4 CURRENT_READMISSION_LOADED operator_live None controller NOT_APPLICABLE loaded_pid 1625840 sleep 37 head 4386 UPDATE 
repo_reader SUCCESSOR_LOADED operator_live True controller NOT_APPLICABLE loaded_pid 1875185 sleep None head 5270 UPDATE 
/data/home/rohing/dream-state-orch/research_loop/workers/r179_context_survival_20260917/node5/ROLLOUT_METADATA_1789676865399619882.json
C2 SUCCESSOR_LOADED operator_live True controller CONTROLLER_TRANSFER_VERIFIED loaded_pid 1626817 sleep 40 head 4983 UPDATE 
C5 FAILED_CLOSED operator_live False controller TRANSFER_NOT_STARTED loaded_pid None sleep None head 4239 UPDATE boundary_wait_expired_original_left_running
pilot SUCCESSOR_LOADED operator_live True controller NOT_APPLICABLE loaded_pid 1835262 sleep None head 5654 UPDATE 
run1 SUCCESSOR_LOADED operator_live True controller NOT_APPLICABLE loaded_pid 1828793 sleep None head 5808 UPDATE 
C1 CURRENT_READMISSION_LOADED operator_live None controller NOT_APPLICABLE loaded_pid 1575686 sleep 40 head 5022 UPDATE 
C3 SUCCESSOR_LOADED operator_live True controller NOT_APPLICABLE loaded_pid 1656800 sleep 38 head 4488 CHECKPOINT_METADATA 
C4 CURRENT_READMISSION_LOADED operator_live None controller NOT_APPLICABLE loaded_pid 1625840 sleep 37 head 4387 UPDATE 
repo_reader SUCCESSOR_LOADED operator_live True controller NOT_APPLICABLE loaded_pid 1875185 sleep None head 5270 UPDATE 
/data/home/rohing/dream-state-orch/research_loop/workers/r179_context_survival_20260917/node5/ROLLOUT_METADATA_1789676897478262903.json
C2 SUCCESSOR_LOADED operator_live True controller CONTROLLER_TRANSFER_VERIFIED loaded_pid 1626817 sleep 40 head 4984 UPDATE 
C5 FAILED_CLOSED operator_live False controller TRANSFER_NOT_STARTED loaded_pid None sleep None head 4240 UPDATE boundary_wait_expired_original_left_running
pilot SUCCESSOR_LOADED operator_live True controller NOT_APPLICABLE loaded_pid 1835262 sleep None head 5655 UPDATE 
run1 SUCCESSOR_LOADED operator_live True controller NOT_APPLICABLE loaded_pid 1828793 sleep None head 5809 UPDATE 
C1 CURRENT_READMISSION_LOADED operator_live None controller NOT_APPLICABLE loaded_pid 1575686 sleep 40 head 5023 UPDATE 
C3 SUCCESSOR_LOADED operator_live True controller NOT_APPLICABLE loaded_pid 1656800 sleep 38 head 4489 UPDATE 
C4 CURRENT_READMISSION_LOADED operator_live None controller NOT_APPLICABLE loaded_pid 1625840 sleep 37 head 4388 UPDATE 
repo_reader SUCCESSOR_LOADED operator_live True controller NOT_APPLICABLE loaded_pid 1875185 sleep None head 5271 UPDATE 
/data/home/rohing/dream-state-orch/research_loop/workers/r179_context_survival_20260917/node5/ROLLOUT_METADATA_1789676929361542121.json
C2 SUCCESSOR_LOADED operator_live True controller CONTROLLER_TRANSFER_VERIFIED loaded_pid 1626817 sleep 40 head 4985 UPDATE 
C5 FAILED_CLOSED operator_live False controller TRANSFER_NOT_STARTED loaded_pid None sleep None head 4240 UPDATE boundary_wait_expired_original_left_running
pilot SUCCESSOR_LOADED operator_live True controller NOT_APPLICABLE loaded_pid 1835262 sleep None head 5656 UPDATE 
run1 SUCCESSOR_LOADED operator_live True controller NOT_APPLICABLE loaded_pid 1828793 sleep None head 5809 UPDATE 
C1 CURRENT_READMISSION_LOADED operator_live None controller NOT_APPLICABLE loaded_pid 1575686 sleep 40 head 5024 UPDATE 
C3 SUCCESSOR_LOADED operator_live True controller NOT_APPLICABLE loaded_pid 1656800 sleep 38 head 4489 UPDATE 
C4 CURRENT_READMISSION_LOADED operator_live None controller NOT_APPLICABLE loaded_pid 1625840 sleep 37 head 4389 UPDATE 
repo_reader SUCCESSOR_LOADED operator_live True controller NOT_APPLICABLE loaded_pid 1875185 sleep None head 5272 UPDATE 
/data/home/rohing/dream-state-orch/research_loop/workers/r179_context_survival_20260917/node5/ROLLOUT_METADATA_1789676961309273600.json
C2 SUCCESSOR_LOADED operator_live True controller CONTROLLER_TRANSFER_VERIFIED loaded_pid 1626817 sleep 40 head 4986 UPDATE 
C5 FAILED_CLOSED operator_live False controller TRANSFER_NOT_STARTED loaded_pid None sleep None head 4241 UPDATE boundary_wait_expired_original_left_running
pilot SUCCESSOR_LOADED operator_live True controller NOT_APPLICABLE loaded_pid 1835262 sleep None head 5656 UPDATE 
run1 SUCCESSOR_LOADED operator_live True controller NOT_APPLICABLE loaded_pid 1828793 sleep None head 5810 UPDATE 
C1 CURRENT_READMISSION_LOADED operator_live None controller NOT_APPLICABLE loaded_pid 1575686 sleep 40 head 5025 UPDATE 
C3 SUCCESSOR_LOADED operator_live True controller NOT_APPLICABLE loaded_pid 1656800 sleep 38 head 4490 UPDATE 
C4 CURRENT_READMISSION_LOADED operator_live None controller NOT_APPLICABLE loaded_pid 1625840 sleep 37 head 4390 UPDATE 
repo_reader SUCCESSOR_LOADED operator_live True controller NOT_APPLICABLE loaded_pid 1875185 sleep None head 5272 UPDATE 
BOUNDED_METADATA_OBSERVER_EXIT_NO_NATIVE_ACTION
