test_approved_A_to_B_complete_LEARN_INBOX_raw_interval_and_state_parity (pinned_prefix_cases.PrefixTests.test_approved_A_to_B_complete_LEARN_INBOX_raw_interval_and_state_parity) ... ERROR
test_bounds_still_enforced (pinned_prefix_cases.PrefixTests.test_bounds_still_enforced) ... ERROR
test_changed_guard_and_changed_selection_refuse (pinned_prefix_cases.PrefixTests.test_changed_guard_and_changed_selection_refuse) ... ERROR
test_changed_or_missing_source_epoch_refused (pinned_prefix_cases.PrefixTests.test_changed_or_missing_source_epoch_refused) ... ERROR
test_changed_proof_or_guard_during_scan_refused (pinned_prefix_cases.PrefixTests.test_changed_proof_or_guard_during_scan_refused) ... ERROR
test_cli_bind_forward_resume_without_prefix_read_or_rehash (pinned_prefix_cases.PrefixTests.test_cli_bind_forward_resume_without_prefix_read_or_rehash) ... ERROR
test_cli_producer_and_readonly_probe_no_writer_lock (pinned_prefix_cases.PrefixTests.test_cli_producer_and_readonly_probe_no_writer_lock) ... FAIL
test_corrupt_tail_and_intent_refused (pinned_prefix_cases.PrefixTests.test_corrupt_tail_and_intent_refused) ... ERROR
test_ctime_only_change_refused (pinned_prefix_cases.PrefixTests.test_ctime_only_change_refused) ... ERROR
test_default_scan_and_full_audit_unchanged (pinned_prefix_cases.PrefixTests.test_default_scan_and_full_audit_unchanged) ... ERROR
test_deleted_prefix_refused (pinned_prefix_cases.PrefixTests.test_deleted_prefix_refused) ... ERROR
test_final_recheck_catches_prefix_mutation_during_tail_decode (pinned_prefix_cases.PrefixTests.test_final_recheck_catches_prefix_mutation_during_tail_decode) ... ERROR
test_final_recheck_catches_tail_mutation_during_decode (pinned_prefix_cases.PrefixTests.test_final_recheck_catches_tail_mutation_during_decode) ... ERROR
test_forward_authority_bounds_policy_and_rollback (pinned_prefix_cases.PrefixTests.test_forward_authority_bounds_policy_and_rollback) ... ERROR
test_forward_interval_raw_and_intent_corruption_refuse (pinned_prefix_cases.PrefixTests.test_forward_interval_raw_and_intent_corruption_refuse) ... ERROR
test_full_state_parity_and_no_prefix_body_or_intent_reads (pinned_prefix_cases.PrefixTests.test_full_state_parity_and_no_prefix_body_or_intent_reads) ... ERROR
test_independent_pair_classes_not_interchangeable (pinned_prefix_cases.PrefixTests.test_independent_pair_classes_not_interchangeable) ... ERROR
test_intent_changed_refused (pinned_prefix_cases.PrefixTests.test_intent_changed_refused) ... ERROR
test_intent_ctime_and_symlink_refused (pinned_prefix_cases.PrefixTests.test_intent_ctime_and_symlink_refused) ... ERROR
test_manifest_replacement_same_bytes_refused (pinned_prefix_cases.PrefixTests.test_manifest_replacement_same_bytes_refused) ... ERROR
test_missing_unpinned_and_forged_proof_refuse_no_fallback (pinned_prefix_cases.PrefixTests.test_missing_unpinned_and_forged_proof_refuse_no_fallback) ... ERROR
test_namespace_mismatch_refused_even_with_exact_source_and_prefix (pinned_prefix_cases.PrefixTests.test_namespace_mismatch_refused_even_with_exact_source_and_prefix) ... ERROR
test_pending_request_parity (pinned_prefix_cases.PrefixTests.test_pending_request_parity) ... ERROR
test_pending_response_parity (pinned_prefix_cases.PrefixTests.test_pending_response_parity) ... ERROR
test_pending_sleep_parity (pinned_prefix_cases.PrefixTests.test_pending_sleep_parity) ... ERROR
test_producer_final_recheck_catches_earlier_prefix_change (pinned_prefix_cases.PrefixTests.test_producer_final_recheck_catches_earlier_prefix_change) ... FAIL
test_producer_hashes_every_raw_prefix_and_intent (pinned_prefix_cases.PrefixTests.test_producer_hashes_every_raw_prefix_and_intent) ... ERROR
test_producer_rejects_invalid_raw_prefix_and_intent (pinned_prefix_cases.PrefixTests.test_producer_rejects_invalid_raw_prefix_and_intent) ... FAIL
test_raw_tamper_with_restored_mtime_refused (pinned_prefix_cases.PrefixTests.test_raw_tamper_with_restored_mtime_refused) ... ERROR
test_replaced_records_directory_refused (pinned_prefix_cases.PrefixTests.test_replaced_records_directory_refused) ... ERROR
test_required_sidecar_still_decoded_and_validated (pinned_prefix_cases.PrefixTests.test_required_sidecar_still_decoded_and_validated) ... ERROR
test_root_journal_boot_namespace_and_type_binding (pinned_prefix_cases.PrefixTests.test_root_journal_boot_namespace_and_type_binding) ... ERROR
test_same_bytes_new_inode_refused (pinned_prefix_cases.PrefixTests.test_same_bytes_new_inode_refused) ... ERROR
test_same_intent_bytes_new_inode_refused (pinned_prefix_cases.PrefixTests.test_same_intent_bytes_new_inode_refused) ... ERROR
test_schema_header_chain_and_intent_identity_schema_refused (pinned_prefix_cases.PrefixTests.test_schema_header_chain_and_intent_identity_schema_refused) ... ERROR
test_sidecar_only_additional_prefix_body_read (pinned_prefix_cases.PrefixTests.test_sidecar_only_additional_prefix_body_read) ... ERROR
test_source_byte_change_refused (pinned_prefix_cases.PrefixTests.test_source_byte_change_refused) ... ERROR
test_swapped_inbox_directory_or_lock_refused (pinned_prefix_cases.PrefixTests.test_swapped_inbox_directory_or_lock_refused) ... ERROR
test_symlinked_prefix_and_proof_refused (pinned_prefix_cases.PrefixTests.test_symlinked_prefix_and_proof_refused) ... ERROR
test_symlinked_root_ancestor_refused (pinned_prefix_cases.PrefixTests.test_symlinked_root_ancestor_refused) ... ERROR
test_tail_byte_bound_still_enforced (pinned_prefix_cases.PrefixTests.test_tail_byte_bound_still_enforced) ... ERROR
test_tail_header_valid_but_semantically_invalid_refused (pinned_prefix_cases.PrefixTests.test_tail_header_valid_but_semantically_invalid_refused) ... ERROR
test_unregistered_mailbox_preserved_and_missing_registered_refused (pinned_prefix_cases.PrefixTests.test_unregistered_mailbox_preserved_and_missing_registered_refused) ... ERROR
test_valid_proof_with_forged_inbox_body_refused_even_if_repinned (pinned_prefix_cases.PrefixTests.test_valid_proof_with_forged_inbox_body_refused_even_if_repinned) ... ERROR
test_wrong_later_complete_hash_not_inferred_from_journal (pinned_prefix_cases.PrefixTests.test_wrong_later_complete_hash_not_inferred_from_journal) ... ERROR
test_c2_CPU_changed_during_consumption_refused (__main__.C2Cases.test_c2_CPU_changed_during_consumption_refused) ... ERROR
test_c2_allocation_changed_during_consumption_refused (__main__.C2Cases.test_c2_allocation_changed_during_consumption_refused) ... ERROR
test_c2_copy_raw_deviation_refused (__main__.C2Cases.test_c2_copy_raw_deviation_refused) ... ERROR
test_c2_cross_rechecks_every_intent_identity (__main__.C2Cases.test_c2_cross_rechecks_every_intent_identity) ... ERROR
test_c2_cross_rechecks_immutable_source_directory (__main__.C2Cases.test_c2_cross_rechecks_immutable_source_directory) ... ERROR
test_c2_cross_rejects_different_boot (__main__.C2Cases.test_c2_cross_rejects_different_boot) ... ERROR
test_c2_cross_rejects_identical_byte_cloned_journal (__main__.C2Cases.test_c2_cross_rejects_identical_byte_cloned_journal) ... ERROR
test_c2_cross_requires_independent_exact_clause (__main__.C2Cases.test_c2_cross_requires_independent_exact_clause) ... ERROR
test_c2_explicit_cross_namespace_full_state_parity (__main__.C2Cases.test_c2_explicit_cross_namespace_full_state_parity) ... ERROR
test_c2_guard_seam_after_original_admission (__main__.C2Cases.test_c2_guard_seam_after_original_admission) ... ok
test_c2_original_chain_allows_exact_bounded_clause (__main__.C2Cases.test_c2_original_chain_allows_exact_bounded_clause) ... ERROR
test_c2_same_namespace_default_unchanged (__main__.C2Cases.test_c2_same_namespace_default_unchanged) ... ERROR
test_c2_stripped_binding_has_no_slow_fallback (__main__.C2Cases.test_c2_stripped_binding_has_no_slow_fallback) ... ERROR
test_c2_unadmitted_token_cannot_choose_mode (__main__.C2Cases.test_c2_unadmitted_token_cannot_choose_mode) ... ERROR
test_c2_unapproved_mode_edit_refused (__main__.C2Cases.test_c2_unapproved_mode_edit_refused) ... ERROR

======================================================================
ERROR: test_approved_A_to_B_complete_LEARN_INBOX_raw_interval_and_state_parity (pinned_prefix_cases.PrefixTests.test_approved_A_to_B_complete_LEARN_INBOX_raw_interval_and_state_parity)
----------------------------------------------------------------------
Traceback (most recent call last):
  File "/data/home/rohing/dream-state-orch/research_loop/workers/post_recovery_c2_retention_receiver_20260919/prepared_epoch4_v2/C2/epoch4/tools/prefix_cases.py", line 611, in test_approved_A_to_B_complete_LEARN_INBOX_raw_interval_and_state_parity
    self.produce()
  File "/data/home/rohing/dream-state-orch/research_loop/workers/post_recovery_c2_retention_receiver_20260919/prepared_epoch4_v2/C2/epoch4/tools/prefix_cases.py", line 112, in produce
    self.proof = self.helper.produce(self.journal, self.selection, self.source, self.journal_type)
                 ^^^^^^^^^^^^^^^^^^^^^^^^^^^^^^^^^^^^^^^^^^^^^^^^^^^^^^^^^^^^^^^^^^^^^^^^^^^^^^^^^
  File "/data/home/rohing/dream-state-orch/research_loop/workers/post_recovery_c2_retention_receiver_20260919/prepared_epoch4_v2/scratch/c2-prefix-source-i4o4b_m5/source/gpu/immutable_prefix_proof.py", line 324, in produce
    aged_pairs = metadata_preflight(journal, binding['selection']['complete_index'], sealing_started)
                 ^^^^^^^^^^^^^^^^^^^^^^^^^^^^^^^^^^^^^^^^^^^^^^^^^^^^^^^^^^^^^^^^^^^^^^^^^^^^^^^^^^^^
  File "/data/home/rohing/dream-state-orch/research_loop/workers/post_recovery_c2_retention_receiver_20260919/prepared_epoch4_v2/scratch/c2-prefix-source-i4o4b_m5/source/gpu/immutable_prefix_proof.py", line 586, in metadata_preflight
    require_quiet_identity(identity, sealing_started)
  File "/data/home/rohing/dream-state-orch/research_loop/workers/post_recovery_c2_retention_receiver_20260919/prepared_epoch4_v2/scratch/c2-prefix-source-i4o4b_m5/source/gpu/immutable_prefix_proof.py", line 577, in require_quiet_identity
    require(max(identity['mtime_ns'], identity['ctime_ns']) <= sealing_started - MINIMUM_QUIET_NS,
  File "/data/home/rohing/dream-state-orch/research_loop/workers/post_recovery_c2_retention_receiver_20260919/prepared_epoch4_v2/scratch/c2-prefix-source-i4o4b_m5/source/gpu/immutable_prefix_proof.py", line 37, in require
    raise ValueError('prefix_proof_' + reason)
ValueError: prefix_proof_immutable_file_too_young_or_future_timestamp

======================================================================
ERROR: test_bounds_still_enforced (pinned_prefix_cases.PrefixTests.test_bounds_still_enforced)
----------------------------------------------------------------------
Traceback (most recent call last):
  File "/data/home/rohing/dream-state-orch/research_loop/workers/post_recovery_c2_retention_receiver_20260919/prepared_epoch4_v2/C2/epoch4/tools/prefix_cases.py", line 558, in test_bounds_still_enforced
    self.produce()
  File "/data/home/rohing/dream-state-orch/research_loop/workers/post_recovery_c2_retention_receiver_20260919/prepared_epoch4_v2/C2/epoch4/tools/prefix_cases.py", line 112, in produce
    self.proof = self.helper.produce(self.journal, self.selection, self.source, self.journal_type)
                 ^^^^^^^^^^^^^^^^^^^^^^^^^^^^^^^^^^^^^^^^^^^^^^^^^^^^^^^^^^^^^^^^^^^^^^^^^^^^^^^^^
  File "/data/home/rohing/dream-state-orch/research_loop/workers/post_recovery_c2_retention_receiver_20260919/prepared_epoch4_v2/scratch/c2-prefix-source-i4o4b_m5/source/gpu/immutable_prefix_proof.py", line 324, in produce
    aged_pairs = metadata_preflight(journal, binding['selection']['complete_index'], sealing_started)
                 ^^^^^^^^^^^^^^^^^^^^^^^^^^^^^^^^^^^^^^^^^^^^^^^^^^^^^^^^^^^^^^^^^^^^^^^^^^^^^^^^^^^^
  File "/data/home/rohing/dream-state-orch/research_loop/workers/post_recovery_c2_retention_receiver_20260919/prepared_epoch4_v2/scratch/c2-prefix-source-i4o4b_m5/source/gpu/immutable_prefix_proof.py", line 586, in metadata_preflight
    require_quiet_identity(identity, sealing_started)
  File "/data/home/rohing/dream-state-orch/research_loop/workers/post_recovery_c2_retention_receiver_20260919/prepared_epoch4_v2/scratch/c2-prefix-source-i4o4b_m5/source/gpu/immutable_prefix_proof.py", line 577, in require_quiet_identity
    require(max(identity['mtime_ns'], identity['ctime_ns']) <= sealing_started - MINIMUM_QUIET_NS,
  File "/data/home/rohing/dream-state-orch/research_loop/workers/post_recovery_c2_retention_receiver_20260919/prepared_epoch4_v2/scratch/c2-prefix-source-i4o4b_m5/source/gpu/immutable_prefix_proof.py", line 37, in require
    raise ValueError('prefix_proof_' + reason)
ValueError: prefix_proof_immutable_file_too_young_or_future_timestamp

======================================================================
ERROR: test_changed_guard_and_changed_selection_refuse (pinned_prefix_cases.PrefixTests.test_changed_guard_and_changed_selection_refuse)
----------------------------------------------------------------------
Traceback (most recent call last):
  File "/data/home/rohing/dream-state-orch/research_loop/workers/post_recovery_c2_retention_receiver_20260919/prepared_epoch4_v2/C2/epoch4/tools/prefix_cases.py", line 272, in test_changed_guard_and_changed_selection_refuse
    self.produce()
  File "/data/home/rohing/dream-state-orch/research_loop/workers/post_recovery_c2_retention_receiver_20260919/prepared_epoch4_v2/C2/epoch4/tools/prefix_cases.py", line 112, in produce
    self.proof = self.helper.produce(self.journal, self.selection, self.source, self.journal_type)
                 ^^^^^^^^^^^^^^^^^^^^^^^^^^^^^^^^^^^^^^^^^^^^^^^^^^^^^^^^^^^^^^^^^^^^^^^^^^^^^^^^^
  File "/data/home/rohing/dream-state-orch/research_loop/workers/post_recovery_c2_retention_receiver_20260919/prepared_epoch4_v2/scratch/c2-prefix-source-i4o4b_m5/source/gpu/immutable_prefix_proof.py", line 324, in produce
    aged_pairs = metadata_preflight(journal, binding['selection']['complete_index'], sealing_started)
                 ^^^^^^^^^^^^^^^^^^^^^^^^^^^^^^^^^^^^^^^^^^^^^^^^^^^^^^^^^^^^^^^^^^^^^^^^^^^^^^^^^^^^
  File "/data/home/rohing/dream-state-orch/research_loop/workers/post_recovery_c2_retention_receiver_20260919/prepared_epoch4_v2/scratch/c2-prefix-source-i4o4b_m5/source/gpu/immutable_prefix_proof.py", line 586, in metadata_preflight
    require_quiet_identity(identity, sealing_started)
  File "/data/home/rohing/dream-state-orch/research_loop/workers/post_recovery_c2_retention_receiver_20260919/prepared_epoch4_v2/scratch/c2-prefix-source-i4o4b_m5/source/gpu/immutable_prefix_proof.py", line 577, in require_quiet_identity
    require(max(identity['mtime_ns'], identity['ctime_ns']) <= sealing_started - MINIMUM_QUIET_NS,
  File "/data/home/rohing/dream-state-orch/research_loop/workers/post_recovery_c2_retention_receiver_20260919/prepared_epoch4_v2/scratch/c2-prefix-source-i4o4b_m5/source/gpu/immutable_prefix_proof.py", line 37, in require
    raise ValueError('prefix_proof_' + reason)
ValueError: prefix_proof_immutable_file_too_young_or_future_timestamp

======================================================================
ERROR: test_changed_or_missing_source_epoch_refused (pinned_prefix_cases.PrefixTests.test_changed_or_missing_source_epoch_refused)
----------------------------------------------------------------------
Traceback (most recent call last):
  File "/data/home/rohing/dream-state-orch/research_loop/workers/post_recovery_c2_retention_receiver_20260919/prepared_epoch4_v2/C2/epoch4/tools/prefix_cases.py", line 496, in test_changed_or_missing_source_epoch_refused
    self.produce()
  File "/data/home/rohing/dream-state-orch/research_loop/workers/post_recovery_c2_retention_receiver_20260919/prepared_epoch4_v2/C2/epoch4/tools/prefix_cases.py", line 112, in produce
    self.proof = self.helper.produce(self.journal, self.selection, self.source, self.journal_type)
                 ^^^^^^^^^^^^^^^^^^^^^^^^^^^^^^^^^^^^^^^^^^^^^^^^^^^^^^^^^^^^^^^^^^^^^^^^^^^^^^^^^
  File "/data/home/rohing/dream-state-orch/research_loop/workers/post_recovery_c2_retention_receiver_20260919/prepared_epoch4_v2/scratch/c2-prefix-source-i4o4b_m5/source/gpu/immutable_prefix_proof.py", line 324, in produce
    aged_pairs = metadata_preflight(journal, binding['selection']['complete_index'], sealing_started)
                 ^^^^^^^^^^^^^^^^^^^^^^^^^^^^^^^^^^^^^^^^^^^^^^^^^^^^^^^^^^^^^^^^^^^^^^^^^^^^^^^^^^^^
  File "/data/home/rohing/dream-state-orch/research_loop/workers/post_recovery_c2_retention_receiver_20260919/prepared_epoch4_v2/scratch/c2-prefix-source-i4o4b_m5/source/gpu/immutable_prefix_proof.py", line 586, in metadata_preflight
    require_quiet_identity(identity, sealing_started)
  File "/data/home/rohing/dream-state-orch/research_loop/workers/post_recovery_c2_retention_receiver_20260919/prepared_epoch4_v2/scratch/c2-prefix-source-i4o4b_m5/source/gpu/immutable_prefix_proof.py", line 577, in require_quiet_identity
    require(max(identity['mtime_ns'], identity['ctime_ns']) <= sealing_started - MINIMUM_QUIET_NS,
  File "/data/home/rohing/dream-state-orch/research_loop/workers/post_recovery_c2_retention_receiver_20260919/prepared_epoch4_v2/scratch/c2-prefix-source-i4o4b_m5/source/gpu/immutable_prefix_proof.py", line 37, in require
    raise ValueError('prefix_proof_' + reason)
ValueError: prefix_proof_immutable_file_too_young_or_future_timestamp

======================================================================
ERROR: test_changed_proof_or_guard_during_scan_refused (pinned_prefix_cases.PrefixTests.test_changed_proof_or_guard_during_scan_refused)
----------------------------------------------------------------------
Traceback (most recent call last):
  File "/data/home/rohing/dream-state-orch/research_loop/workers/post_recovery_c2_retention_receiver_20260919/prepared_epoch4_v2/C2/epoch4/tools/prefix_cases.py", line 509, in test_changed_proof_or_guard_during_scan_refused
    self.produce()
  File "/data/home/rohing/dream-state-orch/research_loop/workers/post_recovery_c2_retention_receiver_20260919/prepared_epoch4_v2/C2/epoch4/tools/prefix_cases.py", line 112, in produce
    self.proof = self.helper.produce(self.journal, self.selection, self.source, self.journal_type)
                 ^^^^^^^^^^^^^^^^^^^^^^^^^^^^^^^^^^^^^^^^^^^^^^^^^^^^^^^^^^^^^^^^^^^^^^^^^^^^^^^^^
  File "/data/home/rohing/dream-state-orch/research_loop/workers/post_recovery_c2_retention_receiver_20260919/prepared_epoch4_v2/scratch/c2-prefix-source-i4o4b_m5/source/gpu/immutable_prefix_proof.py", line 324, in produce
    aged_pairs = metadata_preflight(journal, binding['selection']['complete_index'], sealing_started)
                 ^^^^^^^^^^^^^^^^^^^^^^^^^^^^^^^^^^^^^^^^^^^^^^^^^^^^^^^^^^^^^^^^^^^^^^^^^^^^^^^^^^^^
  File "/data/home/rohing/dream-state-orch/research_loop/workers/post_recovery_c2_retention_receiver_20260919/prepared_epoch4_v2/scratch/c2-prefix-source-i4o4b_m5/source/gpu/immutable_prefix_proof.py", line 586, in metadata_preflight
    require_quiet_identity(identity, sealing_started)
  File "/data/home/rohing/dream-state-orch/research_loop/workers/post_recovery_c2_retention_receiver_20260919/prepared_epoch4_v2/scratch/c2-prefix-source-i4o4b_m5/source/gpu/immutable_prefix_proof.py", line 577, in require_quiet_identity
    require(max(identity['mtime_ns'], identity['ctime_ns']) <= sealing_started - MINIMUM_QUIET_NS,
  File "/data/home/rohing/dream-state-orch/research_loop/workers/post_recovery_c2_retention_receiver_20260919/prepared_epoch4_v2/scratch/c2-prefix-source-i4o4b_m5/source/gpu/immutable_prefix_proof.py", line 37, in require
    raise ValueError('prefix_proof_' + reason)
ValueError: prefix_proof_immutable_file_too_young_or_future_timestamp

======================================================================
ERROR: test_cli_bind_forward_resume_without_prefix_read_or_rehash (pinned_prefix_cases.PrefixTests.test_cli_bind_forward_resume_without_prefix_read_or_rehash)
----------------------------------------------------------------------
Traceback (most recent call last):
  File "/data/home/rohing/dream-state-orch/research_loop/workers/post_recovery_c2_retention_receiver_20260919/prepared_epoch4_v2/C2/epoch4/tools/prefix_cases.py", line 693, in test_cli_bind_forward_resume_without_prefix_read_or_rehash
    self.produce()
  File "/data/home/rohing/dream-state-orch/research_loop/workers/post_recovery_c2_retention_receiver_20260919/prepared_epoch4_v2/C2/epoch4/tools/prefix_cases.py", line 112, in produce
    self.proof = self.helper.produce(self.journal, self.selection, self.source, self.journal_type)
                 ^^^^^^^^^^^^^^^^^^^^^^^^^^^^^^^^^^^^^^^^^^^^^^^^^^^^^^^^^^^^^^^^^^^^^^^^^^^^^^^^^
  File "/data/home/rohing/dream-state-orch/research_loop/workers/post_recovery_c2_retention_receiver_20260919/prepared_epoch4_v2/scratch/c2-prefix-source-i4o4b_m5/source/gpu/immutable_prefix_proof.py", line 324, in produce
    aged_pairs = metadata_preflight(journal, binding['selection']['complete_index'], sealing_started)
                 ^^^^^^^^^^^^^^^^^^^^^^^^^^^^^^^^^^^^^^^^^^^^^^^^^^^^^^^^^^^^^^^^^^^^^^^^^^^^^^^^^^^^
  File "/data/home/rohing/dream-state-orch/research_loop/workers/post_recovery_c2_retention_receiver_20260919/prepared_epoch4_v2/scratch/c2-prefix-source-i4o4b_m5/source/gpu/immutable_prefix_proof.py", line 586, in metadata_preflight
    require_quiet_identity(identity, sealing_started)
  File "/data/home/rohing/dream-state-orch/research_loop/workers/post_recovery_c2_retention_receiver_20260919/prepared_epoch4_v2/scratch/c2-prefix-source-i4o4b_m5/source/gpu/immutable_prefix_proof.py", line 577, in require_quiet_identity
    require(max(identity['mtime_ns'], identity['ctime_ns']) <= sealing_started - MINIMUM_QUIET_NS,
  File "/data/home/rohing/dream-state-orch/research_loop/workers/post_recovery_c2_retention_receiver_20260919/prepared_epoch4_v2/scratch/c2-prefix-source-i4o4b_m5/source/gpu/immutable_prefix_proof.py", line 37, in require
    raise ValueError('prefix_proof_' + reason)
ValueError: prefix_proof_immutable_file_too_young_or_future_timestamp

======================================================================
ERROR: test_corrupt_tail_and_intent_refused (pinned_prefix_cases.PrefixTests.test_corrupt_tail_and_intent_refused)
----------------------------------------------------------------------
Traceback (most recent call last):
  File "/data/home/rohing/dream-state-orch/research_loop/workers/post_recovery_c2_retention_receiver_20260919/prepared_epoch4_v2/C2/epoch4/tools/prefix_cases.py", line 458, in test_corrupt_tail_and_intent_refused
    self.produce()
  File "/data/home/rohing/dream-state-orch/research_loop/workers/post_recovery_c2_retention_receiver_20260919/prepared_epoch4_v2/C2/epoch4/tools/prefix_cases.py", line 112, in produce
    self.proof = self.helper.produce(self.journal, self.selection, self.source, self.journal_type)
                 ^^^^^^^^^^^^^^^^^^^^^^^^^^^^^^^^^^^^^^^^^^^^^^^^^^^^^^^^^^^^^^^^^^^^^^^^^^^^^^^^^
  File "/data/home/rohing/dream-state-orch/research_loop/workers/post_recovery_c2_retention_receiver_20260919/prepared_epoch4_v2/scratch/c2-prefix-source-i4o4b_m5/source/gpu/immutable_prefix_proof.py", line 324, in produce
    aged_pairs = metadata_preflight(journal, binding['selection']['complete_index'], sealing_started)
                 ^^^^^^^^^^^^^^^^^^^^^^^^^^^^^^^^^^^^^^^^^^^^^^^^^^^^^^^^^^^^^^^^^^^^^^^^^^^^^^^^^^^^
  File "/data/home/rohing/dream-state-orch/research_loop/workers/post_recovery_c2_retention_receiver_20260919/prepared_epoch4_v2/scratch/c2-prefix-source-i4o4b_m5/source/gpu/immutable_prefix_proof.py", line 586, in metadata_preflight
    require_quiet_identity(identity, sealing_started)
  File "/data/home/rohing/dream-state-orch/research_loop/workers/post_recovery_c2_retention_receiver_20260919/prepared_epoch4_v2/scratch/c2-prefix-source-i4o4b_m5/source/gpu/immutable_prefix_proof.py", line 577, in require_quiet_identity
    require(max(identity['mtime_ns'], identity['ctime_ns']) <= sealing_started - MINIMUM_QUIET_NS,
  File "/data/home/rohing/dream-state-orch/research_loop/workers/post_recovery_c2_retention_receiver_20260919/prepared_epoch4_v2/scratch/c2-prefix-source-i4o4b_m5/source/gpu/immutable_prefix_proof.py", line 37, in require
    raise ValueError('prefix_proof_' + reason)
ValueError: prefix_proof_immutable_file_too_young_or_future_timestamp

======================================================================
ERROR: test_ctime_only_change_refused (pinned_prefix_cases.PrefixTests.test_ctime_only_change_refused)
----------------------------------------------------------------------
Traceback (most recent call last):
  File "/data/home/rohing/dream-state-orch/research_loop/workers/post_recovery_c2_retention_receiver_20260919/prepared_epoch4_v2/C2/epoch4/tools/prefix_cases.py", line 338, in test_ctime_only_change_refused
    self.produce()
  File "/data/home/rohing/dream-state-orch/research_loop/workers/post_recovery_c2_retention_receiver_20260919/prepared_epoch4_v2/C2/epoch4/tools/prefix_cases.py", line 112, in produce
    self.proof = self.helper.produce(self.journal, self.selection, self.source, self.journal_type)
                 ^^^^^^^^^^^^^^^^^^^^^^^^^^^^^^^^^^^^^^^^^^^^^^^^^^^^^^^^^^^^^^^^^^^^^^^^^^^^^^^^^
  File "/data/home/rohing/dream-state-orch/research_loop/workers/post_recovery_c2_retention_receiver_20260919/prepared_epoch4_v2/scratch/c2-prefix-source-i4o4b_m5/source/gpu/immutable_prefix_proof.py", line 324, in produce
    aged_pairs = metadata_preflight(journal, binding['selection']['complete_index'], sealing_started)
                 ^^^^^^^^^^^^^^^^^^^^^^^^^^^^^^^^^^^^^^^^^^^^^^^^^^^^^^^^^^^^^^^^^^^^^^^^^^^^^^^^^^^^
  File "/data/home/rohing/dream-state-orch/research_loop/workers/post_recovery_c2_retention_receiver_20260919/prepared_epoch4_v2/scratch/c2-prefix-source-i4o4b_m5/source/gpu/immutable_prefix_proof.py", line 586, in metadata_preflight
    require_quiet_identity(identity, sealing_started)
  File "/data/home/rohing/dream-state-orch/research_loop/workers/post_recovery_c2_retention_receiver_20260919/prepared_epoch4_v2/scratch/c2-prefix-source-i4o4b_m5/source/gpu/immutable_prefix_proof.py", line 577, in require_quiet_identity
    require(max(identity['mtime_ns'], identity['ctime_ns']) <= sealing_started - MINIMUM_QUIET_NS,
  File "/data/home/rohing/dream-state-orch/research_loop/workers/post_recovery_c2_retention_receiver_20260919/prepared_epoch4_v2/scratch/c2-prefix-source-i4o4b_m5/source/gpu/immutable_prefix_proof.py", line 37, in require
    raise ValueError('prefix_proof_' + reason)
ValueError: prefix_proof_immutable_file_too_young_or_future_timestamp

======================================================================
ERROR: test_default_scan_and_full_audit_unchanged (pinned_prefix_cases.PrefixTests.test_default_scan_and_full_audit_unchanged)
----------------------------------------------------------------------
Traceback (most recent call last):
  File "/data/home/rohing/dream-state-orch/research_loop/workers/post_recovery_c2_retention_receiver_20260919/prepared_epoch4_v2/C2/epoch4/tools/prefix_cases.py", line 247, in test_default_scan_and_full_audit_unchanged
    self.produce()
  File "/data/home/rohing/dream-state-orch/research_loop/workers/post_recovery_c2_retention_receiver_20260919/prepared_epoch4_v2/C2/epoch4/tools/prefix_cases.py", line 112, in produce
    self.proof = self.helper.produce(self.journal, self.selection, self.source, self.journal_type)
                 ^^^^^^^^^^^^^^^^^^^^^^^^^^^^^^^^^^^^^^^^^^^^^^^^^^^^^^^^^^^^^^^^^^^^^^^^^^^^^^^^^
  File "/data/home/rohing/dream-state-orch/research_loop/workers/post_recovery_c2_retention_receiver_20260919/prepared_epoch4_v2/scratch/c2-prefix-source-i4o4b_m5/source/gpu/immutable_prefix_proof.py", line 324, in produce
    aged_pairs = metadata_preflight(journal, binding['selection']['complete_index'], sealing_started)
                 ^^^^^^^^^^^^^^^^^^^^^^^^^^^^^^^^^^^^^^^^^^^^^^^^^^^^^^^^^^^^^^^^^^^^^^^^^^^^^^^^^^^^
  File "/data/home/rohing/dream-state-orch/research_loop/workers/post_recovery_c2_retention_receiver_20260919/prepared_epoch4_v2/scratch/c2-prefix-source-i4o4b_m5/source/gpu/immutable_prefix_proof.py", line 586, in metadata_preflight
    require_quiet_identity(identity, sealing_started)
  File "/data/home/rohing/dream-state-orch/research_loop/workers/post_recovery_c2_retention_receiver_20260919/prepared_epoch4_v2/scratch/c2-prefix-source-i4o4b_m5/source/gpu/immutable_prefix_proof.py", line 577, in require_quiet_identity
    require(max(identity['mtime_ns'], identity['ctime_ns']) <= sealing_started - MINIMUM_QUIET_NS,
  File "/data/home/rohing/dream-state-orch/research_loop/workers/post_recovery_c2_retention_receiver_20260919/prepared_epoch4_v2/scratch/c2-prefix-source-i4o4b_m5/source/gpu/immutable_prefix_proof.py", line 37, in require
    raise ValueError('prefix_proof_' + reason)
ValueError: prefix_proof_immutable_file_too_young_or_future_timestamp

======================================================================
ERROR: test_deleted_prefix_refused (pinned_prefix_cases.PrefixTests.test_deleted_prefix_refused)
----------------------------------------------------------------------
Traceback (most recent call last):
  File "/data/home/rohing/dream-state-orch/research_loop/workers/post_recovery_c2_retention_receiver_20260919/prepared_epoch4_v2/C2/epoch4/tools/prefix_cases.py", line 361, in test_deleted_prefix_refused
    self.produce()
  File "/data/home/rohing/dream-state-orch/research_loop/workers/post_recovery_c2_retention_receiver_20260919/prepared_epoch4_v2/C2/epoch4/tools/prefix_cases.py", line 112, in produce
    self.proof = self.helper.produce(self.journal, self.selection, self.source, self.journal_type)
                 ^^^^^^^^^^^^^^^^^^^^^^^^^^^^^^^^^^^^^^^^^^^^^^^^^^^^^^^^^^^^^^^^^^^^^^^^^^^^^^^^^
  File "/data/home/rohing/dream-state-orch/research_loop/workers/post_recovery_c2_retention_receiver_20260919/prepared_epoch4_v2/scratch/c2-prefix-source-i4o4b_m5/source/gpu/immutable_prefix_proof.py", line 324, in produce
    aged_pairs = metadata_preflight(journal, binding['selection']['complete_index'], sealing_started)
                 ^^^^^^^^^^^^^^^^^^^^^^^^^^^^^^^^^^^^^^^^^^^^^^^^^^^^^^^^^^^^^^^^^^^^^^^^^^^^^^^^^^^^
  File "/data/home/rohing/dream-state-orch/research_loop/workers/post_recovery_c2_retention_receiver_20260919/prepared_epoch4_v2/scratch/c2-prefix-source-i4o4b_m5/source/gpu/immutable_prefix_proof.py", line 586, in metadata_preflight
    require_quiet_identity(identity, sealing_started)
  File "/data/home/rohing/dream-state-orch/research_loop/workers/post_recovery_c2_retention_receiver_20260919/prepared_epoch4_v2/scratch/c2-prefix-source-i4o4b_m5/source/gpu/immutable_prefix_proof.py", line 577, in require_quiet_identity
    require(max(identity['mtime_ns'], identity['ctime_ns']) <= sealing_started - MINIMUM_QUIET_NS,
  File "/data/home/rohing/dream-state-orch/research_loop/workers/post_recovery_c2_retention_receiver_20260919/prepared_epoch4_v2/scratch/c2-prefix-source-i4o4b_m5/source/gpu/immutable_prefix_proof.py", line 37, in require
    raise ValueError('prefix_proof_' + reason)
ValueError: prefix_proof_immutable_file_too_young_or_future_timestamp

======================================================================
ERROR: test_final_recheck_catches_prefix_mutation_during_tail_decode (pinned_prefix_cases.PrefixTests.test_final_recheck_catches_prefix_mutation_during_tail_decode)
----------------------------------------------------------------------
Traceback (most recent call last):
  File "/data/home/rohing/dream-state-orch/research_loop/workers/post_recovery_c2_retention_receiver_20260919/prepared_epoch4_v2/C2/epoch4/tools/prefix_cases.py", line 470, in test_final_recheck_catches_prefix_mutation_during_tail_decode
    self.produce()
  File "/data/home/rohing/dream-state-orch/research_loop/workers/post_recovery_c2_retention_receiver_20260919/prepared_epoch4_v2/C2/epoch4/tools/prefix_cases.py", line 112, in produce
    self.proof = self.helper.produce(self.journal, self.selection, self.source, self.journal_type)
                 ^^^^^^^^^^^^^^^^^^^^^^^^^^^^^^^^^^^^^^^^^^^^^^^^^^^^^^^^^^^^^^^^^^^^^^^^^^^^^^^^^
  File "/data/home/rohing/dream-state-orch/research_loop/workers/post_recovery_c2_retention_receiver_20260919/prepared_epoch4_v2/scratch/c2-prefix-source-i4o4b_m5/source/gpu/immutable_prefix_proof.py", line 324, in produce
    aged_pairs = metadata_preflight(journal, binding['selection']['complete_index'], sealing_started)
                 ^^^^^^^^^^^^^^^^^^^^^^^^^^^^^^^^^^^^^^^^^^^^^^^^^^^^^^^^^^^^^^^^^^^^^^^^^^^^^^^^^^^^
  File "/data/home/rohing/dream-state-orch/research_loop/workers/post_recovery_c2_retention_receiver_20260919/prepared_epoch4_v2/scratch/c2-prefix-source-i4o4b_m5/source/gpu/immutable_prefix_proof.py", line 586, in metadata_preflight
    require_quiet_identity(identity, sealing_started)
  File "/data/home/rohing/dream-state-orch/research_loop/workers/post_recovery_c2_retention_receiver_20260919/prepared_epoch4_v2/scratch/c2-prefix-source-i4o4b_m5/source/gpu/immutable_prefix_proof.py", line 577, in require_quiet_identity
    require(max(identity['mtime_ns'], identity['ctime_ns']) <= sealing_started - MINIMUM_QUIET_NS,
  File "/data/home/rohing/dream-state-orch/research_loop/workers/post_recovery_c2_retention_receiver_20260919/prepared_epoch4_v2/scratch/c2-prefix-source-i4o4b_m5/source/gpu/immutable_prefix_proof.py", line 37, in require
    raise ValueError('prefix_proof_' + reason)
ValueError: prefix_proof_immutable_file_too_young_or_future_timestamp

======================================================================
ERROR: test_final_recheck_catches_tail_mutation_during_decode (pinned_prefix_cases.PrefixTests.test_final_recheck_catches_tail_mutation_during_decode)
----------------------------------------------------------------------
Traceback (most recent call last):
  File "/data/home/rohing/dream-state-orch/research_loop/workers/post_recovery_c2_retention_receiver_20260919/prepared_epoch4_v2/C2/epoch4/tools/prefix_cases.py", line 483, in test_final_recheck_catches_tail_mutation_during_decode
    self.produce()
  File "/data/home/rohing/dream-state-orch/research_loop/workers/post_recovery_c2_retention_receiver_20260919/prepared_epoch4_v2/C2/epoch4/tools/prefix_cases.py", line 112, in produce
    self.proof = self.helper.produce(self.journal, self.selection, self.source, self.journal_type)
                 ^^^^^^^^^^^^^^^^^^^^^^^^^^^^^^^^^^^^^^^^^^^^^^^^^^^^^^^^^^^^^^^^^^^^^^^^^^^^^^^^^
  File "/data/home/rohing/dream-state-orch/research_loop/workers/post_recovery_c2_retention_receiver_20260919/prepared_epoch4_v2/scratch/c2-prefix-source-i4o4b_m5/source/gpu/immutable_prefix_proof.py", line 324, in produce
    aged_pairs = metadata_preflight(journal, binding['selection']['complete_index'], sealing_started)
                 ^^^^^^^^^^^^^^^^^^^^^^^^^^^^^^^^^^^^^^^^^^^^^^^^^^^^^^^^^^^^^^^^^^^^^^^^^^^^^^^^^^^^
  File "/data/home/rohing/dream-state-orch/research_loop/workers/post_recovery_c2_retention_receiver_20260919/prepared_epoch4_v2/scratch/c2-prefix-source-i4o4b_m5/source/gpu/immutable_prefix_proof.py", line 586, in metadata_preflight
    require_quiet_identity(identity, sealing_started)
  File "/data/home/rohing/dream-state-orch/research_loop/workers/post_recovery_c2_retention_receiver_20260919/prepared_epoch4_v2/scratch/c2-prefix-source-i4o4b_m5/source/gpu/immutable_prefix_proof.py", line 577, in require_quiet_identity
    require(max(identity['mtime_ns'], identity['ctime_ns']) <= sealing_started - MINIMUM_QUIET_NS,
  File "/data/home/rohing/dream-state-orch/research_loop/workers/post_recovery_c2_retention_receiver_20260919/prepared_epoch4_v2/scratch/c2-prefix-source-i4o4b_m5/source/gpu/immutable_prefix_proof.py", line 37, in require
    raise ValueError('prefix_proof_' + reason)
ValueError: prefix_proof_immutable_file_too_young_or_future_timestamp

======================================================================
ERROR: test_forward_authority_bounds_policy_and_rollback (pinned_prefix_cases.PrefixTests.test_forward_authority_bounds_policy_and_rollback)
----------------------------------------------------------------------
Traceback (most recent call last):
  File "/data/home/rohing/dream-state-orch/research_loop/workers/post_recovery_c2_retention_receiver_20260919/prepared_epoch4_v2/C2/epoch4/tools/prefix_cases.py", line 655, in test_forward_authority_bounds_policy_and_rollback
    self.produce()
  File "/data/home/rohing/dream-state-orch/research_loop/workers/post_recovery_c2_retention_receiver_20260919/prepared_epoch4_v2/C2/epoch4/tools/prefix_cases.py", line 112, in produce
    self.proof = self.helper.produce(self.journal, self.selection, self.source, self.journal_type)
                 ^^^^^^^^^^^^^^^^^^^^^^^^^^^^^^^^^^^^^^^^^^^^^^^^^^^^^^^^^^^^^^^^^^^^^^^^^^^^^^^^^
  File "/data/home/rohing/dream-state-orch/research_loop/workers/post_recovery_c2_retention_receiver_20260919/prepared_epoch4_v2/scratch/c2-prefix-source-i4o4b_m5/source/gpu/immutable_prefix_proof.py", line 324, in produce
    aged_pairs = metadata_preflight(journal, binding['selection']['complete_index'], sealing_started)
                 ^^^^^^^^^^^^^^^^^^^^^^^^^^^^^^^^^^^^^^^^^^^^^^^^^^^^^^^^^^^^^^^^^^^^^^^^^^^^^^^^^^^^
  File "/data/home/rohing/dream-state-orch/research_loop/workers/post_recovery_c2_retention_receiver_20260919/prepared_epoch4_v2/scratch/c2-prefix-source-i4o4b_m5/source/gpu/immutable_prefix_proof.py", line 586, in metadata_preflight
    require_quiet_identity(identity, sealing_started)
  File "/data/home/rohing/dream-state-orch/research_loop/workers/post_recovery_c2_retention_receiver_20260919/prepared_epoch4_v2/scratch/c2-prefix-source-i4o4b_m5/source/gpu/immutable_prefix_proof.py", line 577, in require_quiet_identity
    require(max(identity['mtime_ns'], identity['ctime_ns']) <= sealing_started - MINIMUM_QUIET_NS,
  File "/data/home/rohing/dream-state-orch/research_loop/workers/post_recovery_c2_retention_receiver_20260919/prepared_epoch4_v2/scratch/c2-prefix-source-i4o4b_m5/source/gpu/immutable_prefix_proof.py", line 37, in require
    raise ValueError('prefix_proof_' + reason)
ValueError: prefix_proof_immutable_file_too_young_or_future_timestamp

======================================================================
ERROR: test_forward_interval_raw_and_intent_corruption_refuse (pinned_prefix_cases.PrefixTests.test_forward_interval_raw_and_intent_corruption_refuse)
----------------------------------------------------------------------
Traceback (most recent call last):
  File "/data/home/rohing/dream-state-orch/research_loop/workers/post_recovery_c2_retention_receiver_20260919/prepared_epoch4_v2/C2/epoch4/tools/prefix_cases.py", line 643, in test_forward_interval_raw_and_intent_corruption_refuse
    self.produce()
  File "/data/home/rohing/dream-state-orch/research_loop/workers/post_recovery_c2_retention_receiver_20260919/prepared_epoch4_v2/C2/epoch4/tools/prefix_cases.py", line 112, in produce
    self.proof = self.helper.produce(self.journal, self.selection, self.source, self.journal_type)
                 ^^^^^^^^^^^^^^^^^^^^^^^^^^^^^^^^^^^^^^^^^^^^^^^^^^^^^^^^^^^^^^^^^^^^^^^^^^^^^^^^^
  File "/data/home/rohing/dream-state-orch/research_loop/workers/post_recovery_c2_retention_receiver_20260919/prepared_epoch4_v2/scratch/c2-prefix-source-i4o4b_m5/source/gpu/immutable_prefix_proof.py", line 324, in produce
    aged_pairs = metadata_preflight(journal, binding['selection']['complete_index'], sealing_started)
                 ^^^^^^^^^^^^^^^^^^^^^^^^^^^^^^^^^^^^^^^^^^^^^^^^^^^^^^^^^^^^^^^^^^^^^^^^^^^^^^^^^^^^
  File "/data/home/rohing/dream-state-orch/research_loop/workers/post_recovery_c2_retention_receiver_20260919/prepared_epoch4_v2/scratch/c2-prefix-source-i4o4b_m5/source/gpu/immutable_prefix_proof.py", line 586, in metadata_preflight
    require_quiet_identity(identity, sealing_started)
  File "/data/home/rohing/dream-state-orch/research_loop/workers/post_recovery_c2_retention_receiver_20260919/prepared_epoch4_v2/scratch/c2-prefix-source-i4o4b_m5/source/gpu/immutable_prefix_proof.py", line 577, in require_quiet_identity
    require(max(identity['mtime_ns'], identity['ctime_ns']) <= sealing_started - MINIMUM_QUIET_NS,
  File "/data/home/rohing/dream-state-orch/research_loop/workers/post_recovery_c2_retention_receiver_20260919/prepared_epoch4_v2/scratch/c2-prefix-source-i4o4b_m5/source/gpu/immutable_prefix_proof.py", line 37, in require
    raise ValueError('prefix_proof_' + reason)
ValueError: prefix_proof_immutable_file_too_young_or_future_timestamp

======================================================================
ERROR: test_full_state_parity_and_no_prefix_body_or_intent_reads (pinned_prefix_cases.PrefixTests.test_full_state_parity_and_no_prefix_body_or_intent_reads)
----------------------------------------------------------------------
Traceback (most recent call last):
  File "/data/home/rohing/dream-state-orch/research_loop/workers/post_recovery_c2_retention_receiver_20260919/prepared_epoch4_v2/C2/epoch4/tools/prefix_cases.py", line 150, in test_full_state_parity_and_no_prefix_body_or_intent_reads
    self.produce()
  File "/data/home/rohing/dream-state-orch/research_loop/workers/post_recovery_c2_retention_receiver_20260919/prepared_epoch4_v2/C2/epoch4/tools/prefix_cases.py", line 112, in produce
    self.proof = self.helper.produce(self.journal, self.selection, self.source, self.journal_type)
                 ^^^^^^^^^^^^^^^^^^^^^^^^^^^^^^^^^^^^^^^^^^^^^^^^^^^^^^^^^^^^^^^^^^^^^^^^^^^^^^^^^
  File "/data/home/rohing/dream-state-orch/research_loop/workers/post_recovery_c2_retention_receiver_20260919/prepared_epoch4_v2/scratch/c2-prefix-source-i4o4b_m5/source/gpu/immutable_prefix_proof.py", line 324, in produce
    aged_pairs = metadata_preflight(journal, binding['selection']['complete_index'], sealing_started)
                 ^^^^^^^^^^^^^^^^^^^^^^^^^^^^^^^^^^^^^^^^^^^^^^^^^^^^^^^^^^^^^^^^^^^^^^^^^^^^^^^^^^^^
  File "/data/home/rohing/dream-state-orch/research_loop/workers/post_recovery_c2_retention_receiver_20260919/prepared_epoch4_v2/scratch/c2-prefix-source-i4o4b_m5/source/gpu/immutable_prefix_proof.py", line 586, in metadata_preflight
    require_quiet_identity(identity, sealing_started)
  File "/data/home/rohing/dream-state-orch/research_loop/workers/post_recovery_c2_retention_receiver_20260919/prepared_epoch4_v2/scratch/c2-prefix-source-i4o4b_m5/source/gpu/immutable_prefix_proof.py", line 577, in require_quiet_identity
    require(max(identity['mtime_ns'], identity['ctime_ns']) <= sealing_started - MINIMUM_QUIET_NS,
  File "/data/home/rohing/dream-state-orch/research_loop/workers/post_recovery_c2_retention_receiver_20260919/prepared_epoch4_v2/scratch/c2-prefix-source-i4o4b_m5/source/gpu/immutable_prefix_proof.py", line 37, in require
    raise ValueError('prefix_proof_' + reason)
ValueError: prefix_proof_immutable_file_too_young_or_future_timestamp

======================================================================
ERROR: test_independent_pair_classes_not_interchangeable (pinned_prefix_cases.PrefixTests.test_independent_pair_classes_not_interchangeable)
----------------------------------------------------------------------
Traceback (most recent call last):
  File "/data/home/rohing/dream-state-orch/research_loop/workers/post_recovery_c2_retention_receiver_20260919/prepared_epoch4_v2/C2/epoch4/tools/prefix_cases.py", line 584, in test_independent_pair_classes_not_interchangeable
    self.produce()
  File "/data/home/rohing/dream-state-orch/research_loop/workers/post_recovery_c2_retention_receiver_20260919/prepared_epoch4_v2/C2/epoch4/tools/prefix_cases.py", line 112, in produce
    self.proof = self.helper.produce(self.journal, self.selection, self.source, self.journal_type)
                 ^^^^^^^^^^^^^^^^^^^^^^^^^^^^^^^^^^^^^^^^^^^^^^^^^^^^^^^^^^^^^^^^^^^^^^^^^^^^^^^^^
  File "/data/home/rohing/dream-state-orch/research_loop/workers/post_recovery_c2_retention_receiver_20260919/prepared_epoch4_v2/scratch/c2-prefix-source-i4o4b_m5/source/gpu/immutable_prefix_proof.py", line 324, in produce
    aged_pairs = metadata_preflight(journal, binding['selection']['complete_index'], sealing_started)
                 ^^^^^^^^^^^^^^^^^^^^^^^^^^^^^^^^^^^^^^^^^^^^^^^^^^^^^^^^^^^^^^^^^^^^^^^^^^^^^^^^^^^^
  File "/data/home/rohing/dream-state-orch/research_loop/workers/post_recovery_c2_retention_receiver_20260919/prepared_epoch4_v2/scratch/c2-prefix-source-i4o4b_m5/source/gpu/immutable_prefix_proof.py", line 586, in metadata_preflight
    require_quiet_identity(identity, sealing_started)
  File "/data/home/rohing/dream-state-orch/research_loop/workers/post_recovery_c2_retention_receiver_20260919/prepared_epoch4_v2/scratch/c2-prefix-source-i4o4b_m5/source/gpu/immutable_prefix_proof.py", line 577, in require_quiet_identity
    require(max(identity['mtime_ns'], identity['ctime_ns']) <= sealing_started - MINIMUM_QUIET_NS,
  File "/data/home/rohing/dream-state-orch/research_loop/workers/post_recovery_c2_retention_receiver_20260919/prepared_epoch4_v2/scratch/c2-prefix-source-i4o4b_m5/source/gpu/immutable_prefix_proof.py", line 37, in require
    raise ValueError('prefix_proof_' + reason)
ValueError: prefix_proof_immutable_file_too_young_or_future_timestamp

======================================================================
ERROR: test_intent_changed_refused (pinned_prefix_cases.PrefixTests.test_intent_changed_refused)
----------------------------------------------------------------------
Traceback (most recent call last):
  File "/data/home/rohing/dream-state-orch/research_loop/workers/post_recovery_c2_retention_receiver_20260919/prepared_epoch4_v2/C2/epoch4/tools/prefix_cases.py", line 404, in test_intent_changed_refused
    self.produce()
  File "/data/home/rohing/dream-state-orch/research_loop/workers/post_recovery_c2_retention_receiver_20260919/prepared_epoch4_v2/C2/epoch4/tools/prefix_cases.py", line 112, in produce
    self.proof = self.helper.produce(self.journal, self.selection, self.source, self.journal_type)
                 ^^^^^^^^^^^^^^^^^^^^^^^^^^^^^^^^^^^^^^^^^^^^^^^^^^^^^^^^^^^^^^^^^^^^^^^^^^^^^^^^^
  File "/data/home/rohing/dream-state-orch/research_loop/workers/post_recovery_c2_retention_receiver_20260919/prepared_epoch4_v2/scratch/c2-prefix-source-i4o4b_m5/source/gpu/immutable_prefix_proof.py", line 324, in produce
    aged_pairs = metadata_preflight(journal, binding['selection']['complete_index'], sealing_started)
                 ^^^^^^^^^^^^^^^^^^^^^^^^^^^^^^^^^^^^^^^^^^^^^^^^^^^^^^^^^^^^^^^^^^^^^^^^^^^^^^^^^^^^
  File "/data/home/rohing/dream-state-orch/research_loop/workers/post_recovery_c2_retention_receiver_20260919/prepared_epoch4_v2/scratch/c2-prefix-source-i4o4b_m5/source/gpu/immutable_prefix_proof.py", line 586, in metadata_preflight
    require_quiet_identity(identity, sealing_started)
  File "/data/home/rohing/dream-state-orch/research_loop/workers/post_recovery_c2_retention_receiver_20260919/prepared_epoch4_v2/scratch/c2-prefix-source-i4o4b_m5/source/gpu/immutable_prefix_proof.py", line 577, in require_quiet_identity
    require(max(identity['mtime_ns'], identity['ctime_ns']) <= sealing_started - MINIMUM_QUIET_NS,
  File "/data/home/rohing/dream-state-orch/research_loop/workers/post_recovery_c2_retention_receiver_20260919/prepared_epoch4_v2/scratch/c2-prefix-source-i4o4b_m5/source/gpu/immutable_prefix_proof.py", line 37, in require
    raise ValueError('prefix_proof_' + reason)
ValueError: prefix_proof_immutable_file_too_young_or_future_timestamp

======================================================================
ERROR: test_intent_ctime_and_symlink_refused (pinned_prefix_cases.PrefixTests.test_intent_ctime_and_symlink_refused)
----------------------------------------------------------------------
Traceback (most recent call last):
  File "/data/home/rohing/dream-state-orch/research_loop/workers/post_recovery_c2_retention_receiver_20260919/prepared_epoch4_v2/C2/epoch4/tools/prefix_cases.py", line 422, in test_intent_ctime_and_symlink_refused
    self.produce()
  File "/data/home/rohing/dream-state-orch/research_loop/workers/post_recovery_c2_retention_receiver_20260919/prepared_epoch4_v2/C2/epoch4/tools/prefix_cases.py", line 112, in produce
    self.proof = self.helper.produce(self.journal, self.selection, self.source, self.journal_type)
                 ^^^^^^^^^^^^^^^^^^^^^^^^^^^^^^^^^^^^^^^^^^^^^^^^^^^^^^^^^^^^^^^^^^^^^^^^^^^^^^^^^
  File "/data/home/rohing/dream-state-orch/research_loop/workers/post_recovery_c2_retention_receiver_20260919/prepared_epoch4_v2/scratch/c2-prefix-source-i4o4b_m5/source/gpu/immutable_prefix_proof.py", line 324, in produce
    aged_pairs = metadata_preflight(journal, binding['selection']['complete_index'], sealing_started)
                 ^^^^^^^^^^^^^^^^^^^^^^^^^^^^^^^^^^^^^^^^^^^^^^^^^^^^^^^^^^^^^^^^^^^^^^^^^^^^^^^^^^^^
  File "/data/home/rohing/dream-state-orch/research_loop/workers/post_recovery_c2_retention_receiver_20260919/prepared_epoch4_v2/scratch/c2-prefix-source-i4o4b_m5/source/gpu/immutable_prefix_proof.py", line 586, in metadata_preflight
    require_quiet_identity(identity, sealing_started)
  File "/data/home/rohing/dream-state-orch/research_loop/workers/post_recovery_c2_retention_receiver_20260919/prepared_epoch4_v2/scratch/c2-prefix-source-i4o4b_m5/source/gpu/immutable_prefix_proof.py", line 577, in require_quiet_identity
    require(max(identity['mtime_ns'], identity['ctime_ns']) <= sealing_started - MINIMUM_QUIET_NS,
  File "/data/home/rohing/dream-state-orch/research_loop/workers/post_recovery_c2_retention_receiver_20260919/prepared_epoch4_v2/scratch/c2-prefix-source-i4o4b_m5/source/gpu/immutable_prefix_proof.py", line 37, in require
    raise ValueError('prefix_proof_' + reason)
ValueError: prefix_proof_immutable_file_too_young_or_future_timestamp

======================================================================
ERROR: test_manifest_replacement_same_bytes_refused (pinned_prefix_cases.PrefixTests.test_manifest_replacement_same_bytes_refused)
----------------------------------------------------------------------
Traceback (most recent call last):
  File "/data/home/rohing/dream-state-orch/research_loop/workers/post_recovery_c2_retention_receiver_20260919/prepared_epoch4_v2/C2/epoch4/tools/prefix_cases.py", line 548, in test_manifest_replacement_same_bytes_refused
    self.produce()
  File "/data/home/rohing/dream-state-orch/research_loop/workers/post_recovery_c2_retention_receiver_20260919/prepared_epoch4_v2/C2/epoch4/tools/prefix_cases.py", line 112, in produce
    self.proof = self.helper.produce(self.journal, self.selection, self.source, self.journal_type)
                 ^^^^^^^^^^^^^^^^^^^^^^^^^^^^^^^^^^^^^^^^^^^^^^^^^^^^^^^^^^^^^^^^^^^^^^^^^^^^^^^^^
  File "/data/home/rohing/dream-state-orch/research_loop/workers/post_recovery_c2_retention_receiver_20260919/prepared_epoch4_v2/scratch/c2-prefix-source-i4o4b_m5/source/gpu/immutable_prefix_proof.py", line 324, in produce
    aged_pairs = metadata_preflight(journal, binding['selection']['complete_index'], sealing_started)
                 ^^^^^^^^^^^^^^^^^^^^^^^^^^^^^^^^^^^^^^^^^^^^^^^^^^^^^^^^^^^^^^^^^^^^^^^^^^^^^^^^^^^^
  File "/data/home/rohing/dream-state-orch/research_loop/workers/post_recovery_c2_retention_receiver_20260919/prepared_epoch4_v2/scratch/c2-prefix-source-i4o4b_m5/source/gpu/immutable_prefix_proof.py", line 586, in metadata_preflight
    require_quiet_identity(identity, sealing_started)
  File "/data/home/rohing/dream-state-orch/research_loop/workers/post_recovery_c2_retention_receiver_20260919/prepared_epoch4_v2/scratch/c2-prefix-source-i4o4b_m5/source/gpu/immutable_prefix_proof.py", line 577, in require_quiet_identity
    require(max(identity['mtime_ns'], identity['ctime_ns']) <= sealing_started - MINIMUM_QUIET_NS,
  File "/data/home/rohing/dream-state-orch/research_loop/workers/post_recovery_c2_retention_receiver_20260919/prepared_epoch4_v2/scratch/c2-prefix-source-i4o4b_m5/source/gpu/immutable_prefix_proof.py", line 37, in require
    raise ValueError('prefix_proof_' + reason)
ValueError: prefix_proof_immutable_file_too_young_or_future_timestamp

======================================================================
ERROR: test_missing_unpinned_and_forged_proof_refuse_no_fallback (pinned_prefix_cases.PrefixTests.test_missing_unpinned_and_forged_proof_refuse_no_fallback)
----------------------------------------------------------------------
Traceback (most recent call last):
  File "/data/home/rohing/dream-state-orch/research_loop/workers/post_recovery_c2_retention_receiver_20260919/prepared_epoch4_v2/C2/epoch4/tools/prefix_cases.py", line 259, in test_missing_unpinned_and_forged_proof_refuse_no_fallback
    self.produce()
  File "/data/home/rohing/dream-state-orch/research_loop/workers/post_recovery_c2_retention_receiver_20260919/prepared_epoch4_v2/C2/epoch4/tools/prefix_cases.py", line 112, in produce
    self.proof = self.helper.produce(self.journal, self.selection, self.source, self.journal_type)
                 ^^^^^^^^^^^^^^^^^^^^^^^^^^^^^^^^^^^^^^^^^^^^^^^^^^^^^^^^^^^^^^^^^^^^^^^^^^^^^^^^^
  File "/data/home/rohing/dream-state-orch/research_loop/workers/post_recovery_c2_retention_receiver_20260919/prepared_epoch4_v2/scratch/c2-prefix-source-i4o4b_m5/source/gpu/immutable_prefix_proof.py", line 324, in produce
    aged_pairs = metadata_preflight(journal, binding['selection']['complete_index'], sealing_started)
                 ^^^^^^^^^^^^^^^^^^^^^^^^^^^^^^^^^^^^^^^^^^^^^^^^^^^^^^^^^^^^^^^^^^^^^^^^^^^^^^^^^^^^
  File "/data/home/rohing/dream-state-orch/research_loop/workers/post_recovery_c2_retention_receiver_20260919/prepared_epoch4_v2/scratch/c2-prefix-source-i4o4b_m5/source/gpu/immutable_prefix_proof.py", line 586, in metadata_preflight
    require_quiet_identity(identity, sealing_started)
  File "/data/home/rohing/dream-state-orch/research_loop/workers/post_recovery_c2_retention_receiver_20260919/prepared_epoch4_v2/scratch/c2-prefix-source-i4o4b_m5/source/gpu/immutable_prefix_proof.py", line 577, in require_quiet_identity
    require(max(identity['mtime_ns'], identity['ctime_ns']) <= sealing_started - MINIMUM_QUIET_NS,
  File "/data/home/rohing/dream-state-orch/research_loop/workers/post_recovery_c2_retention_receiver_20260919/prepared_epoch4_v2/scratch/c2-prefix-source-i4o4b_m5/source/gpu/immutable_prefix_proof.py", line 37, in require
    raise ValueError('prefix_proof_' + reason)
ValueError: prefix_proof_immutable_file_too_young_or_future_timestamp

======================================================================
ERROR: test_namespace_mismatch_refused_even_with_exact_source_and_prefix (pinned_prefix_cases.PrefixTests.test_namespace_mismatch_refused_even_with_exact_source_and_prefix)
----------------------------------------------------------------------
Traceback (most recent call last):
  File "/data/home/rohing/dream-state-orch/research_loop/workers/post_recovery_c2_retention_receiver_20260919/prepared_epoch4_v2/C2/epoch4/tools/prefix_cases.py", line 685, in test_namespace_mismatch_refused_even_with_exact_source_and_prefix
    self.produce()
  File "/data/home/rohing/dream-state-orch/research_loop/workers/post_recovery_c2_retention_receiver_20260919/prepared_epoch4_v2/C2/epoch4/tools/prefix_cases.py", line 112, in produce
    self.proof = self.helper.produce(self.journal, self.selection, self.source, self.journal_type)
                 ^^^^^^^^^^^^^^^^^^^^^^^^^^^^^^^^^^^^^^^^^^^^^^^^^^^^^^^^^^^^^^^^^^^^^^^^^^^^^^^^^
  File "/data/home/rohing/dream-state-orch/research_loop/workers/post_recovery_c2_retention_receiver_20260919/prepared_epoch4_v2/scratch/c2-prefix-source-i4o4b_m5/source/gpu/immutable_prefix_proof.py", line 324, in produce
    aged_pairs = metadata_preflight(journal, binding['selection']['complete_index'], sealing_started)
                 ^^^^^^^^^^^^^^^^^^^^^^^^^^^^^^^^^^^^^^^^^^^^^^^^^^^^^^^^^^^^^^^^^^^^^^^^^^^^^^^^^^^^
  File "/data/home/rohing/dream-state-orch/research_loop/workers/post_recovery_c2_retention_receiver_20260919/prepared_epoch4_v2/scratch/c2-prefix-source-i4o4b_m5/source/gpu/immutable_prefix_proof.py", line 586, in metadata_preflight
    require_quiet_identity(identity, sealing_started)
  File "/data/home/rohing/dream-state-orch/research_loop/workers/post_recovery_c2_retention_receiver_20260919/prepared_epoch4_v2/scratch/c2-prefix-source-i4o4b_m5/source/gpu/immutable_prefix_proof.py", line 577, in require_quiet_identity
    require(max(identity['mtime_ns'], identity['ctime_ns']) <= sealing_started - MINIMUM_QUIET_NS,
  File "/data/home/rohing/dream-state-orch/research_loop/workers/post_recovery_c2_retention_receiver_20260919/prepared_epoch4_v2/scratch/c2-prefix-source-i4o4b_m5/source/gpu/immutable_prefix_proof.py", line 37, in require
    raise ValueError('prefix_proof_' + reason)
ValueError: prefix_proof_immutable_file_too_young_or_future_timestamp

======================================================================
ERROR: test_pending_request_parity (pinned_prefix_cases.PrefixTests.test_pending_request_parity)
----------------------------------------------------------------------
Traceback (most recent call last):
  File "/data/home/rohing/dream-state-orch/research_loop/workers/post_recovery_c2_retention_receiver_20260919/prepared_epoch4_v2/C2/epoch4/tools/prefix_cases.py", line 200, in test_pending_request_parity
    self.produce()
  File "/data/home/rohing/dream-state-orch/research_loop/workers/post_recovery_c2_retention_receiver_20260919/prepared_epoch4_v2/C2/epoch4/tools/prefix_cases.py", line 112, in produce
    self.proof = self.helper.produce(self.journal, self.selection, self.source, self.journal_type)
                 ^^^^^^^^^^^^^^^^^^^^^^^^^^^^^^^^^^^^^^^^^^^^^^^^^^^^^^^^^^^^^^^^^^^^^^^^^^^^^^^^^
  File "/data/home/rohing/dream-state-orch/research_loop/workers/post_recovery_c2_retention_receiver_20260919/prepared_epoch4_v2/scratch/c2-prefix-source-i4o4b_m5/source/gpu/immutable_prefix_proof.py", line 324, in produce
    aged_pairs = metadata_preflight(journal, binding['selection']['complete_index'], sealing_started)
                 ^^^^^^^^^^^^^^^^^^^^^^^^^^^^^^^^^^^^^^^^^^^^^^^^^^^^^^^^^^^^^^^^^^^^^^^^^^^^^^^^^^^^
  File "/data/home/rohing/dream-state-orch/research_loop/workers/post_recovery_c2_retention_receiver_20260919/prepared_epoch4_v2/scratch/c2-prefix-source-i4o4b_m5/source/gpu/immutable_prefix_proof.py", line 586, in metadata_preflight
    require_quiet_identity(identity, sealing_started)
  File "/data/home/rohing/dream-state-orch/research_loop/workers/post_recovery_c2_retention_receiver_20260919/prepared_epoch4_v2/scratch/c2-prefix-source-i4o4b_m5/source/gpu/immutable_prefix_proof.py", line 577, in require_quiet_identity
    require(max(identity['mtime_ns'], identity['ctime_ns']) <= sealing_started - MINIMUM_QUIET_NS,
  File "/data/home/rohing/dream-state-orch/research_loop/workers/post_recovery_c2_retention_receiver_20260919/prepared_epoch4_v2/scratch/c2-prefix-source-i4o4b_m5/source/gpu/immutable_prefix_proof.py", line 37, in require
    raise ValueError('prefix_proof_' + reason)
ValueError: prefix_proof_immutable_file_too_young_or_future_timestamp

======================================================================
ERROR: test_pending_response_parity (pinned_prefix_cases.PrefixTests.test_pending_response_parity)
----------------------------------------------------------------------
Traceback (most recent call last):
  File "/data/home/rohing/dream-state-orch/research_loop/workers/post_recovery_c2_retention_receiver_20260919/prepared_epoch4_v2/C2/epoch4/tools/prefix_cases.py", line 212, in test_pending_response_parity
    self.produce()
  File "/data/home/rohing/dream-state-orch/research_loop/workers/post_recovery_c2_retention_receiver_20260919/prepared_epoch4_v2/C2/epoch4/tools/prefix_cases.py", line 112, in produce
    self.proof = self.helper.produce(self.journal, self.selection, self.source, self.journal_type)
                 ^^^^^^^^^^^^^^^^^^^^^^^^^^^^^^^^^^^^^^^^^^^^^^^^^^^^^^^^^^^^^^^^^^^^^^^^^^^^^^^^^
  File "/data/home/rohing/dream-state-orch/research_loop/workers/post_recovery_c2_retention_receiver_20260919/prepared_epoch4_v2/scratch/c2-prefix-source-i4o4b_m5/source/gpu/immutable_prefix_proof.py", line 324, in produce
    aged_pairs = metadata_preflight(journal, binding['selection']['complete_index'], sealing_started)
                 ^^^^^^^^^^^^^^^^^^^^^^^^^^^^^^^^^^^^^^^^^^^^^^^^^^^^^^^^^^^^^^^^^^^^^^^^^^^^^^^^^^^^
  File "/data/home/rohing/dream-state-orch/research_loop/workers/post_recovery_c2_retention_receiver_20260919/prepared_epoch4_v2/scratch/c2-prefix-source-i4o4b_m5/source/gpu/immutable_prefix_proof.py", line 586, in metadata_preflight
    require_quiet_identity(identity, sealing_started)
  File "/data/home/rohing/dream-state-orch/research_loop/workers/post_recovery_c2_retention_receiver_20260919/prepared_epoch4_v2/scratch/c2-prefix-source-i4o4b_m5/source/gpu/immutable_prefix_proof.py", line 577, in require_quiet_identity
    require(max(identity['mtime_ns'], identity['ctime_ns']) <= sealing_started - MINIMUM_QUIET_NS,
  File "/data/home/rohing/dream-state-orch/research_loop/workers/post_recovery_c2_retention_receiver_20260919/prepared_epoch4_v2/scratch/c2-prefix-source-i4o4b_m5/source/gpu/immutable_prefix_proof.py", line 37, in require
    raise ValueError('prefix_proof_' + reason)
ValueError: prefix_proof_immutable_file_too_young_or_future_timestamp

======================================================================
ERROR: test_pending_sleep_parity (pinned_prefix_cases.PrefixTests.test_pending_sleep_parity)
----------------------------------------------------------------------
Traceback (most recent call last):
  File "/data/home/rohing/dream-state-orch/research_loop/workers/post_recovery_c2_retention_receiver_20260919/prepared_epoch4_v2/C2/epoch4/tools/prefix_cases.py", line 225, in test_pending_sleep_parity
    self.produce()
  File "/data/home/rohing/dream-state-orch/research_loop/workers/post_recovery_c2_retention_receiver_20260919/prepared_epoch4_v2/C2/epoch4/tools/prefix_cases.py", line 112, in produce
    self.proof = self.helper.produce(self.journal, self.selection, self.source, self.journal_type)
                 ^^^^^^^^^^^^^^^^^^^^^^^^^^^^^^^^^^^^^^^^^^^^^^^^^^^^^^^^^^^^^^^^^^^^^^^^^^^^^^^^^
  File "/data/home/rohing/dream-state-orch/research_loop/workers/post_recovery_c2_retention_receiver_20260919/prepared_epoch4_v2/scratch/c2-prefix-source-i4o4b_m5/source/gpu/immutable_prefix_proof.py", line 324, in produce
    aged_pairs = metadata_preflight(journal, binding['selection']['complete_index'], sealing_started)
                 ^^^^^^^^^^^^^^^^^^^^^^^^^^^^^^^^^^^^^^^^^^^^^^^^^^^^^^^^^^^^^^^^^^^^^^^^^^^^^^^^^^^^
  File "/data/home/rohing/dream-state-orch/research_loop/workers/post_recovery_c2_retention_receiver_20260919/prepared_epoch4_v2/scratch/c2-prefix-source-i4o4b_m5/source/gpu/immutable_prefix_proof.py", line 586, in metadata_preflight
    require_quiet_identity(identity, sealing_started)
  File "/data/home/rohing/dream-state-orch/research_loop/workers/post_recovery_c2_retention_receiver_20260919/prepared_epoch4_v2/scratch/c2-prefix-source-i4o4b_m5/source/gpu/immutable_prefix_proof.py", line 577, in require_quiet_identity
    require(max(identity['mtime_ns'], identity['ctime_ns']) <= sealing_started - MINIMUM_QUIET_NS,
  File "/data/home/rohing/dream-state-orch/research_loop/workers/post_recovery_c2_retention_receiver_20260919/prepared_epoch4_v2/scratch/c2-prefix-source-i4o4b_m5/source/gpu/immutable_prefix_proof.py", line 37, in require
    raise ValueError('prefix_proof_' + reason)
ValueError: prefix_proof_immutable_file_too_young_or_future_timestamp

======================================================================
ERROR: test_producer_hashes_every_raw_prefix_and_intent (pinned_prefix_cases.PrefixTests.test_producer_hashes_every_raw_prefix_and_intent)
----------------------------------------------------------------------
Traceback (most recent call last):
  File "/data/home/rohing/dream-state-orch/research_loop/workers/post_recovery_c2_retention_receiver_20260919/prepared_epoch4_v2/C2/epoch4/tools/prefix_cases.py", line 141, in test_producer_hashes_every_raw_prefix_and_intent
    self.produce()
  File "/data/home/rohing/dream-state-orch/research_loop/workers/post_recovery_c2_retention_receiver_20260919/prepared_epoch4_v2/C2/epoch4/tools/prefix_cases.py", line 112, in produce
    self.proof = self.helper.produce(self.journal, self.selection, self.source, self.journal_type)
                 ^^^^^^^^^^^^^^^^^^^^^^^^^^^^^^^^^^^^^^^^^^^^^^^^^^^^^^^^^^^^^^^^^^^^^^^^^^^^^^^^^
  File "/data/home/rohing/dream-state-orch/research_loop/workers/post_recovery_c2_retention_receiver_20260919/prepared_epoch4_v2/scratch/c2-prefix-source-i4o4b_m5/source/gpu/immutable_prefix_proof.py", line 324, in produce
    aged_pairs = metadata_preflight(journal, binding['selection']['complete_index'], sealing_started)
                 ^^^^^^^^^^^^^^^^^^^^^^^^^^^^^^^^^^^^^^^^^^^^^^^^^^^^^^^^^^^^^^^^^^^^^^^^^^^^^^^^^^^^
  File "/data/home/rohing/dream-state-orch/research_loop/workers/post_recovery_c2_retention_receiver_20260919/prepared_epoch4_v2/scratch/c2-prefix-source-i4o4b_m5/source/gpu/immutable_prefix_proof.py", line 586, in metadata_preflight
    require_quiet_identity(identity, sealing_started)
  File "/data/home/rohing/dream-state-orch/research_loop/workers/post_recovery_c2_retention_receiver_20260919/prepared_epoch4_v2/scratch/c2-prefix-source-i4o4b_m5/source/gpu/immutable_prefix_proof.py", line 577, in require_quiet_identity
    require(max(identity['mtime_ns'], identity['ctime_ns']) <= sealing_started - MINIMUM_QUIET_NS,
  File "/data/home/rohing/dream-state-orch/research_loop/workers/post_recovery_c2_retention_receiver_20260919/prepared_epoch4_v2/scratch/c2-prefix-source-i4o4b_m5/source/gpu/immutable_prefix_proof.py", line 37, in require
    raise ValueError('prefix_proof_' + reason)
ValueError: prefix_proof_immutable_file_too_young_or_future_timestamp

======================================================================
ERROR: test_raw_tamper_with_restored_mtime_refused (pinned_prefix_cases.PrefixTests.test_raw_tamper_with_restored_mtime_refused)
----------------------------------------------------------------------
Traceback (most recent call last):
  File "/data/home/rohing/dream-state-orch/research_loop/workers/post_recovery_c2_retention_receiver_20260919/prepared_epoch4_v2/C2/epoch4/tools/prefix_cases.py", line 326, in test_raw_tamper_with_restored_mtime_refused
    self.produce()
  File "/data/home/rohing/dream-state-orch/research_loop/workers/post_recovery_c2_retention_receiver_20260919/prepared_epoch4_v2/C2/epoch4/tools/prefix_cases.py", line 112, in produce
    self.proof = self.helper.produce(self.journal, self.selection, self.source, self.journal_type)
                 ^^^^^^^^^^^^^^^^^^^^^^^^^^^^^^^^^^^^^^^^^^^^^^^^^^^^^^^^^^^^^^^^^^^^^^^^^^^^^^^^^
  File "/data/home/rohing/dream-state-orch/research_loop/workers/post_recovery_c2_retention_receiver_20260919/prepared_epoch4_v2/scratch/c2-prefix-source-i4o4b_m5/source/gpu/immutable_prefix_proof.py", line 324, in produce
    aged_pairs = metadata_preflight(journal, binding['selection']['complete_index'], sealing_started)
                 ^^^^^^^^^^^^^^^^^^^^^^^^^^^^^^^^^^^^^^^^^^^^^^^^^^^^^^^^^^^^^^^^^^^^^^^^^^^^^^^^^^^^
  File "/data/home/rohing/dream-state-orch/research_loop/workers/post_recovery_c2_retention_receiver_20260919/prepared_epoch4_v2/scratch/c2-prefix-source-i4o4b_m5/source/gpu/immutable_prefix_proof.py", line 586, in metadata_preflight
    require_quiet_identity(identity, sealing_started)
  File "/data/home/rohing/dream-state-orch/research_loop/workers/post_recovery_c2_retention_receiver_20260919/prepared_epoch4_v2/scratch/c2-prefix-source-i4o4b_m5/source/gpu/immutable_prefix_proof.py", line 577, in require_quiet_identity
    require(max(identity['mtime_ns'], identity['ctime_ns']) <= sealing_started - MINIMUM_QUIET_NS,
  File "/data/home/rohing/dream-state-orch/research_loop/workers/post_recovery_c2_retention_receiver_20260919/prepared_epoch4_v2/scratch/c2-prefix-source-i4o4b_m5/source/gpu/immutable_prefix_proof.py", line 37, in require
    raise ValueError('prefix_proof_' + reason)
ValueError: prefix_proof_immutable_file_too_young_or_future_timestamp

======================================================================
ERROR: test_replaced_records_directory_refused (pinned_prefix_cases.PrefixTests.test_replaced_records_directory_refused)
----------------------------------------------------------------------
Traceback (most recent call last):
  File "/data/home/rohing/dream-state-orch/research_loop/workers/post_recovery_c2_retention_receiver_20260919/prepared_epoch4_v2/C2/epoch4/tools/prefix_cases.py", line 383, in test_replaced_records_directory_refused
    self.produce()
  File "/data/home/rohing/dream-state-orch/research_loop/workers/post_recovery_c2_retention_receiver_20260919/prepared_epoch4_v2/C2/epoch4/tools/prefix_cases.py", line 112, in produce
    self.proof = self.helper.produce(self.journal, self.selection, self.source, self.journal_type)
                 ^^^^^^^^^^^^^^^^^^^^^^^^^^^^^^^^^^^^^^^^^^^^^^^^^^^^^^^^^^^^^^^^^^^^^^^^^^^^^^^^^
  File "/data/home/rohing/dream-state-orch/research_loop/workers/post_recovery_c2_retention_receiver_20260919/prepared_epoch4_v2/scratch/c2-prefix-source-i4o4b_m5/source/gpu/immutable_prefix_proof.py", line 324, in produce
    aged_pairs = metadata_preflight(journal, binding['selection']['complete_index'], sealing_started)
                 ^^^^^^^^^^^^^^^^^^^^^^^^^^^^^^^^^^^^^^^^^^^^^^^^^^^^^^^^^^^^^^^^^^^^^^^^^^^^^^^^^^^^
  File "/data/home/rohing/dream-state-orch/research_loop/workers/post_recovery_c2_retention_receiver_20260919/prepared_epoch4_v2/scratch/c2-prefix-source-i4o4b_m5/source/gpu/immutable_prefix_proof.py", line 586, in metadata_preflight
    require_quiet_identity(identity, sealing_started)
  File "/data/home/rohing/dream-state-orch/research_loop/workers/post_recovery_c2_retention_receiver_20260919/prepared_epoch4_v2/scratch/c2-prefix-source-i4o4b_m5/source/gpu/immutable_prefix_proof.py", line 577, in require_quiet_identity
    require(max(identity['mtime_ns'], identity['ctime_ns']) <= sealing_started - MINIMUM_QUIET_NS,
  File "/data/home/rohing/dream-state-orch/research_loop/workers/post_recovery_c2_retention_receiver_20260919/prepared_epoch4_v2/scratch/c2-prefix-source-i4o4b_m5/source/gpu/immutable_prefix_proof.py", line 37, in require
    raise ValueError('prefix_proof_' + reason)
ValueError: prefix_proof_immutable_file_too_young_or_future_timestamp

======================================================================
ERROR: test_required_sidecar_still_decoded_and_validated (pinned_prefix_cases.PrefixTests.test_required_sidecar_still_decoded_and_validated)
----------------------------------------------------------------------
Traceback (most recent call last):
  File "/data/home/rohing/dream-state-orch/research_loop/workers/post_recovery_c2_retention_receiver_20260919/prepared_epoch4_v2/C2/epoch4/tools/prefix_cases.py", line 178, in test_required_sidecar_still_decoded_and_validated
    self.produce()
  File "/data/home/rohing/dream-state-orch/research_loop/workers/post_recovery_c2_retention_receiver_20260919/prepared_epoch4_v2/C2/epoch4/tools/prefix_cases.py", line 112, in produce
    self.proof = self.helper.produce(self.journal, self.selection, self.source, self.journal_type)
                 ^^^^^^^^^^^^^^^^^^^^^^^^^^^^^^^^^^^^^^^^^^^^^^^^^^^^^^^^^^^^^^^^^^^^^^^^^^^^^^^^^
  File "/data/home/rohing/dream-state-orch/research_loop/workers/post_recovery_c2_retention_receiver_20260919/prepared_epoch4_v2/scratch/c2-prefix-source-i4o4b_m5/source/gpu/immutable_prefix_proof.py", line 324, in produce
    aged_pairs = metadata_preflight(journal, binding['selection']['complete_index'], sealing_started)
                 ^^^^^^^^^^^^^^^^^^^^^^^^^^^^^^^^^^^^^^^^^^^^^^^^^^^^^^^^^^^^^^^^^^^^^^^^^^^^^^^^^^^^
  File "/data/home/rohing/dream-state-orch/research_loop/workers/post_recovery_c2_retention_receiver_20260919/prepared_epoch4_v2/scratch/c2-prefix-source-i4o4b_m5/source/gpu/immutable_prefix_proof.py", line 586, in metadata_preflight
    require_quiet_identity(identity, sealing_started)
  File "/data/home/rohing/dream-state-orch/research_loop/workers/post_recovery_c2_retention_receiver_20260919/prepared_epoch4_v2/scratch/c2-prefix-source-i4o4b_m5/source/gpu/immutable_prefix_proof.py", line 577, in require_quiet_identity
    require(max(identity['mtime_ns'], identity['ctime_ns']) <= sealing_started - MINIMUM_QUIET_NS,
  File "/data/home/rohing/dream-state-orch/research_loop/workers/post_recovery_c2_retention_receiver_20260919/prepared_epoch4_v2/scratch/c2-prefix-source-i4o4b_m5/source/gpu/immutable_prefix_proof.py", line 37, in require
    raise ValueError('prefix_proof_' + reason)
ValueError: prefix_proof_immutable_file_too_young_or_future_timestamp

======================================================================
ERROR: test_root_journal_boot_namespace_and_type_binding (pinned_prefix_cases.PrefixTests.test_root_journal_boot_namespace_and_type_binding)
----------------------------------------------------------------------
Traceback (most recent call last):
  File "/data/home/rohing/dream-state-orch/research_loop/workers/post_recovery_c2_retention_receiver_20260919/prepared_epoch4_v2/C2/epoch4/tools/prefix_cases.py", line 306, in test_root_journal_boot_namespace_and_type_binding
    self.produce()
  File "/data/home/rohing/dream-state-orch/research_loop/workers/post_recovery_c2_retention_receiver_20260919/prepared_epoch4_v2/C2/epoch4/tools/prefix_cases.py", line 112, in produce
    self.proof = self.helper.produce(self.journal, self.selection, self.source, self.journal_type)
                 ^^^^^^^^^^^^^^^^^^^^^^^^^^^^^^^^^^^^^^^^^^^^^^^^^^^^^^^^^^^^^^^^^^^^^^^^^^^^^^^^^
  File "/data/home/rohing/dream-state-orch/research_loop/workers/post_recovery_c2_retention_receiver_20260919/prepared_epoch4_v2/scratch/c2-prefix-source-i4o4b_m5/source/gpu/immutable_prefix_proof.py", line 324, in produce
    aged_pairs = metadata_preflight(journal, binding['selection']['complete_index'], sealing_started)
                 ^^^^^^^^^^^^^^^^^^^^^^^^^^^^^^^^^^^^^^^^^^^^^^^^^^^^^^^^^^^^^^^^^^^^^^^^^^^^^^^^^^^^
  File "/data/home/rohing/dream-state-orch/research_loop/workers/post_recovery_c2_retention_receiver_20260919/prepared_epoch4_v2/scratch/c2-prefix-source-i4o4b_m5/source/gpu/immutable_prefix_proof.py", line 586, in metadata_preflight
    require_quiet_identity(identity, sealing_started)
  File "/data/home/rohing/dream-state-orch/research_loop/workers/post_recovery_c2_retention_receiver_20260919/prepared_epoch4_v2/scratch/c2-prefix-source-i4o4b_m5/source/gpu/immutable_prefix_proof.py", line 577, in require_quiet_identity
    require(max(identity['mtime_ns'], identity['ctime_ns']) <= sealing_started - MINIMUM_QUIET_NS,
  File "/data/home/rohing/dream-state-orch/research_loop/workers/post_recovery_c2_retention_receiver_20260919/prepared_epoch4_v2/scratch/c2-prefix-source-i4o4b_m5/source/gpu/immutable_prefix_proof.py", line 37, in require
    raise ValueError('prefix_proof_' + reason)
ValueError: prefix_proof_immutable_file_too_young_or_future_timestamp

======================================================================
ERROR: test_same_bytes_new_inode_refused (pinned_prefix_cases.PrefixTests.test_same_bytes_new_inode_refused)
----------------------------------------------------------------------
Traceback (most recent call last):
  File "/data/home/rohing/dream-state-orch/research_loop/workers/post_recovery_c2_retention_receiver_20260919/prepared_epoch4_v2/C2/epoch4/tools/prefix_cases.py", line 349, in test_same_bytes_new_inode_refused
    self.produce()
  File "/data/home/rohing/dream-state-orch/research_loop/workers/post_recovery_c2_retention_receiver_20260919/prepared_epoch4_v2/C2/epoch4/tools/prefix_cases.py", line 112, in produce
    self.proof = self.helper.produce(self.journal, self.selection, self.source, self.journal_type)
                 ^^^^^^^^^^^^^^^^^^^^^^^^^^^^^^^^^^^^^^^^^^^^^^^^^^^^^^^^^^^^^^^^^^^^^^^^^^^^^^^^^
  File "/data/home/rohing/dream-state-orch/research_loop/workers/post_recovery_c2_retention_receiver_20260919/prepared_epoch4_v2/scratch/c2-prefix-source-i4o4b_m5/source/gpu/immutable_prefix_proof.py", line 324, in produce
    aged_pairs = metadata_preflight(journal, binding['selection']['complete_index'], sealing_started)
                 ^^^^^^^^^^^^^^^^^^^^^^^^^^^^^^^^^^^^^^^^^^^^^^^^^^^^^^^^^^^^^^^^^^^^^^^^^^^^^^^^^^^^
  File "/data/home/rohing/dream-state-orch/research_loop/workers/post_recovery_c2_retention_receiver_20260919/prepared_epoch4_v2/scratch/c2-prefix-source-i4o4b_m5/source/gpu/immutable_prefix_proof.py", line 586, in metadata_preflight
    require_quiet_identity(identity, sealing_started)
  File "/data/home/rohing/dream-state-orch/research_loop/workers/post_recovery_c2_retention_receiver_20260919/prepared_epoch4_v2/scratch/c2-prefix-source-i4o4b_m5/source/gpu/immutable_prefix_proof.py", line 577, in require_quiet_identity
    require(max(identity['mtime_ns'], identity['ctime_ns']) <= sealing_started - MINIMUM_QUIET_NS,
  File "/data/home/rohing/dream-state-orch/research_loop/workers/post_recovery_c2_retention_receiver_20260919/prepared_epoch4_v2/scratch/c2-prefix-source-i4o4b_m5/source/gpu/immutable_prefix_proof.py", line 37, in require
    raise ValueError('prefix_proof_' + reason)
ValueError: prefix_proof_immutable_file_too_young_or_future_timestamp

======================================================================
ERROR: test_same_intent_bytes_new_inode_refused (pinned_prefix_cases.PrefixTests.test_same_intent_bytes_new_inode_refused)
----------------------------------------------------------------------
Traceback (most recent call last):
  File "/data/home/rohing/dream-state-orch/research_loop/workers/post_recovery_c2_retention_receiver_20260919/prepared_epoch4_v2/C2/epoch4/tools/prefix_cases.py", line 410, in test_same_intent_bytes_new_inode_refused
    self.produce()
  File "/data/home/rohing/dream-state-orch/research_loop/workers/post_recovery_c2_retention_receiver_20260919/prepared_epoch4_v2/C2/epoch4/tools/prefix_cases.py", line 112, in produce
    self.proof = self.helper.produce(self.journal, self.selection, self.source, self.journal_type)
                 ^^^^^^^^^^^^^^^^^^^^^^^^^^^^^^^^^^^^^^^^^^^^^^^^^^^^^^^^^^^^^^^^^^^^^^^^^^^^^^^^^
  File "/data/home/rohing/dream-state-orch/research_loop/workers/post_recovery_c2_retention_receiver_20260919/prepared_epoch4_v2/scratch/c2-prefix-source-i4o4b_m5/source/gpu/immutable_prefix_proof.py", line 324, in produce
    aged_pairs = metadata_preflight(journal, binding['selection']['complete_index'], sealing_started)
                 ^^^^^^^^^^^^^^^^^^^^^^^^^^^^^^^^^^^^^^^^^^^^^^^^^^^^^^^^^^^^^^^^^^^^^^^^^^^^^^^^^^^^
  File "/data/home/rohing/dream-state-orch/research_loop/workers/post_recovery_c2_retention_receiver_20260919/prepared_epoch4_v2/scratch/c2-prefix-source-i4o4b_m5/source/gpu/immutable_prefix_proof.py", line 586, in metadata_preflight
    require_quiet_identity(identity, sealing_started)
  File "/data/home/rohing/dream-state-orch/research_loop/workers/post_recovery_c2_retention_receiver_20260919/prepared_epoch4_v2/scratch/c2-prefix-source-i4o4b_m5/source/gpu/immutable_prefix_proof.py", line 577, in require_quiet_identity
    require(max(identity['mtime_ns'], identity['ctime_ns']) <= sealing_started - MINIMUM_QUIET_NS,
  File "/data/home/rohing/dream-state-orch/research_loop/workers/post_recovery_c2_retention_receiver_20260919/prepared_epoch4_v2/scratch/c2-prefix-source-i4o4b_m5/source/gpu/immutable_prefix_proof.py", line 37, in require
    raise ValueError('prefix_proof_' + reason)
ValueError: prefix_proof_immutable_file_too_young_or_future_timestamp

======================================================================
ERROR: test_schema_header_chain_and_intent_identity_schema_refused (pinned_prefix_cases.PrefixTests.test_schema_header_chain_and_intent_identity_schema_refused)
----------------------------------------------------------------------
Traceback (most recent call last):
  File "/data/home/rohing/dream-state-orch/research_loop/workers/post_recovery_c2_retention_receiver_20260919/prepared_epoch4_v2/C2/epoch4/tools/prefix_cases.py", line 288, in test_schema_header_chain_and_intent_identity_schema_refused
    self.produce()
  File "/data/home/rohing/dream-state-orch/research_loop/workers/post_recovery_c2_retention_receiver_20260919/prepared_epoch4_v2/C2/epoch4/tools/prefix_cases.py", line 112, in produce
    self.proof = self.helper.produce(self.journal, self.selection, self.source, self.journal_type)
                 ^^^^^^^^^^^^^^^^^^^^^^^^^^^^^^^^^^^^^^^^^^^^^^^^^^^^^^^^^^^^^^^^^^^^^^^^^^^^^^^^^
  File "/data/home/rohing/dream-state-orch/research_loop/workers/post_recovery_c2_retention_receiver_20260919/prepared_epoch4_v2/scratch/c2-prefix-source-i4o4b_m5/source/gpu/immutable_prefix_proof.py", line 324, in produce
    aged_pairs = metadata_preflight(journal, binding['selection']['complete_index'], sealing_started)
                 ^^^^^^^^^^^^^^^^^^^^^^^^^^^^^^^^^^^^^^^^^^^^^^^^^^^^^^^^^^^^^^^^^^^^^^^^^^^^^^^^^^^^
  File "/data/home/rohing/dream-state-orch/research_loop/workers/post_recovery_c2_retention_receiver_20260919/prepared_epoch4_v2/scratch/c2-prefix-source-i4o4b_m5/source/gpu/immutable_prefix_proof.py", line 586, in metadata_preflight
    require_quiet_identity(identity, sealing_started)
  File "/data/home/rohing/dream-state-orch/research_loop/workers/post_recovery_c2_retention_receiver_20260919/prepared_epoch4_v2/scratch/c2-prefix-source-i4o4b_m5/source/gpu/immutable_prefix_proof.py", line 577, in require_quiet_identity
    require(max(identity['mtime_ns'], identity['ctime_ns']) <= sealing_started - MINIMUM_QUIET_NS,
  File "/data/home/rohing/dream-state-orch/research_loop/workers/post_recovery_c2_retention_receiver_20260919/prepared_epoch4_v2/scratch/c2-prefix-source-i4o4b_m5/source/gpu/immutable_prefix_proof.py", line 37, in require
    raise ValueError('prefix_proof_' + reason)
ValueError: prefix_proof_immutable_file_too_young_or_future_timestamp

======================================================================
ERROR: test_sidecar_only_additional_prefix_body_read (pinned_prefix_cases.PrefixTests.test_sidecar_only_additional_prefix_body_read)
----------------------------------------------------------------------
Traceback (most recent call last):
  File "/data/home/rohing/dream-state-orch/research_loop/workers/post_recovery_c2_retention_receiver_20260919/prepared_epoch4_v2/C2/epoch4/tools/prefix_cases.py", line 186, in test_sidecar_only_additional_prefix_body_read
    self.produce()
  File "/data/home/rohing/dream-state-orch/research_loop/workers/post_recovery_c2_retention_receiver_20260919/prepared_epoch4_v2/C2/epoch4/tools/prefix_cases.py", line 112, in produce
    self.proof = self.helper.produce(self.journal, self.selection, self.source, self.journal_type)
                 ^^^^^^^^^^^^^^^^^^^^^^^^^^^^^^^^^^^^^^^^^^^^^^^^^^^^^^^^^^^^^^^^^^^^^^^^^^^^^^^^^
  File "/data/home/rohing/dream-state-orch/research_loop/workers/post_recovery_c2_retention_receiver_20260919/prepared_epoch4_v2/scratch/c2-prefix-source-i4o4b_m5/source/gpu/immutable_prefix_proof.py", line 324, in produce
    aged_pairs = metadata_preflight(journal, binding['selection']['complete_index'], sealing_started)
                 ^^^^^^^^^^^^^^^^^^^^^^^^^^^^^^^^^^^^^^^^^^^^^^^^^^^^^^^^^^^^^^^^^^^^^^^^^^^^^^^^^^^^
  File "/data/home/rohing/dream-state-orch/research_loop/workers/post_recovery_c2_retention_receiver_20260919/prepared_epoch4_v2/scratch/c2-prefix-source-i4o4b_m5/source/gpu/immutable_prefix_proof.py", line 586, in metadata_preflight
    require_quiet_identity(identity, sealing_started)
  File "/data/home/rohing/dream-state-orch/research_loop/workers/post_recovery_c2_retention_receiver_20260919/prepared_epoch4_v2/scratch/c2-prefix-source-i4o4b_m5/source/gpu/immutable_prefix_proof.py", line 577, in require_quiet_identity
    require(max(identity['mtime_ns'], identity['ctime_ns']) <= sealing_started - MINIMUM_QUIET_NS,
  File "/data/home/rohing/dream-state-orch/research_loop/workers/post_recovery_c2_retention_receiver_20260919/prepared_epoch4_v2/scratch/c2-prefix-source-i4o4b_m5/source/gpu/immutable_prefix_proof.py", line 37, in require
    raise ValueError('prefix_proof_' + reason)
ValueError: prefix_proof_immutable_file_too_young_or_future_timestamp

======================================================================
ERROR: test_source_byte_change_refused (pinned_prefix_cases.PrefixTests.test_source_byte_change_refused)
----------------------------------------------------------------------
Traceback (most recent call last):
  File "/data/home/rohing/dream-state-orch/research_loop/workers/post_recovery_c2_retention_receiver_20260919/prepared_epoch4_v2/C2/epoch4/tools/prefix_cases.py", line 537, in test_source_byte_change_refused
    self.produce()
  File "/data/home/rohing/dream-state-orch/research_loop/workers/post_recovery_c2_retention_receiver_20260919/prepared_epoch4_v2/C2/epoch4/tools/prefix_cases.py", line 112, in produce
    self.proof = self.helper.produce(self.journal, self.selection, self.source, self.journal_type)
                 ^^^^^^^^^^^^^^^^^^^^^^^^^^^^^^^^^^^^^^^^^^^^^^^^^^^^^^^^^^^^^^^^^^^^^^^^^^^^^^^^^
  File "/data/home/rohing/dream-state-orch/research_loop/workers/post_recovery_c2_retention_receiver_20260919/prepared_epoch4_v2/scratch/c2-prefix-source-i4o4b_m5/source/gpu/immutable_prefix_proof.py", line 324, in produce
    aged_pairs = metadata_preflight(journal, binding['selection']['complete_index'], sealing_started)
                 ^^^^^^^^^^^^^^^^^^^^^^^^^^^^^^^^^^^^^^^^^^^^^^^^^^^^^^^^^^^^^^^^^^^^^^^^^^^^^^^^^^^^
  File "/data/home/rohing/dream-state-orch/research_loop/workers/post_recovery_c2_retention_receiver_20260919/prepared_epoch4_v2/scratch/c2-prefix-source-i4o4b_m5/source/gpu/immutable_prefix_proof.py", line 586, in metadata_preflight
    require_quiet_identity(identity, sealing_started)
  File "/data/home/rohing/dream-state-orch/research_loop/workers/post_recovery_c2_retention_receiver_20260919/prepared_epoch4_v2/scratch/c2-prefix-source-i4o4b_m5/source/gpu/immutable_prefix_proof.py", line 577, in require_quiet_identity
    require(max(identity['mtime_ns'], identity['ctime_ns']) <= sealing_started - MINIMUM_QUIET_NS,
  File "/data/home/rohing/dream-state-orch/research_loop/workers/post_recovery_c2_retention_receiver_20260919/prepared_epoch4_v2/scratch/c2-prefix-source-i4o4b_m5/source/gpu/immutable_prefix_proof.py", line 37, in require
    raise ValueError('prefix_proof_' + reason)
ValueError: prefix_proof_immutable_file_too_young_or_future_timestamp

======================================================================
ERROR: test_swapped_inbox_directory_or_lock_refused (pinned_prefix_cases.PrefixTests.test_swapped_inbox_directory_or_lock_refused)
----------------------------------------------------------------------
Traceback (most recent call last):
  File "/data/home/rohing/dream-state-orch/research_loop/workers/post_recovery_c2_retention_receiver_20260919/prepared_epoch4_v2/C2/epoch4/tools/prefix_cases.py", line 521, in test_swapped_inbox_directory_or_lock_refused
    self.produce()
  File "/data/home/rohing/dream-state-orch/research_loop/workers/post_recovery_c2_retention_receiver_20260919/prepared_epoch4_v2/C2/epoch4/tools/prefix_cases.py", line 112, in produce
    self.proof = self.helper.produce(self.journal, self.selection, self.source, self.journal_type)
                 ^^^^^^^^^^^^^^^^^^^^^^^^^^^^^^^^^^^^^^^^^^^^^^^^^^^^^^^^^^^^^^^^^^^^^^^^^^^^^^^^^
  File "/data/home/rohing/dream-state-orch/research_loop/workers/post_recovery_c2_retention_receiver_20260919/prepared_epoch4_v2/scratch/c2-prefix-source-i4o4b_m5/source/gpu/immutable_prefix_proof.py", line 324, in produce
    aged_pairs = metadata_preflight(journal, binding['selection']['complete_index'], sealing_started)
                 ^^^^^^^^^^^^^^^^^^^^^^^^^^^^^^^^^^^^^^^^^^^^^^^^^^^^^^^^^^^^^^^^^^^^^^^^^^^^^^^^^^^^
  File "/data/home/rohing/dream-state-orch/research_loop/workers/post_recovery_c2_retention_receiver_20260919/prepared_epoch4_v2/scratch/c2-prefix-source-i4o4b_m5/source/gpu/immutable_prefix_proof.py", line 586, in metadata_preflight
    require_quiet_identity(identity, sealing_started)
  File "/data/home/rohing/dream-state-orch/research_loop/workers/post_recovery_c2_retention_receiver_20260919/prepared_epoch4_v2/scratch/c2-prefix-source-i4o4b_m5/source/gpu/immutable_prefix_proof.py", line 577, in require_quiet_identity
    require(max(identity['mtime_ns'], identity['ctime_ns']) <= sealing_started - MINIMUM_QUIET_NS,
  File "/data/home/rohing/dream-state-orch/research_loop/workers/post_recovery_c2_retention_receiver_20260919/prepared_epoch4_v2/scratch/c2-prefix-source-i4o4b_m5/source/gpu/immutable_prefix_proof.py", line 37, in require
    raise ValueError('prefix_proof_' + reason)
ValueError: prefix_proof_immutable_file_too_young_or_future_timestamp

======================================================================
ERROR: test_symlinked_prefix_and_proof_refused (pinned_prefix_cases.PrefixTests.test_symlinked_prefix_and_proof_refused)
----------------------------------------------------------------------
Traceback (most recent call last):
  File "/data/home/rohing/dream-state-orch/research_loop/workers/post_recovery_c2_retention_receiver_20260919/prepared_epoch4_v2/C2/epoch4/tools/prefix_cases.py", line 367, in test_symlinked_prefix_and_proof_refused
    self.produce()
  File "/data/home/rohing/dream-state-orch/research_loop/workers/post_recovery_c2_retention_receiver_20260919/prepared_epoch4_v2/C2/epoch4/tools/prefix_cases.py", line 112, in produce
    self.proof = self.helper.produce(self.journal, self.selection, self.source, self.journal_type)
                 ^^^^^^^^^^^^^^^^^^^^^^^^^^^^^^^^^^^^^^^^^^^^^^^^^^^^^^^^^^^^^^^^^^^^^^^^^^^^^^^^^
  File "/data/home/rohing/dream-state-orch/research_loop/workers/post_recovery_c2_retention_receiver_20260919/prepared_epoch4_v2/scratch/c2-prefix-source-i4o4b_m5/source/gpu/immutable_prefix_proof.py", line 324, in produce
    aged_pairs = metadata_preflight(journal, binding['selection']['complete_index'], sealing_started)
                 ^^^^^^^^^^^^^^^^^^^^^^^^^^^^^^^^^^^^^^^^^^^^^^^^^^^^^^^^^^^^^^^^^^^^^^^^^^^^^^^^^^^^
  File "/data/home/rohing/dream-state-orch/research_loop/workers/post_recovery_c2_retention_receiver_20260919/prepared_epoch4_v2/scratch/c2-prefix-source-i4o4b_m5/source/gpu/immutable_prefix_proof.py", line 586, in metadata_preflight
    require_quiet_identity(identity, sealing_started)
  File "/data/home/rohing/dream-state-orch/research_loop/workers/post_recovery_c2_retention_receiver_20260919/prepared_epoch4_v2/scratch/c2-prefix-source-i4o4b_m5/source/gpu/immutable_prefix_proof.py", line 577, in require_quiet_identity
    require(max(identity['mtime_ns'], identity['ctime_ns']) <= sealing_started - MINIMUM_QUIET_NS,
  File "/data/home/rohing/dream-state-orch/research_loop/workers/post_recovery_c2_retention_receiver_20260919/prepared_epoch4_v2/scratch/c2-prefix-source-i4o4b_m5/source/gpu/immutable_prefix_proof.py", line 37, in require
    raise ValueError('prefix_proof_' + reason)
ValueError: prefix_proof_immutable_file_too_young_or_future_timestamp

======================================================================
ERROR: test_symlinked_root_ancestor_refused (pinned_prefix_cases.PrefixTests.test_symlinked_root_ancestor_refused)
----------------------------------------------------------------------
Traceback (most recent call last):
  File "/data/home/rohing/dream-state-orch/research_loop/workers/post_recovery_c2_retention_receiver_20260919/prepared_epoch4_v2/C2/epoch4/tools/prefix_cases.py", line 391, in test_symlinked_root_ancestor_refused
    self.produce()
  File "/data/home/rohing/dream-state-orch/research_loop/workers/post_recovery_c2_retention_receiver_20260919/prepared_epoch4_v2/C2/epoch4/tools/prefix_cases.py", line 112, in produce
    self.proof = self.helper.produce(self.journal, self.selection, self.source, self.journal_type)
                 ^^^^^^^^^^^^^^^^^^^^^^^^^^^^^^^^^^^^^^^^^^^^^^^^^^^^^^^^^^^^^^^^^^^^^^^^^^^^^^^^^
  File "/data/home/rohing/dream-state-orch/research_loop/workers/post_recovery_c2_retention_receiver_20260919/prepared_epoch4_v2/scratch/c2-prefix-source-i4o4b_m5/source/gpu/immutable_prefix_proof.py", line 324, in produce
    aged_pairs = metadata_preflight(journal, binding['selection']['complete_index'], sealing_started)
                 ^^^^^^^^^^^^^^^^^^^^^^^^^^^^^^^^^^^^^^^^^^^^^^^^^^^^^^^^^^^^^^^^^^^^^^^^^^^^^^^^^^^^
  File "/data/home/rohing/dream-state-orch/research_loop/workers/post_recovery_c2_retention_receiver_20260919/prepared_epoch4_v2/scratch/c2-prefix-source-i4o4b_m5/source/gpu/immutable_prefix_proof.py", line 586, in metadata_preflight
    require_quiet_identity(identity, sealing_started)
  File "/data/home/rohing/dream-state-orch/research_loop/workers/post_recovery_c2_retention_receiver_20260919/prepared_epoch4_v2/scratch/c2-prefix-source-i4o4b_m5/source/gpu/immutable_prefix_proof.py", line 577, in require_quiet_identity
    require(max(identity['mtime_ns'], identity['ctime_ns']) <= sealing_started - MINIMUM_QUIET_NS,
  File "/data/home/rohing/dream-state-orch/research_loop/workers/post_recovery_c2_retention_receiver_20260919/prepared_epoch4_v2/scratch/c2-prefix-source-i4o4b_m5/source/gpu/immutable_prefix_proof.py", line 37, in require
    raise ValueError('prefix_proof_' + reason)
ValueError: prefix_proof_immutable_file_too_young_or_future_timestamp

======================================================================
ERROR: test_tail_byte_bound_still_enforced (pinned_prefix_cases.PrefixTests.test_tail_byte_bound_still_enforced)
----------------------------------------------------------------------
Traceback (most recent call last):
  File "/data/home/rohing/dream-state-orch/research_loop/workers/post_recovery_c2_retention_receiver_20260919/prepared_epoch4_v2/C2/epoch4/tools/prefix_cases.py", line 566, in test_tail_byte_bound_still_enforced
    self.produce()
  File "/data/home/rohing/dream-state-orch/research_loop/workers/post_recovery_c2_retention_receiver_20260919/prepared_epoch4_v2/C2/epoch4/tools/prefix_cases.py", line 112, in produce
    self.proof = self.helper.produce(self.journal, self.selection, self.source, self.journal_type)
                 ^^^^^^^^^^^^^^^^^^^^^^^^^^^^^^^^^^^^^^^^^^^^^^^^^^^^^^^^^^^^^^^^^^^^^^^^^^^^^^^^^
  File "/data/home/rohing/dream-state-orch/research_loop/workers/post_recovery_c2_retention_receiver_20260919/prepared_epoch4_v2/scratch/c2-prefix-source-i4o4b_m5/source/gpu/immutable_prefix_proof.py", line 324, in produce
    aged_pairs = metadata_preflight(journal, binding['selection']['complete_index'], sealing_started)
                 ^^^^^^^^^^^^^^^^^^^^^^^^^^^^^^^^^^^^^^^^^^^^^^^^^^^^^^^^^^^^^^^^^^^^^^^^^^^^^^^^^^^^
  File "/data/home/rohing/dream-state-orch/research_loop/workers/post_recovery_c2_retention_receiver_20260919/prepared_epoch4_v2/scratch/c2-prefix-source-i4o4b_m5/source/gpu/immutable_prefix_proof.py", line 586, in metadata_preflight
    require_quiet_identity(identity, sealing_started)
  File "/data/home/rohing/dream-state-orch/research_loop/workers/post_recovery_c2_retention_receiver_20260919/prepared_epoch4_v2/scratch/c2-prefix-source-i4o4b_m5/source/gpu/immutable_prefix_proof.py", line 577, in require_quiet_identity
    require(max(identity['mtime_ns'], identity['ctime_ns']) <= sealing_started - MINIMUM_QUIET_NS,
  File "/data/home/rohing/dream-state-orch/research_loop/workers/post_recovery_c2_retention_receiver_20260919/prepared_epoch4_v2/scratch/c2-prefix-source-i4o4b_m5/source/gpu/immutable_prefix_proof.py", line 37, in require
    raise ValueError('prefix_proof_' + reason)
ValueError: prefix_proof_immutable_file_too_young_or_future_timestamp

======================================================================
ERROR: test_tail_header_valid_but_semantically_invalid_refused (pinned_prefix_cases.PrefixTests.test_tail_header_valid_but_semantically_invalid_refused)
----------------------------------------------------------------------
Traceback (most recent call last):
  File "/data/home/rohing/dream-state-orch/research_loop/workers/post_recovery_c2_retention_receiver_20260919/prepared_epoch4_v2/C2/epoch4/tools/prefix_cases.py", line 572, in test_tail_header_valid_but_semantically_invalid_refused
    self.produce()
  File "/data/home/rohing/dream-state-orch/research_loop/workers/post_recovery_c2_retention_receiver_20260919/prepared_epoch4_v2/C2/epoch4/tools/prefix_cases.py", line 112, in produce
    self.proof = self.helper.produce(self.journal, self.selection, self.source, self.journal_type)
                 ^^^^^^^^^^^^^^^^^^^^^^^^^^^^^^^^^^^^^^^^^^^^^^^^^^^^^^^^^^^^^^^^^^^^^^^^^^^^^^^^^
  File "/data/home/rohing/dream-state-orch/research_loop/workers/post_recovery_c2_retention_receiver_20260919/prepared_epoch4_v2/scratch/c2-prefix-source-i4o4b_m5/source/gpu/immutable_prefix_proof.py", line 324, in produce
    aged_pairs = metadata_preflight(journal, binding['selection']['complete_index'], sealing_started)
                 ^^^^^^^^^^^^^^^^^^^^^^^^^^^^^^^^^^^^^^^^^^^^^^^^^^^^^^^^^^^^^^^^^^^^^^^^^^^^^^^^^^^^
  File "/data/home/rohing/dream-state-orch/research_loop/workers/post_recovery_c2_retention_receiver_20260919/prepared_epoch4_v2/scratch/c2-prefix-source-i4o4b_m5/source/gpu/immutable_prefix_proof.py", line 586, in metadata_preflight
    require_quiet_identity(identity, sealing_started)
  File "/data/home/rohing/dream-state-orch/research_loop/workers/post_recovery_c2_retention_receiver_20260919/prepared_epoch4_v2/scratch/c2-prefix-source-i4o4b_m5/source/gpu/immutable_prefix_proof.py", line 577, in require_quiet_identity
    require(max(identity['mtime_ns'], identity['ctime_ns']) <= sealing_started - MINIMUM_QUIET_NS,
  File "/data/home/rohing/dream-state-orch/research_loop/workers/post_recovery_c2_retention_receiver_20260919/prepared_epoch4_v2/scratch/c2-prefix-source-i4o4b_m5/source/gpu/immutable_prefix_proof.py", line 37, in require
    raise ValueError('prefix_proof_' + reason)
ValueError: prefix_proof_immutable_file_too_young_or_future_timestamp

======================================================================
ERROR: test_unregistered_mailbox_preserved_and_missing_registered_refused (pinned_prefix_cases.PrefixTests.test_unregistered_mailbox_preserved_and_missing_registered_refused)
----------------------------------------------------------------------
Traceback (most recent call last):
  File "/data/home/rohing/dream-state-orch/research_loop/workers/post_recovery_c2_retention_receiver_20260919/prepared_epoch4_v2/C2/epoch4/tools/prefix_cases.py", line 235, in test_unregistered_mailbox_preserved_and_missing_registered_refused
    self.produce()
  File "/data/home/rohing/dream-state-orch/research_loop/workers/post_recovery_c2_retention_receiver_20260919/prepared_epoch4_v2/C2/epoch4/tools/prefix_cases.py", line 112, in produce
    self.proof = self.helper.produce(self.journal, self.selection, self.source, self.journal_type)
                 ^^^^^^^^^^^^^^^^^^^^^^^^^^^^^^^^^^^^^^^^^^^^^^^^^^^^^^^^^^^^^^^^^^^^^^^^^^^^^^^^^
  File "/data/home/rohing/dream-state-orch/research_loop/workers/post_recovery_c2_retention_receiver_20260919/prepared_epoch4_v2/scratch/c2-prefix-source-i4o4b_m5/source/gpu/immutable_prefix_proof.py", line 324, in produce
    aged_pairs = metadata_preflight(journal, binding['selection']['complete_index'], sealing_started)
                 ^^^^^^^^^^^^^^^^^^^^^^^^^^^^^^^^^^^^^^^^^^^^^^^^^^^^^^^^^^^^^^^^^^^^^^^^^^^^^^^^^^^^
  File "/data/home/rohing/dream-state-orch/research_loop/workers/post_recovery_c2_retention_receiver_20260919/prepared_epoch4_v2/scratch/c2-prefix-source-i4o4b_m5/source/gpu/immutable_prefix_proof.py", line 586, in metadata_preflight
    require_quiet_identity(identity, sealing_started)
  File "/data/home/rohing/dream-state-orch/research_loop/workers/post_recovery_c2_retention_receiver_20260919/prepared_epoch4_v2/scratch/c2-prefix-source-i4o4b_m5/source/gpu/immutable_prefix_proof.py", line 577, in require_quiet_identity
    require(max(identity['mtime_ns'], identity['ctime_ns']) <= sealing_started - MINIMUM_QUIET_NS,
  File "/data/home/rohing/dream-state-orch/research_loop/workers/post_recovery_c2_retention_receiver_20260919/prepared_epoch4_v2/scratch/c2-prefix-source-i4o4b_m5/source/gpu/immutable_prefix_proof.py", line 37, in require
    raise ValueError('prefix_proof_' + reason)
ValueError: prefix_proof_immutable_file_too_young_or_future_timestamp

======================================================================
ERROR: test_valid_proof_with_forged_inbox_body_refused_even_if_repinned (pinned_prefix_cases.PrefixTests.test_valid_proof_with_forged_inbox_body_refused_even_if_repinned)
----------------------------------------------------------------------
Traceback (most recent call last):
  File "/data/home/rohing/dream-state-orch/research_loop/workers/post_recovery_c2_retention_receiver_20260919/prepared_epoch4_v2/C2/epoch4/tools/prefix_cases.py", line 280, in test_valid_proof_with_forged_inbox_body_refused_even_if_repinned
    self.produce()
  File "/data/home/rohing/dream-state-orch/research_loop/workers/post_recovery_c2_retention_receiver_20260919/prepared_epoch4_v2/C2/epoch4/tools/prefix_cases.py", line 112, in produce
    self.proof = self.helper.produce(self.journal, self.selection, self.source, self.journal_type)
                 ^^^^^^^^^^^^^^^^^^^^^^^^^^^^^^^^^^^^^^^^^^^^^^^^^^^^^^^^^^^^^^^^^^^^^^^^^^^^^^^^^
  File "/data/home/rohing/dream-state-orch/research_loop/workers/post_recovery_c2_retention_receiver_20260919/prepared_epoch4_v2/scratch/c2-prefix-source-i4o4b_m5/source/gpu/immutable_prefix_proof.py", line 324, in produce
    aged_pairs = metadata_preflight(journal, binding['selection']['complete_index'], sealing_started)
                 ^^^^^^^^^^^^^^^^^^^^^^^^^^^^^^^^^^^^^^^^^^^^^^^^^^^^^^^^^^^^^^^^^^^^^^^^^^^^^^^^^^^^
  File "/data/home/rohing/dream-state-orch/research_loop/workers/post_recovery_c2_retention_receiver_20260919/prepared_epoch4_v2/scratch/c2-prefix-source-i4o4b_m5/source/gpu/immutable_prefix_proof.py", line 586, in metadata_preflight
    require_quiet_identity(identity, sealing_started)
  File "/data/home/rohing/dream-state-orch/research_loop/workers/post_recovery_c2_retention_receiver_20260919/prepared_epoch4_v2/scratch/c2-prefix-source-i4o4b_m5/source/gpu/immutable_prefix_proof.py", line 577, in require_quiet_identity
    require(max(identity['mtime_ns'], identity['ctime_ns']) <= sealing_started - MINIMUM_QUIET_NS,
  File "/data/home/rohing/dream-state-orch/research_loop/workers/post_recovery_c2_retention_receiver_20260919/prepared_epoch4_v2/scratch/c2-prefix-source-i4o4b_m5/source/gpu/immutable_prefix_proof.py", line 37, in require
    raise ValueError('prefix_proof_' + reason)
ValueError: prefix_proof_immutable_file_too_young_or_future_timestamp

======================================================================
ERROR: test_wrong_later_complete_hash_not_inferred_from_journal (pinned_prefix_cases.PrefixTests.test_wrong_later_complete_hash_not_inferred_from_journal)
----------------------------------------------------------------------
Traceback (most recent call last):
  File "/data/home/rohing/dream-state-orch/research_loop/workers/post_recovery_c2_retention_receiver_20260919/prepared_epoch4_v2/C2/epoch4/tools/prefix_cases.py", line 677, in test_wrong_later_complete_hash_not_inferred_from_journal
    self.produce()
  File "/data/home/rohing/dream-state-orch/research_loop/workers/post_recovery_c2_retention_receiver_20260919/prepared_epoch4_v2/C2/epoch4/tools/prefix_cases.py", line 112, in produce
    self.proof = self.helper.produce(self.journal, self.selection, self.source, self.journal_type)
                 ^^^^^^^^^^^^^^^^^^^^^^^^^^^^^^^^^^^^^^^^^^^^^^^^^^^^^^^^^^^^^^^^^^^^^^^^^^^^^^^^^
  File "/data/home/rohing/dream-state-orch/research_loop/workers/post_recovery_c2_retention_receiver_20260919/prepared_epoch4_v2/scratch/c2-prefix-source-i4o4b_m5/source/gpu/immutable_prefix_proof.py", line 324, in produce
    aged_pairs = metadata_preflight(journal, binding['selection']['complete_index'], sealing_started)
                 ^^^^^^^^^^^^^^^^^^^^^^^^^^^^^^^^^^^^^^^^^^^^^^^^^^^^^^^^^^^^^^^^^^^^^^^^^^^^^^^^^^^^
  File "/data/home/rohing/dream-state-orch/research_loop/workers/post_recovery_c2_retention_receiver_20260919/prepared_epoch4_v2/scratch/c2-prefix-source-i4o4b_m5/source/gpu/immutable_prefix_proof.py", line 586, in metadata_preflight
    require_quiet_identity(identity, sealing_started)
  File "/data/home/rohing/dream-state-orch/research_loop/workers/post_recovery_c2_retention_receiver_20260919/prepared_epoch4_v2/scratch/c2-prefix-source-i4o4b_m5/source/gpu/immutable_prefix_proof.py", line 577, in require_quiet_identity
    require(max(identity['mtime_ns'], identity['ctime_ns']) <= sealing_started - MINIMUM_QUIET_NS,
  File "/data/home/rohing/dream-state-orch/research_loop/workers/post_recovery_c2_retention_receiver_20260919/prepared_epoch4_v2/scratch/c2-prefix-source-i4o4b_m5/source/gpu/immutable_prefix_proof.py", line 37, in require
    raise ValueError('prefix_proof_' + reason)
ValueError: prefix_proof_immutable_file_too_young_or_future_timestamp

======================================================================
ERROR: test_c2_CPU_changed_during_consumption_refused (__main__.C2Cases.test_c2_CPU_changed_during_consumption_refused)
----------------------------------------------------------------------
Traceback (most recent call last):
  File "/data/home/rohing/dream-state-orch/research_loop/workers/post_recovery_c2_retention_receiver_20260919/prepared_epoch4_v2/C2/epoch4/tools/prefix_checks.py", line 192, in test_c2_CPU_changed_during_consumption_refused
    self.chain()
  File "/data/home/rohing/dream-state-orch/research_loop/workers/post_recovery_c2_retention_receiver_20260919/prepared_epoch4_v2/C2/epoch4/tools/prefix_checks.py", line 68, in chain
    self.produce()
  File "/data/home/rohing/dream-state-orch/research_loop/workers/post_recovery_c2_retention_receiver_20260919/prepared_epoch4_v2/C2/epoch4/tools/prefix_cases.py", line 112, in produce
    self.proof = self.helper.produce(self.journal, self.selection, self.source, self.journal_type)
                 ^^^^^^^^^^^^^^^^^^^^^^^^^^^^^^^^^^^^^^^^^^^^^^^^^^^^^^^^^^^^^^^^^^^^^^^^^^^^^^^^^
  File "/data/home/rohing/dream-state-orch/research_loop/workers/post_recovery_c2_retention_receiver_20260919/prepared_epoch4_v2/scratch/c2-prefix-source-i4o4b_m5/source/gpu/immutable_prefix_proof.py", line 324, in produce
    aged_pairs = metadata_preflight(journal, binding['selection']['complete_index'], sealing_started)
                 ^^^^^^^^^^^^^^^^^^^^^^^^^^^^^^^^^^^^^^^^^^^^^^^^^^^^^^^^^^^^^^^^^^^^^^^^^^^^^^^^^^^^
  File "/data/home/rohing/dream-state-orch/research_loop/workers/post_recovery_c2_retention_receiver_20260919/prepared_epoch4_v2/scratch/c2-prefix-source-i4o4b_m5/source/gpu/immutable_prefix_proof.py", line 586, in metadata_preflight
    require_quiet_identity(identity, sealing_started)
  File "/data/home/rohing/dream-state-orch/research_loop/workers/post_recovery_c2_retention_receiver_20260919/prepared_epoch4_v2/scratch/c2-prefix-source-i4o4b_m5/source/gpu/immutable_prefix_proof.py", line 577, in require_quiet_identity
    require(max(identity['mtime_ns'], identity['ctime_ns']) <= sealing_started - MINIMUM_QUIET_NS,
  File "/data/home/rohing/dream-state-orch/research_loop/workers/post_recovery_c2_retention_receiver_20260919/prepared_epoch4_v2/scratch/c2-prefix-source-i4o4b_m5/source/gpu/immutable_prefix_proof.py", line 37, in require
    raise ValueError('prefix_proof_' + reason)
ValueError: prefix_proof_immutable_file_too_young_or_future_timestamp

======================================================================
ERROR: test_c2_allocation_changed_during_consumption_refused (__main__.C2Cases.test_c2_allocation_changed_during_consumption_refused)
----------------------------------------------------------------------
Traceback (most recent call last):
  File "/data/home/rohing/dream-state-orch/research_loop/workers/post_recovery_c2_retention_receiver_20260919/prepared_epoch4_v2/C2/epoch4/tools/prefix_checks.py", line 186, in test_c2_allocation_changed_during_consumption_refused
    self.chain()
  File "/data/home/rohing/dream-state-orch/research_loop/workers/post_recovery_c2_retention_receiver_20260919/prepared_epoch4_v2/C2/epoch4/tools/prefix_checks.py", line 68, in chain
    self.produce()
  File "/data/home/rohing/dream-state-orch/research_loop/workers/post_recovery_c2_retention_receiver_20260919/prepared_epoch4_v2/C2/epoch4/tools/prefix_cases.py", line 112, in produce
    self.proof = self.helper.produce(self.journal, self.selection, self.source, self.journal_type)
                 ^^^^^^^^^^^^^^^^^^^^^^^^^^^^^^^^^^^^^^^^^^^^^^^^^^^^^^^^^^^^^^^^^^^^^^^^^^^^^^^^^
  File "/data/home/rohing/dream-state-orch/research_loop/workers/post_recovery_c2_retention_receiver_20260919/prepared_epoch4_v2/scratch/c2-prefix-source-i4o4b_m5/source/gpu/immutable_prefix_proof.py", line 324, in produce
    aged_pairs = metadata_preflight(journal, binding['selection']['complete_index'], sealing_started)
                 ^^^^^^^^^^^^^^^^^^^^^^^^^^^^^^^^^^^^^^^^^^^^^^^^^^^^^^^^^^^^^^^^^^^^^^^^^^^^^^^^^^^^
  File "/data/home/rohing/dream-state-orch/research_loop/workers/post_recovery_c2_retention_receiver_20260919/prepared_epoch4_v2/scratch/c2-prefix-source-i4o4b_m5/source/gpu/immutable_prefix_proof.py", line 586, in metadata_preflight
    require_quiet_identity(identity, sealing_started)
  File "/data/home/rohing/dream-state-orch/research_loop/workers/post_recovery_c2_retention_receiver_20260919/prepared_epoch4_v2/scratch/c2-prefix-source-i4o4b_m5/source/gpu/immutable_prefix_proof.py", line 577, in require_quiet_identity
    require(max(identity['mtime_ns'], identity['ctime_ns']) <= sealing_started - MINIMUM_QUIET_NS,
  File "/data/home/rohing/dream-state-orch/research_loop/workers/post_recovery_c2_retention_receiver_20260919/prepared_epoch4_v2/scratch/c2-prefix-source-i4o4b_m5/source/gpu/immutable_prefix_proof.py", line 37, in require
    raise ValueError('prefix_proof_' + reason)
ValueError: prefix_proof_immutable_file_too_young_or_future_timestamp

======================================================================
ERROR: test_c2_copy_raw_deviation_refused (__main__.C2Cases.test_c2_copy_raw_deviation_refused)
----------------------------------------------------------------------
Traceback (most recent call last):
  File "/data/home/rohing/dream-state-orch/research_loop/workers/post_recovery_c2_retention_receiver_20260919/prepared_epoch4_v2/C2/epoch4/tools/prefix_checks.py", line 198, in test_c2_copy_raw_deviation_refused
    self.chain()
  File "/data/home/rohing/dream-state-orch/research_loop/workers/post_recovery_c2_retention_receiver_20260919/prepared_epoch4_v2/C2/epoch4/tools/prefix_checks.py", line 68, in chain
    self.produce()
  File "/data/home/rohing/dream-state-orch/research_loop/workers/post_recovery_c2_retention_receiver_20260919/prepared_epoch4_v2/C2/epoch4/tools/prefix_cases.py", line 112, in produce
    self.proof = self.helper.produce(self.journal, self.selection, self.source, self.journal_type)
                 ^^^^^^^^^^^^^^^^^^^^^^^^^^^^^^^^^^^^^^^^^^^^^^^^^^^^^^^^^^^^^^^^^^^^^^^^^^^^^^^^^
  File "/data/home/rohing/dream-state-orch/research_loop/workers/post_recovery_c2_retention_receiver_20260919/prepared_epoch4_v2/scratch/c2-prefix-source-i4o4b_m5/source/gpu/immutable_prefix_proof.py", line 324, in produce
    aged_pairs = metadata_preflight(journal, binding['selection']['complete_index'], sealing_started)
                 ^^^^^^^^^^^^^^^^^^^^^^^^^^^^^^^^^^^^^^^^^^^^^^^^^^^^^^^^^^^^^^^^^^^^^^^^^^^^^^^^^^^^
  File "/data/home/rohing/dream-state-orch/research_loop/workers/post_recovery_c2_retention_receiver_20260919/prepared_epoch4_v2/scratch/c2-prefix-source-i4o4b_m5/source/gpu/immutable_prefix_proof.py", line 586, in metadata_preflight
    require_quiet_identity(identity, sealing_started)
  File "/data/home/rohing/dream-state-orch/research_loop/workers/post_recovery_c2_retention_receiver_20260919/prepared_epoch4_v2/scratch/c2-prefix-source-i4o4b_m5/source/gpu/immutable_prefix_proof.py", line 577, in require_quiet_identity
    require(max(identity['mtime_ns'], identity['ctime_ns']) <= sealing_started - MINIMUM_QUIET_NS,
  File "/data/home/rohing/dream-state-orch/research_loop/workers/post_recovery_c2_retention_receiver_20260919/prepared_epoch4_v2/scratch/c2-prefix-source-i4o4b_m5/source/gpu/immutable_prefix_proof.py", line 37, in require
    raise ValueError('prefix_proof_' + reason)
ValueError: prefix_proof_immutable_file_too_young_or_future_timestamp

======================================================================
ERROR: test_c2_cross_rechecks_every_intent_identity (__main__.C2Cases.test_c2_cross_rechecks_every_intent_identity)
----------------------------------------------------------------------
Traceback (most recent call last):
  File "/data/home/rohing/dream-state-orch/research_loop/workers/post_recovery_c2_retention_receiver_20260919/prepared_epoch4_v2/C2/epoch4/tools/prefix_checks.py", line 143, in test_c2_cross_rechecks_every_intent_identity
    consumer = self.context()
               ^^^^^^^^^^^^^^
  File "/data/home/rohing/dream-state-orch/research_loop/workers/post_recovery_c2_retention_receiver_20260919/prepared_epoch4_v2/C2/epoch4/tools/prefix_checks.py", line 37, in context
    self.produce()
  File "/data/home/rohing/dream-state-orch/research_loop/workers/post_recovery_c2_retention_receiver_20260919/prepared_epoch4_v2/C2/epoch4/tools/prefix_cases.py", line 112, in produce
    self.proof = self.helper.produce(self.journal, self.selection, self.source, self.journal_type)
                 ^^^^^^^^^^^^^^^^^^^^^^^^^^^^^^^^^^^^^^^^^^^^^^^^^^^^^^^^^^^^^^^^^^^^^^^^^^^^^^^^^
  File "/data/home/rohing/dream-state-orch/research_loop/workers/post_recovery_c2_retention_receiver_20260919/prepared_epoch4_v2/scratch/c2-prefix-source-i4o4b_m5/source/gpu/immutable_prefix_proof.py", line 324, in produce
    aged_pairs = metadata_preflight(journal, binding['selection']['complete_index'], sealing_started)
                 ^^^^^^^^^^^^^^^^^^^^^^^^^^^^^^^^^^^^^^^^^^^^^^^^^^^^^^^^^^^^^^^^^^^^^^^^^^^^^^^^^^^^
  File "/data/home/rohing/dream-state-orch/research_loop/workers/post_recovery_c2_retention_receiver_20260919/prepared_epoch4_v2/scratch/c2-prefix-source-i4o4b_m5/source/gpu/immutable_prefix_proof.py", line 586, in metadata_preflight
    require_quiet_identity(identity, sealing_started)
  File "/data/home/rohing/dream-state-orch/research_loop/workers/post_recovery_c2_retention_receiver_20260919/prepared_epoch4_v2/scratch/c2-prefix-source-i4o4b_m5/source/gpu/immutable_prefix_proof.py", line 577, in require_quiet_identity
    require(max(identity['mtime_ns'], identity['ctime_ns']) <= sealing_started - MINIMUM_QUIET_NS,
  File "/data/home/rohing/dream-state-orch/research_loop/workers/post_recovery_c2_retention_receiver_20260919/prepared_epoch4_v2/scratch/c2-prefix-source-i4o4b_m5/source/gpu/immutable_prefix_proof.py", line 37, in require
    raise ValueError('prefix_proof_' + reason)
ValueError: prefix_proof_immutable_file_too_young_or_future_timestamp

======================================================================
ERROR: test_c2_cross_rechecks_immutable_source_directory (__main__.C2Cases.test_c2_cross_rechecks_immutable_source_directory)
----------------------------------------------------------------------
Traceback (most recent call last):
  File "/data/home/rohing/dream-state-orch/research_loop/workers/post_recovery_c2_retention_receiver_20260919/prepared_epoch4_v2/C2/epoch4/tools/prefix_checks.py", line 152, in test_c2_cross_rechecks_immutable_source_directory
    consumer = self.context()
               ^^^^^^^^^^^^^^
  File "/data/home/rohing/dream-state-orch/research_loop/workers/post_recovery_c2_retention_receiver_20260919/prepared_epoch4_v2/C2/epoch4/tools/prefix_checks.py", line 37, in context
    self.produce()
  File "/data/home/rohing/dream-state-orch/research_loop/workers/post_recovery_c2_retention_receiver_20260919/prepared_epoch4_v2/C2/epoch4/tools/prefix_cases.py", line 112, in produce
    self.proof = self.helper.produce(self.journal, self.selection, self.source, self.journal_type)
                 ^^^^^^^^^^^^^^^^^^^^^^^^^^^^^^^^^^^^^^^^^^^^^^^^^^^^^^^^^^^^^^^^^^^^^^^^^^^^^^^^^
  File "/data/home/rohing/dream-state-orch/research_loop/workers/post_recovery_c2_retention_receiver_20260919/prepared_epoch4_v2/scratch/c2-prefix-source-i4o4b_m5/source/gpu/immutable_prefix_proof.py", line 324, in produce
    aged_pairs = metadata_preflight(journal, binding['selection']['complete_index'], sealing_started)
                 ^^^^^^^^^^^^^^^^^^^^^^^^^^^^^^^^^^^^^^^^^^^^^^^^^^^^^^^^^^^^^^^^^^^^^^^^^^^^^^^^^^^^
  File "/data/home/rohing/dream-state-orch/research_loop/workers/post_recovery_c2_retention_receiver_20260919/prepared_epoch4_v2/scratch/c2-prefix-source-i4o4b_m5/source/gpu/immutable_prefix_proof.py", line 586, in metadata_preflight
    require_quiet_identity(identity, sealing_started)
  File "/data/home/rohing/dream-state-orch/research_loop/workers/post_recovery_c2_retention_receiver_20260919/prepared_epoch4_v2/scratch/c2-prefix-source-i4o4b_m5/source/gpu/immutable_prefix_proof.py", line 577, in require_quiet_identity
    require(max(identity['mtime_ns'], identity['ctime_ns']) <= sealing_started - MINIMUM_QUIET_NS,
  File "/data/home/rohing/dream-state-orch/research_loop/workers/post_recovery_c2_retention_receiver_20260919/prepared_epoch4_v2/scratch/c2-prefix-source-i4o4b_m5/source/gpu/immutable_prefix_proof.py", line 37, in require
    raise ValueError('prefix_proof_' + reason)
ValueError: prefix_proof_immutable_file_too_young_or_future_timestamp

======================================================================
ERROR: test_c2_cross_rejects_different_boot (__main__.C2Cases.test_c2_cross_rejects_different_boot)
----------------------------------------------------------------------
Traceback (most recent call last):
  File "/data/home/rohing/dream-state-orch/research_loop/workers/post_recovery_c2_retention_receiver_20260919/prepared_epoch4_v2/C2/epoch4/tools/prefix_checks.py", line 126, in test_c2_cross_rejects_different_boot
    consumer = self.context()
               ^^^^^^^^^^^^^^
  File "/data/home/rohing/dream-state-orch/research_loop/workers/post_recovery_c2_retention_receiver_20260919/prepared_epoch4_v2/C2/epoch4/tools/prefix_checks.py", line 37, in context
    self.produce()
  File "/data/home/rohing/dream-state-orch/research_loop/workers/post_recovery_c2_retention_receiver_20260919/prepared_epoch4_v2/C2/epoch4/tools/prefix_cases.py", line 112, in produce
    self.proof = self.helper.produce(self.journal, self.selection, self.source, self.journal_type)
                 ^^^^^^^^^^^^^^^^^^^^^^^^^^^^^^^^^^^^^^^^^^^^^^^^^^^^^^^^^^^^^^^^^^^^^^^^^^^^^^^^^
  File "/data/home/rohing/dream-state-orch/research_loop/workers/post_recovery_c2_retention_receiver_20260919/prepared_epoch4_v2/scratch/c2-prefix-source-i4o4b_m5/source/gpu/immutable_prefix_proof.py", line 324, in produce
    aged_pairs = metadata_preflight(journal, binding['selection']['complete_index'], sealing_started)
                 ^^^^^^^^^^^^^^^^^^^^^^^^^^^^^^^^^^^^^^^^^^^^^^^^^^^^^^^^^^^^^^^^^^^^^^^^^^^^^^^^^^^^
  File "/data/home/rohing/dream-state-orch/research_loop/workers/post_recovery_c2_retention_receiver_20260919/prepared_epoch4_v2/scratch/c2-prefix-source-i4o4b_m5/source/gpu/immutable_prefix_proof.py", line 586, in metadata_preflight
    require_quiet_identity(identity, sealing_started)
  File "/data/home/rohing/dream-state-orch/research_loop/workers/post_recovery_c2_retention_receiver_20260919/prepared_epoch4_v2/scratch/c2-prefix-source-i4o4b_m5/source/gpu/immutable_prefix_proof.py", line 577, in require_quiet_identity
    require(max(identity['mtime_ns'], identity['ctime_ns']) <= sealing_started - MINIMUM_QUIET_NS,
  File "/data/home/rohing/dream-state-orch/research_loop/workers/post_recovery_c2_retention_receiver_20260919/prepared_epoch4_v2/scratch/c2-prefix-source-i4o4b_m5/source/gpu/immutable_prefix_proof.py", line 37, in require
    raise ValueError('prefix_proof_' + reason)
ValueError: prefix_proof_immutable_file_too_young_or_future_timestamp

======================================================================
ERROR: test_c2_cross_rejects_identical_byte_cloned_journal (__main__.C2Cases.test_c2_cross_rejects_identical_byte_cloned_journal)
----------------------------------------------------------------------
Traceback (most recent call last):
  File "/data/home/rohing/dream-state-orch/research_loop/workers/post_recovery_c2_retention_receiver_20260919/prepared_epoch4_v2/C2/epoch4/tools/prefix_checks.py", line 132, in test_c2_cross_rejects_identical_byte_cloned_journal
    consumer = self.context()
               ^^^^^^^^^^^^^^
  File "/data/home/rohing/dream-state-orch/research_loop/workers/post_recovery_c2_retention_receiver_20260919/prepared_epoch4_v2/C2/epoch4/tools/prefix_checks.py", line 37, in context
    self.produce()
  File "/data/home/rohing/dream-state-orch/research_loop/workers/post_recovery_c2_retention_receiver_20260919/prepared_epoch4_v2/C2/epoch4/tools/prefix_cases.py", line 112, in produce
    self.proof = self.helper.produce(self.journal, self.selection, self.source, self.journal_type)
                 ^^^^^^^^^^^^^^^^^^^^^^^^^^^^^^^^^^^^^^^^^^^^^^^^^^^^^^^^^^^^^^^^^^^^^^^^^^^^^^^^^
  File "/data/home/rohing/dream-state-orch/research_loop/workers/post_recovery_c2_retention_receiver_20260919/prepared_epoch4_v2/scratch/c2-prefix-source-i4o4b_m5/source/gpu/immutable_prefix_proof.py", line 324, in produce
    aged_pairs = metadata_preflight(journal, binding['selection']['complete_index'], sealing_started)
                 ^^^^^^^^^^^^^^^^^^^^^^^^^^^^^^^^^^^^^^^^^^^^^^^^^^^^^^^^^^^^^^^^^^^^^^^^^^^^^^^^^^^^
  File "/data/home/rohing/dream-state-orch/research_loop/workers/post_recovery_c2_retention_receiver_20260919/prepared_epoch4_v2/scratch/c2-prefix-source-i4o4b_m5/source/gpu/immutable_prefix_proof.py", line 586, in metadata_preflight
    require_quiet_identity(identity, sealing_started)
  File "/data/home/rohing/dream-state-orch/research_loop/workers/post_recovery_c2_retention_receiver_20260919/prepared_epoch4_v2/scratch/c2-prefix-source-i4o4b_m5/source/gpu/immutable_prefix_proof.py", line 577, in require_quiet_identity
    require(max(identity['mtime_ns'], identity['ctime_ns']) <= sealing_started - MINIMUM_QUIET_NS,
  File "/data/home/rohing/dream-state-orch/research_loop/workers/post_recovery_c2_retention_receiver_20260919/prepared_epoch4_v2/scratch/c2-prefix-source-i4o4b_m5/source/gpu/immutable_prefix_proof.py", line 37, in require
    raise ValueError('prefix_proof_' + reason)
ValueError: prefix_proof_immutable_file_too_young_or_future_timestamp

======================================================================
ERROR: test_c2_cross_requires_independent_exact_clause (__main__.C2Cases.test_c2_cross_requires_independent_exact_clause)
----------------------------------------------------------------------
Traceback (most recent call last):
  File "/data/home/rohing/dream-state-orch/research_loop/workers/post_recovery_c2_retention_receiver_20260919/prepared_epoch4_v2/C2/epoch4/tools/prefix_checks.py", line 119, in test_c2_cross_requires_independent_exact_clause
    consumer = self.context()
               ^^^^^^^^^^^^^^
  File "/data/home/rohing/dream-state-orch/research_loop/workers/post_recovery_c2_retention_receiver_20260919/prepared_epoch4_v2/C2/epoch4/tools/prefix_checks.py", line 37, in context
    self.produce()
  File "/data/home/rohing/dream-state-orch/research_loop/workers/post_recovery_c2_retention_receiver_20260919/prepared_epoch4_v2/C2/epoch4/tools/prefix_cases.py", line 112, in produce
    self.proof = self.helper.produce(self.journal, self.selection, self.source, self.journal_type)
                 ^^^^^^^^^^^^^^^^^^^^^^^^^^^^^^^^^^^^^^^^^^^^^^^^^^^^^^^^^^^^^^^^^^^^^^^^^^^^^^^^^
  File "/data/home/rohing/dream-state-orch/research_loop/workers/post_recovery_c2_retention_receiver_20260919/prepared_epoch4_v2/scratch/c2-prefix-source-i4o4b_m5/source/gpu/immutable_prefix_proof.py", line 324, in produce
    aged_pairs = metadata_preflight(journal, binding['selection']['complete_index'], sealing_started)
                 ^^^^^^^^^^^^^^^^^^^^^^^^^^^^^^^^^^^^^^^^^^^^^^^^^^^^^^^^^^^^^^^^^^^^^^^^^^^^^^^^^^^^
  File "/data/home/rohing/dream-state-orch/research_loop/workers/post_recovery_c2_retention_receiver_20260919/prepared_epoch4_v2/scratch/c2-prefix-source-i4o4b_m5/source/gpu/immutable_prefix_proof.py", line 586, in metadata_preflight
    require_quiet_identity(identity, sealing_started)
  File "/data/home/rohing/dream-state-orch/research_loop/workers/post_recovery_c2_retention_receiver_20260919/prepared_epoch4_v2/scratch/c2-prefix-source-i4o4b_m5/source/gpu/immutable_prefix_proof.py", line 577, in require_quiet_identity
    require(max(identity['mtime_ns'], identity['ctime_ns']) <= sealing_started - MINIMUM_QUIET_NS,
  File "/data/home/rohing/dream-state-orch/research_loop/workers/post_recovery_c2_retention_receiver_20260919/prepared_epoch4_v2/scratch/c2-prefix-source-i4o4b_m5/source/gpu/immutable_prefix_proof.py", line 37, in require
    raise ValueError('prefix_proof_' + reason)
ValueError: prefix_proof_immutable_file_too_young_or_future_timestamp

======================================================================
ERROR: test_c2_explicit_cross_namespace_full_state_parity (__main__.C2Cases.test_c2_explicit_cross_namespace_full_state_parity)
----------------------------------------------------------------------
Traceback (most recent call last):
  File "/data/home/rohing/dream-state-orch/research_loop/workers/post_recovery_c2_retention_receiver_20260919/prepared_epoch4_v2/C2/epoch4/tools/prefix_checks.py", line 109, in test_c2_explicit_cross_namespace_full_state_parity
    consumer = self.context()
               ^^^^^^^^^^^^^^
  File "/data/home/rohing/dream-state-orch/research_loop/workers/post_recovery_c2_retention_receiver_20260919/prepared_epoch4_v2/C2/epoch4/tools/prefix_checks.py", line 37, in context
    self.produce()
  File "/data/home/rohing/dream-state-orch/research_loop/workers/post_recovery_c2_retention_receiver_20260919/prepared_epoch4_v2/C2/epoch4/tools/prefix_cases.py", line 112, in produce
    self.proof = self.helper.produce(self.journal, self.selection, self.source, self.journal_type)
                 ^^^^^^^^^^^^^^^^^^^^^^^^^^^^^^^^^^^^^^^^^^^^^^^^^^^^^^^^^^^^^^^^^^^^^^^^^^^^^^^^^
  File "/data/home/rohing/dream-state-orch/research_loop/workers/post_recovery_c2_retention_receiver_20260919/prepared_epoch4_v2/scratch/c2-prefix-source-i4o4b_m5/source/gpu/immutable_prefix_proof.py", line 324, in produce
    aged_pairs = metadata_preflight(journal, binding['selection']['complete_index'], sealing_started)
                 ^^^^^^^^^^^^^^^^^^^^^^^^^^^^^^^^^^^^^^^^^^^^^^^^^^^^^^^^^^^^^^^^^^^^^^^^^^^^^^^^^^^^
  File "/data/home/rohing/dream-state-orch/research_loop/workers/post_recovery_c2_retention_receiver_20260919/prepared_epoch4_v2/scratch/c2-prefix-source-i4o4b_m5/source/gpu/immutable_prefix_proof.py", line 586, in metadata_preflight
    require_quiet_identity(identity, sealing_started)
  File "/data/home/rohing/dream-state-orch/research_loop/workers/post_recovery_c2_retention_receiver_20260919/prepared_epoch4_v2/scratch/c2-prefix-source-i4o4b_m5/source/gpu/immutable_prefix_proof.py", line 577, in require_quiet_identity
    require(max(identity['mtime_ns'], identity['ctime_ns']) <= sealing_started - MINIMUM_QUIET_NS,
  File "/data/home/rohing/dream-state-orch/research_loop/workers/post_recovery_c2_retention_receiver_20260919/prepared_epoch4_v2/scratch/c2-prefix-source-i4o4b_m5/source/gpu/immutable_prefix_proof.py", line 37, in require
    raise ValueError('prefix_proof_' + reason)
ValueError: prefix_proof_immutable_file_too_young_or_future_timestamp

======================================================================
ERROR: test_c2_original_chain_allows_exact_bounded_clause (__main__.C2Cases.test_c2_original_chain_allows_exact_bounded_clause)
----------------------------------------------------------------------
Traceback (most recent call last):
  File "/data/home/rohing/dream-state-orch/research_loop/workers/post_recovery_c2_retention_receiver_20260919/prepared_epoch4_v2/C2/epoch4/tools/prefix_checks.py", line 166, in test_c2_original_chain_allows_exact_bounded_clause
    self.chain()
  File "/data/home/rohing/dream-state-orch/research_loop/workers/post_recovery_c2_retention_receiver_20260919/prepared_epoch4_v2/C2/epoch4/tools/prefix_checks.py", line 68, in chain
    self.produce()
  File "/data/home/rohing/dream-state-orch/research_loop/workers/post_recovery_c2_retention_receiver_20260919/prepared_epoch4_v2/C2/epoch4/tools/prefix_cases.py", line 112, in produce
    self.proof = self.helper.produce(self.journal, self.selection, self.source, self.journal_type)
                 ^^^^^^^^^^^^^^^^^^^^^^^^^^^^^^^^^^^^^^^^^^^^^^^^^^^^^^^^^^^^^^^^^^^^^^^^^^^^^^^^^
  File "/data/home/rohing/dream-state-orch/research_loop/workers/post_recovery_c2_retention_receiver_20260919/prepared_epoch4_v2/scratch/c2-prefix-source-i4o4b_m5/source/gpu/immutable_prefix_proof.py", line 324, in produce
    aged_pairs = metadata_preflight(journal, binding['selection']['complete_index'], sealing_started)
                 ^^^^^^^^^^^^^^^^^^^^^^^^^^^^^^^^^^^^^^^^^^^^^^^^^^^^^^^^^^^^^^^^^^^^^^^^^^^^^^^^^^^^
  File "/data/home/rohing/dream-state-orch/research_loop/workers/post_recovery_c2_retention_receiver_20260919/prepared_epoch4_v2/scratch/c2-prefix-source-i4o4b_m5/source/gpu/immutable_prefix_proof.py", line 586, in metadata_preflight
    require_quiet_identity(identity, sealing_started)
  File "/data/home/rohing/dream-state-orch/research_loop/workers/post_recovery_c2_retention_receiver_20260919/prepared_epoch4_v2/scratch/c2-prefix-source-i4o4b_m5/source/gpu/immutable_prefix_proof.py", line 577, in require_quiet_identity
    require(max(identity['mtime_ns'], identity['ctime_ns']) <= sealing_started - MINIMUM_QUIET_NS,
  File "/data/home/rohing/dream-state-orch/research_loop/workers/post_recovery_c2_retention_receiver_20260919/prepared_epoch4_v2/scratch/c2-prefix-source-i4o4b_m5/source/gpu/immutable_prefix_proof.py", line 37, in require
    raise ValueError('prefix_proof_' + reason)
ValueError: prefix_proof_immutable_file_too_young_or_future_timestamp

======================================================================
ERROR: test_c2_same_namespace_default_unchanged (__main__.C2Cases.test_c2_same_namespace_default_unchanged)
----------------------------------------------------------------------
Traceback (most recent call last):
  File "/data/home/rohing/dream-state-orch/research_loop/workers/post_recovery_c2_retention_receiver_20260919/prepared_epoch4_v2/C2/epoch4/tools/prefix_checks.py", line 161, in test_c2_same_namespace_default_unchanged
    self.produce()
  File "/data/home/rohing/dream-state-orch/research_loop/workers/post_recovery_c2_retention_receiver_20260919/prepared_epoch4_v2/C2/epoch4/tools/prefix_cases.py", line 112, in produce
    self.proof = self.helper.produce(self.journal, self.selection, self.source, self.journal_type)
                 ^^^^^^^^^^^^^^^^^^^^^^^^^^^^^^^^^^^^^^^^^^^^^^^^^^^^^^^^^^^^^^^^^^^^^^^^^^^^^^^^^
  File "/data/home/rohing/dream-state-orch/research_loop/workers/post_recovery_c2_retention_receiver_20260919/prepared_epoch4_v2/scratch/c2-prefix-source-i4o4b_m5/source/gpu/immutable_prefix_proof.py", line 324, in produce
    aged_pairs = metadata_preflight(journal, binding['selection']['complete_index'], sealing_started)
                 ^^^^^^^^^^^^^^^^^^^^^^^^^^^^^^^^^^^^^^^^^^^^^^^^^^^^^^^^^^^^^^^^^^^^^^^^^^^^^^^^^^^^
  File "/data/home/rohing/dream-state-orch/research_loop/workers/post_recovery_c2_retention_receiver_20260919/prepared_epoch4_v2/scratch/c2-prefix-source-i4o4b_m5/source/gpu/immutable_prefix_proof.py", line 586, in metadata_preflight
    require_quiet_identity(identity, sealing_started)
  File "/data/home/rohing/dream-state-orch/research_loop/workers/post_recovery_c2_retention_receiver_20260919/prepared_epoch4_v2/scratch/c2-prefix-source-i4o4b_m5/source/gpu/immutable_prefix_proof.py", line 577, in require_quiet_identity
    require(max(identity['mtime_ns'], identity['ctime_ns']) <= sealing_started - MINIMUM_QUIET_NS,
  File "/data/home/rohing/dream-state-orch/research_loop/workers/post_recovery_c2_retention_receiver_20260919/prepared_epoch4_v2/scratch/c2-prefix-source-i4o4b_m5/source/gpu/immutable_prefix_proof.py", line 37, in require
    raise ValueError('prefix_proof_' + reason)
ValueError: prefix_proof_immutable_file_too_young_or_future_timestamp

======================================================================
ERROR: test_c2_stripped_binding_has_no_slow_fallback (__main__.C2Cases.test_c2_stripped_binding_has_no_slow_fallback)
----------------------------------------------------------------------
Traceback (most recent call last):
  File "/data/home/rohing/dream-state-orch/research_loop/workers/post_recovery_c2_retention_receiver_20260919/prepared_epoch4_v2/C2/epoch4/tools/prefix_checks.py", line 180, in test_c2_stripped_binding_has_no_slow_fallback
    self.chain()
  File "/data/home/rohing/dream-state-orch/research_loop/workers/post_recovery_c2_retention_receiver_20260919/prepared_epoch4_v2/C2/epoch4/tools/prefix_checks.py", line 68, in chain
    self.produce()
  File "/data/home/rohing/dream-state-orch/research_loop/workers/post_recovery_c2_retention_receiver_20260919/prepared_epoch4_v2/C2/epoch4/tools/prefix_cases.py", line 112, in produce
    self.proof = self.helper.produce(self.journal, self.selection, self.source, self.journal_type)
                 ^^^^^^^^^^^^^^^^^^^^^^^^^^^^^^^^^^^^^^^^^^^^^^^^^^^^^^^^^^^^^^^^^^^^^^^^^^^^^^^^^
  File "/data/home/rohing/dream-state-orch/research_loop/workers/post_recovery_c2_retention_receiver_20260919/prepared_epoch4_v2/scratch/c2-prefix-source-i4o4b_m5/source/gpu/immutable_prefix_proof.py", line 324, in produce
    aged_pairs = metadata_preflight(journal, binding['selection']['complete_index'], sealing_started)
                 ^^^^^^^^^^^^^^^^^^^^^^^^^^^^^^^^^^^^^^^^^^^^^^^^^^^^^^^^^^^^^^^^^^^^^^^^^^^^^^^^^^^^
  File "/data/home/rohing/dream-state-orch/research_loop/workers/post_recovery_c2_retention_receiver_20260919/prepared_epoch4_v2/scratch/c2-prefix-source-i4o4b_m5/source/gpu/immutable_prefix_proof.py", line 586, in metadata_preflight
    require_quiet_identity(identity, sealing_started)
  File "/data/home/rohing/dream-state-orch/research_loop/workers/post_recovery_c2_retention_receiver_20260919/prepared_epoch4_v2/scratch/c2-prefix-source-i4o4b_m5/source/gpu/immutable_prefix_proof.py", line 577, in require_quiet_identity
    require(max(identity['mtime_ns'], identity['ctime_ns']) <= sealing_started - MINIMUM_QUIET_NS,
  File "/data/home/rohing/dream-state-orch/research_loop/workers/post_recovery_c2_retention_receiver_20260919/prepared_epoch4_v2/scratch/c2-prefix-source-i4o4b_m5/source/gpu/immutable_prefix_proof.py", line 37, in require
    raise ValueError('prefix_proof_' + reason)
ValueError: prefix_proof_immutable_file_too_young_or_future_timestamp

======================================================================
ERROR: test_c2_unadmitted_token_cannot_choose_mode (__main__.C2Cases.test_c2_unadmitted_token_cannot_choose_mode)
----------------------------------------------------------------------
Traceback (most recent call last):
  File "/data/home/rohing/dream-state-orch/research_loop/workers/post_recovery_c2_retention_receiver_20260919/prepared_epoch4_v2/C2/epoch4/tools/prefix_checks.py", line 176, in test_c2_unadmitted_token_cannot_choose_mode
    self.chain()
  File "/data/home/rohing/dream-state-orch/research_loop/workers/post_recovery_c2_retention_receiver_20260919/prepared_epoch4_v2/C2/epoch4/tools/prefix_checks.py", line 68, in chain
    self.produce()
  File "/data/home/rohing/dream-state-orch/research_loop/workers/post_recovery_c2_retention_receiver_20260919/prepared_epoch4_v2/C2/epoch4/tools/prefix_cases.py", line 112, in produce
    self.proof = self.helper.produce(self.journal, self.selection, self.source, self.journal_type)
                 ^^^^^^^^^^^^^^^^^^^^^^^^^^^^^^^^^^^^^^^^^^^^^^^^^^^^^^^^^^^^^^^^^^^^^^^^^^^^^^^^^
  File "/data/home/rohing/dream-state-orch/research_loop/workers/post_recovery_c2_retention_receiver_20260919/prepared_epoch4_v2/scratch/c2-prefix-source-i4o4b_m5/source/gpu/immutable_prefix_proof.py", line 324, in produce
    aged_pairs = metadata_preflight(journal, binding['selection']['complete_index'], sealing_started)
                 ^^^^^^^^^^^^^^^^^^^^^^^^^^^^^^^^^^^^^^^^^^^^^^^^^^^^^^^^^^^^^^^^^^^^^^^^^^^^^^^^^^^^
  File "/data/home/rohing/dream-state-orch/research_loop/workers/post_recovery_c2_retention_receiver_20260919/prepared_epoch4_v2/scratch/c2-prefix-source-i4o4b_m5/source/gpu/immutable_prefix_proof.py", line 586, in metadata_preflight
    require_quiet_identity(identity, sealing_started)
  File "/data/home/rohing/dream-state-orch/research_loop/workers/post_recovery_c2_retention_receiver_20260919/prepared_epoch4_v2/scratch/c2-prefix-source-i4o4b_m5/source/gpu/immutable_prefix_proof.py", line 577, in require_quiet_identity
    require(max(identity['mtime_ns'], identity['ctime_ns']) <= sealing_started - MINIMUM_QUIET_NS,
  File "/data/home/rohing/dream-state-orch/research_loop/workers/post_recovery_c2_retention_receiver_20260919/prepared_epoch4_v2/scratch/c2-prefix-source-i4o4b_m5/source/gpu/immutable_prefix_proof.py", line 37, in require
    raise ValueError('prefix_proof_' + reason)
ValueError: prefix_proof_immutable_file_too_young_or_future_timestamp

======================================================================
ERROR: test_c2_unapproved_mode_edit_refused (__main__.C2Cases.test_c2_unapproved_mode_edit_refused)
----------------------------------------------------------------------
Traceback (most recent call last):
  File "/data/home/rohing/dream-state-orch/research_loop/workers/post_recovery_c2_retention_receiver_20260919/prepared_epoch4_v2/C2/epoch4/tools/prefix_checks.py", line 204, in test_c2_unapproved_mode_edit_refused
    self.chain()
  File "/data/home/rohing/dream-state-orch/research_loop/workers/post_recovery_c2_retention_receiver_20260919/prepared_epoch4_v2/C2/epoch4/tools/prefix_checks.py", line 68, in chain
    self.produce()
  File "/data/home/rohing/dream-state-orch/research_loop/workers/post_recovery_c2_retention_receiver_20260919/prepared_epoch4_v2/C2/epoch4/tools/prefix_cases.py", line 112, in produce
    self.proof = self.helper.produce(self.journal, self.selection, self.source, self.journal_type)
                 ^^^^^^^^^^^^^^^^^^^^^^^^^^^^^^^^^^^^^^^^^^^^^^^^^^^^^^^^^^^^^^^^^^^^^^^^^^^^^^^^^
  File "/data/home/rohing/dream-state-orch/research_loop/workers/post_recovery_c2_retention_receiver_20260919/prepared_epoch4_v2/scratch/c2-prefix-source-i4o4b_m5/source/gpu/immutable_prefix_proof.py", line 324, in produce
    aged_pairs = metadata_preflight(journal, binding['selection']['complete_index'], sealing_started)
                 ^^^^^^^^^^^^^^^^^^^^^^^^^^^^^^^^^^^^^^^^^^^^^^^^^^^^^^^^^^^^^^^^^^^^^^^^^^^^^^^^^^^^
  File "/data/home/rohing/dream-state-orch/research_loop/workers/post_recovery_c2_retention_receiver_20260919/prepared_epoch4_v2/scratch/c2-prefix-source-i4o4b_m5/source/gpu/immutable_prefix_proof.py", line 586, in metadata_preflight
    require_quiet_identity(identity, sealing_started)
  File "/data/home/rohing/dream-state-orch/research_loop/workers/post_recovery_c2_retention_receiver_20260919/prepared_epoch4_v2/scratch/c2-prefix-source-i4o4b_m5/source/gpu/immutable_prefix_proof.py", line 577, in require_quiet_identity
    require(max(identity['mtime_ns'], identity['ctime_ns']) <= sealing_started - MINIMUM_QUIET_NS,
  File "/data/home/rohing/dream-state-orch/research_loop/workers/post_recovery_c2_retention_receiver_20260919/prepared_epoch4_v2/scratch/c2-prefix-source-i4o4b_m5/source/gpu/immutable_prefix_proof.py", line 37, in require
    raise ValueError('prefix_proof_' + reason)
ValueError: prefix_proof_immutable_file_too_young_or_future_timestamp

======================================================================
FAIL: test_cli_producer_and_readonly_probe_no_writer_lock (pinned_prefix_cases.PrefixTests.test_cli_producer_and_readonly_probe_no_writer_lock)
----------------------------------------------------------------------
Traceback (most recent call last):
  File "/data/home/rohing/dream-state-orch/research_loop/workers/post_recovery_c2_retention_receiver_20260919/prepared_epoch4_v2/C2/epoch4/tools/prefix_cases.py", line 724, in test_cli_producer_and_readonly_probe_no_writer_lock
    self.assertEqual(result.returncode, 0, result.stderr)
AssertionError: 1 != 0 : Traceback (most recent call last):
  File "/data/home/rohing/dream-state-orch/research_loop/workers/post_recovery_c2_retention_receiver_20260919/prepared_epoch4_v2/C2/epoch4/tools/prefix_cli.py", line 138, in <module>
    print(json.dumps(execute(parser.parse_args()), sort_keys=True, allow_nan=False))
                     ^^^^^^^^^^^^^^^^^^^^^^^^^^^^
  File "/data/home/rohing/dream-state-orch/research_loop/workers/post_recovery_c2_retention_receiver_20260919/prepared_epoch4_v2/C2/epoch4/tools/prefix_cli.py", line 96, in execute
    proof = helper.produce(journal, selection, source, journal_type)
            ^^^^^^^^^^^^^^^^^^^^^^^^^^^^^^^^^^^^^^^^^^^^^^^^^^^^^^^^
  File "/data/home/rohing/dream-state-orch/research_loop/workers/post_recovery_c2_retention_receiver_20260919/prepared_epoch4_v2/scratch/c2-prefix-source-i4o4b_m5/source/gpu/immutable_prefix_proof.py", line 324, in produce
    aged_pairs = metadata_preflight(journal, binding['selection']['complete_index'], sealing_started)
                 ^^^^^^^^^^^^^^^^^^^^^^^^^^^^^^^^^^^^^^^^^^^^^^^^^^^^^^^^^^^^^^^^^^^^^^^^^^^^^^^^^^^^
  File "/data/home/rohing/dream-state-orch/research_loop/workers/post_recovery_c2_retention_receiver_20260919/prepared_epoch4_v2/scratch/c2-prefix-source-i4o4b_m5/source/gpu/immutable_prefix_proof.py", line 586, in metadata_preflight
    require_quiet_identity(identity, sealing_started)
  File "/data/home/rohing/dream-state-orch/research_loop/workers/post_recovery_c2_retention_receiver_20260919/prepared_epoch4_v2/scratch/c2-prefix-source-i4o4b_m5/source/gpu/immutable_prefix_proof.py", line 577, in require_quiet_identity
    require(max(identity['mtime_ns'], identity['ctime_ns']) <= sealing_started - MINIMUM_QUIET_NS,
  File "/data/home/rohing/dream-state-orch/research_loop/workers/post_recovery_c2_retention_receiver_20260919/prepared_epoch4_v2/scratch/c2-prefix-source-i4o4b_m5/source/gpu/immutable_prefix_proof.py", line 37, in require
    raise ValueError('prefix_proof_' + reason)
ValueError: prefix_proof_immutable_file_too_young_or_future_timestamp


======================================================================
FAIL: test_producer_final_recheck_catches_earlier_prefix_change (pinned_prefix_cases.PrefixTests.test_producer_final_recheck_catches_earlier_prefix_change)
----------------------------------------------------------------------
ValueError: prefix_proof_immutable_file_too_young_or_future_timestamp

During handling of the above exception, another exception occurred:

Traceback (most recent call last):
  File "/data/home/rohing/dream-state-orch/research_loop/workers/post_recovery_c2_retention_receiver_20260919/prepared_epoch4_v2/C2/epoch4/tools/prefix_cases.py", line 454, in test_producer_final_recheck_catches_earlier_prefix_change
    self.reject(self.produce, 'changed_during_production')
  File "/data/home/rohing/dream-state-orch/research_loop/workers/post_recovery_c2_retention_receiver_20260919/prepared_epoch4_v2/C2/epoch4/tools/prefix_cases.py", line 134, in reject
    with manager:
AssertionError: "changed_during_production" does not match "prefix_proof_immutable_file_too_young_or_future_timestamp"

======================================================================
FAIL: test_producer_rejects_invalid_raw_prefix_and_intent (pinned_prefix_cases.PrefixTests.test_producer_rejects_invalid_raw_prefix_and_intent)
----------------------------------------------------------------------
ValueError: prefix_proof_immutable_file_too_young_or_future_timestamp

During handling of the above exception, another exception occurred:

Traceback (most recent call last):
  File "/data/home/rohing/dream-state-orch/research_loop/workers/post_recovery_c2_retention_receiver_20260919/prepared_epoch4_v2/C2/epoch4/tools/prefix_cases.py", line 439, in test_producer_rejects_invalid_raw_prefix_and_intent
    self.reject(self.produce, 'intent_binding')
  File "/data/home/rohing/dream-state-orch/research_loop/workers/post_recovery_c2_retention_receiver_20260919/prepared_epoch4_v2/C2/epoch4/tools/prefix_cases.py", line 134, in reject
    with manager:
AssertionError: "intent_binding" does not match "prefix_proof_immutable_file_too_young_or_future_timestamp"

----------------------------------------------------------------------
Ran 60 tests in 13.733s

FAILED (failures=3, errors=56)
