life,arm,sleep,prev_sleep,n_new_items,n_thinking_new,n_new_notes,unknown_share,G_rate,N_rate,N_none_share,F_rate,D_rate,P_rate,T_top_template_share,T_near_dup_share,admission_hi,admission_lo,articulation_hi,articulation_lo,life_admission_hi_so_far,life_admission_lo_so_far,final_corpus_thinking_items,final_corpus_survive_share,top_reasons,top_template
R2_B_seed2,R2,0032,,127,39,20,0.0,0.0,1.0,0.9,0.05,0.0,0.05,0.05,0.0,0.0,0.0,0.0,0.0,0.0,0.0,,,no-content=13; no-result-number=4; no-pass-run-here=2; practice-only=1,this is a new program so i expect a moderate improvement in the instruction count i will start with a common sequence of passes and see how it performs if this 
R2_B_seed2,R2,0064,0032,113,34,37,0.0,0.0,0.0,0.972972972972973,0.02702702702702703,0.24324324324324326,0.08108108108108109,0.21621621621621623,0.24324324324324326,0.0,0.0,0.0,0.0,0.0,0.0,,,no-result-number=17; no-content=16; practice-only=3; result-numbers-unmatched=1,initial passes <PASS> <PASS> <PASS> <PASS>
R2_B_seed2,R2,0096,0064,57,18,30,0.0,0.03333333333333333,1.0,0.9333333333333333,0.0,0.13333333333333333,0.03333333333333333,0.06666666666666667,0.16666666666666666,0.03333333333333333,0.03333333333333333,0.0,0.0,0.011494252873563218,0.011494252873563218,,,no-content=14; no-result-number=13; no-pass-run-here=1; practice-only=1,will observe the outcome and decide on the next steps based on the reduction achieved
R2_B_seed2,R2,0128,0096,9,6,13,0.0,0.07692307692307693,1.0,0.8461538461538461,0.0,0.23076923076923078,0.0,0.15384615384615385,0.23076923076923078,0.07692307692307693,0.07692307692307693,0.0,0.0,0.02,0.02,,,no-content=9; no-result-number=2; no-pass-run-here=1,initial expectation is <NUM> <NUM> based on past performance will observe the outcome and decide on the next steps
R2_B_seed2,R2,0160,0128,54,40,88,0.0,0.0,,1.0,0.0,0.3522727272727273,0.03409090909090909,0.06818181818181818,0.375,0.0,0.0,0.0,0.0,0.010638297872340425,0.010638297872340425,,,no-result-number=43; no-content=42; practice-only=3,initial sequence <PASS> <PASS> <PASS> <PASS>
R2_B_seed2,R2,0192,0160,46,38,79,0.0,0.0,,1.0,0.0,0.13924050632911392,0.0,0.0379746835443038,0.17721518987341772,0.0,0.0,0.0,0.0,0.00749063670411985,0.00749063670411985,,,no-content=46; no-result-number=30; prediction-only=3,initial expectation is <NUM> reduction will observe and form a new plan based on the outcome
R2_B_seed2,R2,0224,0192,45,40,85,0.0,0.0,,1.0,0.0,0.15294117647058825,0.011764705882352941,0.058823529411764705,0.2,0.0,0.0,0.0,0.0,0.005681818181818182,0.005681818181818182,,,no-content=60; no-result-number=22; prediction-only=2; practice-only=1,initial expectation is <NUM> reduction will observe outcome and form new theory based on this
R2_B_seed2,R2,0256,0224,44,37,76,0.0,0.0,,1.0,0.0,0.3026315789473684,0.013157894736842105,0.15789473684210525,0.3815789473684211,0.0,0.0,0.0,0.0,0.004672897196261682,0.004672897196261682,,,no-content=47; no-result-number=23; prediction-only=5; practice-only=1,initial expectation is <NUM> reduction will observe outcome and form new theory based on this
R2_B_seed2,R2,0288,0256,48,40,76,0.0,0.0,0.0,0.9868421052631579,0.0,0.47368421052631576,0.013157894736842105,0.19736842105263158,0.5263157894736842,0.0,0.0,0.0,0.0,0.003968253968253968,0.003968253968253968,,,no-content=42; no-result-number=27; prediction-only=5; result-numbers-unmatched=1; practice-only=1,initial expectation is <NUM> reduction will observe outcome and form new theory based on this
R2_B_seed2,R2,0320,0288,45,41,76,0.0,0.0,,1.0,0.0,0.6052631578947368,0.02631578947368421,0.23684210526315788,0.631578947368421,0.0,0.0,0.0,0.0,0.0034482758620689655,0.0034482758620689655,,,no-content=54; no-result-number=14; prediction-only=6; practice-only=2,initial expectation is <NUM> reduction will observe outcome and form new theory based on this
R2_B_seed2,R2,0352,0320,44,40,78,0.0,0.0,0.0,0.9615384615384616,0.0,0.7051282051282052,0.0,0.15384615384615385,0.7692307692307693,0.0,0.0,0.0,0.0,0.00303951367781155,0.00303951367781155,,,no-content=35; no-result-number=34; prediction-only=6; result-numbers-unmatched=2; no-pass-run-here=1,initial expectation is <NUM> reduction will observe outcome and form new theory based on reality
R2_B_seed2,R2,0384,0352,46,40,72,0.0,0.0,0.0,0.9444444444444444,0.0,0.6805555555555556,0.013888888888888888,0.19444444444444445,0.7361111111111112,0.0,0.0,0.0,0.0,0.0027397260273972603,0.0027397260273972603,,,no-content=41; no-result-number=20; prediction-only=6; no-pass-run-here=4; practice-only=1,initial expectation is <NUM> reduction will observe outcome and form new theory based on this
R2_B_seed2,R2,0416,0384,44,37,71,0.0,0.0,0.0,0.9014084507042254,0.0,0.49295774647887325,0.0,0.14084507042253522,0.5633802816901409,0.0,0.0,0.0,0.0,0.0024968789013732834,0.0024968789013732834,,,no-content=24; prediction-only=23; no-result-number=16; no-pass-run-here=5; result-numbers-unmatched=3,initial expectation is <NUM> reduction will observe outcome and form new theory based on reality
R2_B_seed2,R2,0448,0416,46,40,77,0.0,0.012987012987012988,0.2,0.935064935064935,0.0,0.4675324675324675,0.0,0.12987012987012986,0.5584415584415584,0.012987012987012988,0.012987012987012988,0.0,0.0,0.003416856492027335,0.003416856492027335,,,no-content=32; prediction-only=31; no-result-number=9; no-pass-run-here=4,initial passes on new program <PASS> <PASS> <PASS> <PASS> expect <NUM> reduction will observe outcome and form new theory based on reality
R2_B_seed2,R2,0480,0448,40,39,57,0.0,0.017543859649122806,0.2,0.9122807017543859,0.0,0.3157894736842105,0.017543859649122806,0.10526315789473684,0.3684210526315789,0.017543859649122806,0.017543859649122806,0.0,0.0,0.0042780748663101605,0.0042780748663101605,,,prediction-only=28; no-content=15; no-result-number=8; result-numbers-unmatched=2; no-pass-run-here=2,initial passes on new program <PASS> <PASS> <PASS> <PASS> expect <NUM> reduction will observe outcome and form new theory based on reality
R2_B_seed2,R2,0512,0480,47,40,59,0.0,0.0,0.0,0.9661016949152542,0.0,0.23728813559322035,0.1016949152542373,0.11864406779661017,0.3559322033898305,0.0,0.0,0.0,0.0,0.004024144869215292,0.004024144869215292,,,prediction-only=34; no-content=12; practice-only=6; no-result-number=5; no-pass-run-here=2,initial passes on new program <PASS> <PASS> <PASS> <PASS> expect <NUM> reduction will observe outcome and form new theory based on reality
R2_B_seed2,R2,0544,0512,36,36,38,0.0,0.05263157894736842,0.5,0.8947368421052632,0.0,0.34210526315789475,0.07894736842105263,0.15789473684210525,0.3684210526315789,0.05263157894736842,0.05263157894736842,0.0,0.0,0.005813953488372093,0.005813953488372093,,,prediction-only=25; no-content=5; practice-only=3; result-numbers-unmatched=2; no-result-number=1,initial passes on new program <PASS> <PASS> <PASS> <PASS> expect <NUM> reduction
R2_B_seed2,R2,0576,0544,39,39,34,0.0,0.0,0.0,0.9705882352941176,0.0,0.17647058823529413,0.08823529411764706,0.058823529411764705,0.3235294117647059,0.0,0.0,0.0,0.0,0.005628517823639775,0.005628517823639775,,,prediction-only=20; no-content=7; practice-only=3; no-result-number=3; no-pass-run-here=1,initial passes on new program <PASS> <PASS> <PASS> <PASS> expect <NUM> reduction form new expectation test learn move to next program recall predict act note do
R2_B_seed2,R2,0608,0576,34,30,32,0.0,0.0,0.0,0.96875,0.0,0.21875,0.09375,0.0625,0.4375,0.0,0.0,0.0,0.0,0.00546448087431694,0.00546448087431694,,,prediction-only=17; no-result-number=6; no-content=5; practice-only=3; result-numbers-unmatched=1,initial passes on new program <PASS> <PASS> <PASS> <PASS> expect <NUM> reduction form new theory based on outcome write down reality and learn from it
R2_B_seed2,R2,0640,0608,41,37,48,0.0,0.0,0.0,0.9375,0.0,0.2916666666666667,0.08333333333333333,0.14583333333333334,0.375,0.0,0.0,0.0,0.0,0.005235602094240838,0.005235602094240838,,,prediction-only=22; no-content=16; practice-only=4; no-result-number=3; no-pass-run-here=3,initial passes on new program expect <NUM> reduction
R2_B_seed2,R2,0672,0640,42,32,38,0.0,0.0,0.0,0.9473684210526316,0.0,0.3157894736842105,0.0,0.10526315789473684,0.3684210526315789,0.0,0.0,0.0,0.0,0.005067567567567568,0.005067567567567568,,,prediction-only=15; no-content=11; no-result-number=10; result-numbers-unmatched=2,initial passes <PASS> <PASS> <PASS> <PASS> expect <NUM> reduction
R2_B_seed2,R2,0704,0672,49,35,66,0.0,0.0,0.0,0.9696969696969697,0.0,0.5757575757575758,0.045454545454545456,0.3484848484848485,0.696969696969697,0.0,0.0,0.0,0.0,0.0048,0.0048,,,prediction-only=51; no-result-number=6; no-content=4; practice-only=3; result-numbers-unmatched=1,initial passes on new program <PASS> <PASS> <PASS> <PASS> expect <NUM> reduction
R2_B_seed2,R2,0736,0704,32,32,57,0.0,0.0,,1.0,0.0,0.6491228070175439,0.05263157894736842,0.2982456140350877,0.7192982456140351,0.0,0.0,0.0,0.0,0.0045906656465187455,0.0045906656465187455,,,prediction-only=45; no-result-number=6; practice-only=3; no-content=3,initial passes on new program <PASS> <PASS> <PASS> <PASS> expect <NUM> reduction
R2_B_seed2,R2,0768,0736,31,31,63,0.0,0.0,,1.0,0.0,0.6984126984126984,0.031746031746031744,0.2698412698412698,0.7777777777777778,0.0,0.0,0.0,0.0,0.004379562043795621,0.004379562043795621,,,prediction-only=57; no-result-number=4; practice-only=2,initial passes on new program <PASS> <PASS> <PASS> <PASS> expect <NUM> reduction
R2_B_seed2,R2,0800,0768,51,29,59,0.0,0.0,,1.0,0.0,0.6949152542372882,0.01694915254237288,0.3220338983050847,0.7627118644067796,0.0,0.0,0.0,0.0,0.004198740377886634,0.004198740377886634,,,prediction-only=54; no-result-number=4; practice-only=1,initial passes on new program <PASS> <PASS> <PASS> <PASS> expect <NUM> reduction
R2_B_seed2,R2,0832,0800,29,26,28,0.0,0.0,,1.0,0.0,0.5714285714285714,0.0,0.39285714285714285,0.6071428571428571,0.0,0.0,0.0,0.0,0.004118050789293068,0.004118050789293068,,,prediction-only=22; no-content=5; no-result-number=1,initial passes on new program <PASS> <PASS> <PASS> <PASS> expect <NUM> reduction
R2_B_seed2,R2,0864,0832,25,24,25,0.0,0.0,,1.0,0.0,0.56,0.04,0.32,0.56,0.0,0.0,0.0,0.0,0.004048582995951417,0.004048582995951417,,,prediction-only=17; no-result-number=4; no-content=3; practice-only=1,initial passes on new program <PASS> <PASS> <PASS> <PASS> expect <NUM> reduction
R2_B_seed2,R2,0896,0864,43,33,40,0.0,0.0,0.0,0.9,0.0,0.3,0.075,0.075,0.325,0.0,0.0,0.0,0.0,0.003942181340341655,0.003942181340341655,,,prediction-only=17; no-content=12; no-result-number=5; practice-only=3; result-numbers-unmatched=2,initial passes on new program <PASS> <PASS> <PASS> <PASS> expect <NUM> <NUM> reduction
R2_B_seed2,R2,0928,0896,25,24,12,0.0,0.0,,1.0,0.0,0.25,0.08333333333333333,0.08333333333333333,0.25,0.0,0.0,0.0,0.0,0.003911342894393742,0.003911342894393742,,,prediction-only=9; no-content=2; practice-only=1,initial passes <PASS> <PASS> <PASS> <PASS> expect <NUM> reduction
R2_B_seed2,R2,0960,0928,36,28,38,0.0,0.0,0.0,0.8947368421052632,0.0,0.2631578947368421,0.0,0.05263157894736842,0.2894736842105263,0.0,0.0,0.0,0.0,0.003816793893129771,0.003816793893129771,,,no-content=14; prediction-only=13; no-result-number=7; result-numbers-unmatched=2; no-pass-run-here=2,initial passes consistently reduce instru
R2_B_seed2,R2,0992,0960,29,23,39,0.0,0.0,,1.0,0.0,0.6923076923076923,0.02564102564102564,0.3333333333333333,0.8205128205128205,0.0,0.0,0.0,0.0,0.0037243947858473,0.0037243947858473,,,prediction-only=37; practice-only=1; no-content=1,initial passes <PASS> <PASS> <PASS> <PASS> expect <NUM> reduction
R2_B_seed2,R2,1024,0992,30,24,23,0.0,0.0,,1.0,0.0,0.21739130434782608,0.0,0.08695652173913043,0.21739130434782608,0.0,0.0,0.0,0.0,0.0036719706242350062,0.0036719706242350062,1052,0.005703422053231939,no-content=8; prediction-only=8; no-result-number=7,initial passes <PASS> <PASS> <PASS> <PASS>
R2_B_seed3,R2,0032,,115,36,15,0.0,0.0,0.0,0.9333333333333333,0.0,0.0,0.0,0.06666666666666667,0.0,0.0,0.0,0.0,0.0,0.0,0.0,,,no-content=12; no-result-number=2; no-pass-run-here=1,initial guess is that these passes will help by reducing register pressure and improving loop optimization which are common bottlenecks in bitcount operations
R2_B_seed3,R2,0064,0032,114,35,45,0.0,0.044444444444444446,0.8,0.8888888888888888,0.0,0.26666666666666666,0.044444444444444446,0.2222222222222222,0.26666666666666666,0.022222222222222223,0.022222222222222223,0.0,0.0,0.016666666666666666,0.016666666666666666,,,no-content=20; no-result-number=18; no-pass-run-here=3; practice-only=2; duplicate=1,initial passes <PASS> <PASS> <PASS> <PASS>
R2_B_seed3,R2,0096,0064,56,12,25,0.0,0.0,,1.0,0.0,0.2,0.0,0.08,0.2,0.0,0.0,0.0,0.0,0.011764705882352941,0.011764705882352941,,,no-content=21; no-result-number=4,strong sensation of rote behavior need to introduce new theories to break streak and learn
R2_B_seed3,R2,0128,0096,42,15,47,0.0,0.0,0.5,0.9574468085106383,0.0,0.2553191489361702,0.0,0.0851063829787234,0.2978723404255319,0.0,0.0,0.0,0.0,0.007575757575757576,0.007575757575757576,,,no-content=33; no-result-number=10; prediction-only=2; no-pass-run-here=2,repeating known successful sequence initial expectation is moderate
R2_B_seed3,R2,0160,0128,99,37,85,0.0,0.011764705882352941,1.0,0.9882352941176471,0.0,0.21176470588235294,0.023529411764705882,0.08235294117647059,0.21176470588235294,0.011764705882352941,0.011764705882352941,0.0,0.0,0.009216589861751152,0.009216589861751152,,,no-content=45; no-result-number=32; prediction-only=5; practice-only=2,initial passes <PASS> <PASS> <PASS> <PASS> <PASS> <PASS>
R2_B_seed3,R2,0192,0160,77,41,106,0.0,0.0,0.0,0.9622641509433962,0.0,0.32075471698113206,0.009433962264150943,0.1320754716981132,0.33962264150943394,0.0,0.0,0.0,0.0,0.006191950464396285,0.006191950464396285,,,no-content=83; no-result-number=13; no-pass-run-here=5; prediction-only=4; practice-only=1,initial passes based on past success will monitor if they provide similar reduction
R2_B_seed3,R2,0224,0192,50,41,100,0.0,0.01,1.0,0.99,0.0,0.36,0.02,0.16,0.38,0.01,0.01,0.0,0.0,0.0070921985815602835,0.0070921985815602835,,,no-content=72; no-result-number=16; prediction-only=9; practice-only=2,initial passes based on past success will observe if they provide similar reduction
R2_B_seed3,R2,0256,0224,54,41,85,0.0,0.0,0.0,0.8941176470588236,0.0,0.4,0.011764705882352941,0.08235294117647059,0.43529411764705883,0.0,0.0,0.0,0.0,0.005905511811023622,0.005905511811023622,,,no-content=54; no-result-number=12; prediction-only=9; no-pass-run-here=6; result-numbers-unmatched=3,initial passes based on past success will monitor if they provide similar reduction
R2_B_seed3,R2,0288,0256,60,44,98,0.0,0.0,0.0,0.9897959183673469,0.0,0.35714285714285715,0.0,0.07142857142857142,0.37755102040816324,0.0,0.0,0.0,0.0,0.0049504950495049506,0.0049504950495049506,,,no-content=53; prediction-only=29; no-result-number=15; result-numbers-unmatched=1,initial passes based on past success will observe if they provide similar reduction
R2_B_seed3,R2,0320,0288,57,42,87,0.0,0.0,0.0,0.9540229885057472,0.0,0.4367816091954023,0.011494252873563218,0.21839080459770116,0.45977011494252873,0.0,0.0,0.0,0.0,0.004329004329004329,0.004329004329004329,,,no-content=51; no-result-number=17; prediction-only=14; no-pass-run-here=3; result-numbers-unmatched=1,initial passes based on past success will observe if they provide similar reduction
R2_B_seed3,R2,0352,0320,61,41,83,0.0,0.0,0.0,0.9879518072289156,0.0,0.5301204819277109,0.0,0.1566265060240964,0.5783132530120482,0.0,0.0,0.0,0.0,0.003865979381443299,0.003865979381443299,,,no-content=38; prediction-only=25; no-result-number=19; no-pass-run-here=1,initial passes <PASS> <PASS> <PASS> <PASS> <PASS> <PASS> <PASS> expect <NUM>-<NUM> reduction based on past success
R2_B_seed3,R2,0384,0352,53,40,80,0.0,0.0,,1.0,0.0,0.575,0.0,0.3,0.6,0.0,0.0,0.0,0.0,0.0035046728971962616,0.0035046728971962616,,,prediction-only=33; no-content=30; no-result-number=17,initial passes <PASS> <PASS> <PASS> <PASS> <PASS> <PASS> <PASS> expect <NUM>-<NUM> reduction based on past success
R2_B_seed3,R2,0416,0384,34,32,65,0.0,0.0,,1.0,0.0,0.7230769230769231,0.0,0.3230769230769231,0.7538461538461538,0.0,0.0,0.0,0.0,0.003257328990228013,0.003257328990228013,,,no-content=42; prediction-only=18; no-result-number=5,initial expectation consistent <NUM>-<NUM> reduction with top passes will track if this holds
R2_B_seed3,R2,0448,0416,34,30,61,0.0,0.0,,1.0,0.0,0.5901639344262295,0.0,0.2786885245901639,0.5901639344262295,0.0,0.0,0.0,0.0,0.003054989816700611,0.003054989816700611,,,no-content=31; prediction-only=20; no-result-number=10,initial expectation consistent <NUM>-<NUM> reduction with top passes will track if this holds
R2_B_seed3,R2,0480,0448,30,26,53,0.0,0.0,,1.0,0.0,0.5283018867924528,0.0,0.11320754716981132,0.5283018867924528,0.0,0.0,0.0,0.0,0.002898550724637681,0.002898550724637681,,,no-content=34; prediction-only=14; no-result-number=5,initial expectation consistent <NUM>-<NUM> reduction with top passes will track if this holds
R2_B_seed3,R2,0512,0480,34,29,59,0.0,0.01694915254237288,1.0,0.9830508474576272,0.0,0.4576271186440678,0.0,0.11864406779661017,0.5423728813559322,0.01694915254237288,0.01694915254237288,0.0,0.0,0.003656307129798903,0.003656307129798903,,,no-content=30; prediction-only=20; no-result-number=8,initial expectation consistent <NUM>-<NUM> reduction with top passes will track if this holds
R2_B_seed3,R2,0544,0512,23,20,40,0.0,0.0,,1.0,0.0,0.4,0.05,0.075,0.475,0.0,0.0,0.0,0.0,0.003527336860670194,0.003527336860670194,,,no-content=21; prediction-only=11; no-result-number=6; practice-only=2,initial expectation consistent <NUM>-<NUM> reduction with top passes will follow this trend
R2_B_seed3,R2,0576,0544,24,18,38,0.0,0.0,,1.0,0.0,0.5789473684210527,0.0,0.3684210526315789,0.6578947368421053,0.0,0.0,0.0,0.0,0.0034129692832764505,0.0034129692832764505,,,no-content=19; prediction-only=14; no-result-number=5,initial expectation consistent <NUM>-<NUM> reduction with top passes will follow this trend
R2_B_seed3,R2,0608,0576,31,22,43,0.0,0.0,1.0,0.9767441860465116,0.0,0.6511627906976745,0.0,0.32558139534883723,0.7441860465116279,0.0,0.0,0.0,0.0,0.0032921810699588477,0.0032921810699588477,,,no-content=25; prediction-only=14; no-result-number=3; no-pass-run-here=1,initial expectation consistent <NUM>-<NUM> reduction with top passes will follow this trend
R2_B_seed3,R2,0640,0608,42,20,29,0.0,0.0,,1.0,0.0,0.6551724137931034,0.0,0.3103448275862069,0.8275862068965517,0.0,0.0,0.0,0.0,0.003215434083601286,0.003215434083601286,,,no-content=15; prediction-only=14,initial expectation consistent <NUM>-<NUM> reduction with top passes will follow this trend
R2_B_seed3,R2,0672,0640,28,17,31,0.0,0.0,,1.0,0.0,0.6774193548387096,0.0,0.16129032258064516,0.8709677419354839,0.0,0.0,0.0,0.0,0.003137254901960784,0.003137254901960784,,,prediction-only=20; no-content=11,ini
R2_B_seed3,R2,0704,0672,18,11,12,0.0,0.0,0.0,0.9166666666666666,0.0,0.5,0.0,0.25,0.5833333333333334,0.0,0.0,0.0,0.0,0.003108003108003108,0.003108003108003108,,,no-content=8; prediction-only=3; result-numbers-unmatched=1,initial expectation consistent <NUM>-<NUM> reduction with top passes will follow this trend
R2_B_seed3,R2,0736,0704,15,8,6,0.0,0.0,,1.0,0.0,0.5,0.0,0.3333333333333333,0.5,0.0,0.0,0.0,0.0,0.0030935808197989174,0.0030935808197989174,,,no-content=4; prediction-only=2,initial expectation consistent <NUM>-<NUM> reduction with top passes will <PASS> <PASS> <PASS> <PASS> <PASS> -dc
R2_B_seed3,R2,0768,0736,6,3,3,0.0,0.0,,1.0,0.0,0.3333333333333333,0.0,0.3333333333333333,0.6666666666666666,0.0,0.0,0.0,0.0,0.0030864197530864196,0.0030864197530864196,,,no-content=3,initial thought reapply top passes to new program expect consistent reduction
R2_B_seed3,R2,0800,0768,15,10,7,0.0,0.0,,1.0,0.0,0.7142857142857143,0.0,0.2857142857142857,0.7142857142857143,0.0,0.0,0.0,0.0,0.0030698388334612432,0.0030698388334612432,,,no-content=4; prediction-only=3,initial expe
R2_B_seed3,R2,0832,0800,6,1,2,0.0,0.0,,1.0,0.0,0.5,0.0,1.0,0.5,0.0,0.0,0.0,0.0,0.0030651340996168583,0.0030651340996168583,,,prediction-only=2,initial expectation consistent <NUM>-<NUM> reduction with top passes will benchmark <PASS> <PASS> <PASS> <PASS> <PASS>
R2_B_seed3,R2,0864,0832,4,3,2,0.0,0.0,0.0,0.5,0.0,0.5,0.0,0.5,0.5,0.0,0.0,0.0,0.0,0.00306044376434583,0.00306044376434583,,,result-numbers-unmatched=1; no-content=1,initial expectation consistent <NUM> <NUM> reduction with top passes will <PASS> <PASS> <PASS> <PASS> <PASS> <PASS> <PASS> <PASS> <PASS> <PASS> <PASS> <PASS> <P
R2_B_seed3,R2,0896,0864,3,2,3,0.0,0.0,,1.0,0.0,0.6666666666666666,0.0,0.6666666666666666,0.6666666666666666,0.0,0.0,0.0,0.0,0.0030534351145038168,0.0030534351145038168,,,no-content=3,initial expectation consistent <NUM>-<NUM> reduction with top passes will follow this tre
R2_B_seed3,R2,0928,0896,15,7,9,0.0,0.0,,1.0,0.0,0.7777777777777778,0.0,0.4444444444444444,0.7777777777777778,0.0,0.0,0.0,0.0,0.003032600454890068,0.003032600454890068,,,no-content=8; prediction-only=1,initial expectation consistent <NUM>-<NUM> reduction with top passes will follow this trend
R2_B_seed3,R2,0960,0928,6,3,4,0.0,0.0,,1.0,0.0,0.25,0.0,0.5,0.5,0.0,0.0,0.0,0.0,0.0030234315948601664,0.0030234315948601664,,,no-content=4,initial expectation consistent <NUM>-<NUM> reduction with top passes will follow this trend
R2_B_seed3,R2,0992,0960,16,14,12,0.0,0.0,0.0,0.9166666666666666,0.0,0.6666666666666666,0.0,0.4166666666666667,0.6666666666666666,0.0,0.0,0.0,0.0,0.00299625468164794,0.00299625468164794,,,no-content=8; prediction-only=2; no-result-number=1; no-pass-run-here=1,initial expectation consistent <NUM>-<NUM> reduction with top passes will follow this trend
R2_B_seed3,R2,1024,0992,12,11,13,0.0,0.0,,1.0,0.0,0.46153846153846156,0.0,0.3076923076923077,0.7692307692307693,0.0,0.0,0.0,0.0,0.002967359050445104,0.002967359050445104,712,0.0056179775280898875,no-content=13,initial expectation consistent <NUM>-<NUM> reduction with top passes will follow this trend
R2_B_seed4,R2,0032,,125,37,26,0.0,0.0,0.0,0.8461538461538461,0.0,0.0,0.0,0.038461538461538464,0.0,0.0,0.0,0.0,0.0,0.0,0.0,,,no-content=17; no-result-number=5; no-pass-run-here=2; result-numbers-unmatched=2,often benefits from early register allocation and loop optimizations i will start with aggressive register allocation and see if
R2_B_seed4,R2,0064,0032,128,39,50,0.0,0.08,0.7272727272727273,0.78,0.0,0.04,0.02,0.04,0.04,0.08,0.08,0.0,0.0,0.05263157894736842,0.05263157894736842,,,no-content=20; no-result-number=17; no-pass-run-here=5; not-adjacent=2; practice-only=1,added <PASS> to see if it can provide a boost outcome instructions <NUM> <NUM> <NUM> <NUM> reduction score <NUM> <NUM>
R2_B_seed4,R2,0096,0064,53,16,45,0.0,0.0,0.0,0.9333333333333333,0.0,0.3333333333333333,0.044444444444444446,0.08888888888888889,0.35555555555555557,0.0,0.0,0.0,0.0,0.03305785123966942,0.03305785123966942,,,no-result-number=24; no-content=13; no-pass-run-here=4; practice-only=2; prediction-only=2,starting with the effective strategy <PASS> <PASS> <PASS> <PASS> will observe the outcome to confirm if it applies well to new benchmarks
R2_B_seed4,R2,0128,0096,21,13,35,0.0,0.05714285714285714,1.0,0.8857142857142857,0.0,0.3142857142857143,0.08571428571428572,0.14285714285714285,0.37142857142857144,0.05714285714285714,0.05714285714285714,0.0,0.0,0.038461538461538464,0.038461538461538464,,,no-result-number=26; no-content=4; practice-only=3,initial passes <PASS> <PASS> <PASS> <PASS> expecting consistent reduction based on past experience will apply and observe the outcome
R2_B_seed4,R2,0160,0128,39,33,77,0.0,0.0,0.5,0.974025974025974,0.0,0.23376623376623376,0.18181818181818182,0.03896103896103896,0.24675324675324675,0.0,0.0,0.0,0.0,0.02575107296137339,0.02575107296137339,,,no-result-number=28; prediction-only=23; practice-only=14; no-content=10; result-numbers-unmatched=1,starting with expecting <PASS> <PASS> <PASS> <PASS> to yield a consistent reduction will observe the outcome and adjust if necessary
R2_B_seed4,R2,0192,0160,61,42,94,0.0,0.02127659574468085,0.2,0.8936170212765957,0.0,0.18085106382978725,0.11702127659574468,0.031914893617021274,0.20212765957446807,0.02127659574468085,0.02127659574468085,0.0,0.0,0.024464831804281346,0.024464831804281346,,,prediction-only=38; no-result-number=31; practice-only=11; no-content=6; result-numbers-unmatched=6,initial passes <PASS> <PASS> <PASS> <PASS> expect <NUM> <NUM> reduction will observe outcome to validate prediction
R2_B_seed4,R2,0224,0192,38,35,84,0.0,0.0,0.0,0.9642857142857143,0.0,0.2261904761904762,0.023809523809523808,0.14285714285714285,0.2261904761904762,0.0,0.0,0.0,0.0,0.019464720194647202,0.019464720194647202,,,prediction-only=53; no-result-number=18; no-content=8; result-numbers-unmatched=3; practice-only=2,forming initial expectation <PASS> <PASS> <PASS> <PASS> will yield <NUM>-<NUM> reduction will start with these passes and observe the outcome
R2_B_seed4,R2,0256,0224,52,40,93,0.0,0.06451612903225806,0.2,0.6774193548387097,0.0,0.3118279569892473,0.0,0.07526881720430108,0.34408602150537637,0.043010752688172046,0.043010752688172046,0.0,0.0,0.023809523809523808,0.023809523809523808,,,prediction-only=48; result-numbers-unmatched=24; no-result-number=11; no-content=4; duplicate=2,forming initial expectation <PASS> <PASS> <PASS> <PASS> will yield <NUM> <NUM> reduction will start with these passes and observe the outcome
R2_B_seed4,R2,0288,0256,40,36,81,0.0,0.0,0.0,0.9876543209876543,0.0,0.2222222222222222,0.0,0.09876543209876543,0.24691358024691357,0.0,0.0,0.0,0.0,0.020512820512820513,0.020512820512820513,,,prediction-only=70; no-result-number=6; no-content=4; result-numbers-unmatched=1,forming initial expectation <PASS> <PASS> <PASS> <PASS> will yield <NUM>-<NUM> reduction will start with these passes and observe the outcome
R2_B_seed4,R2,0320,0288,47,42,95,0.0,0.010526315789473684,0.0625,0.8315789473684211,0.0,0.18947368421052632,0.0,0.042105263157894736,0.22105263157894736,0.010526315789473684,0.010526315789473684,0.0,0.0,0.01911764705882353,0.01911764705882353,,,prediction-only=66; result-numbers-unmatched=15; no-result-number=9; no-content=4,starting with expecting <PASS> <PASS> <PASS> <PASS> to provide <NUM>-<NUM> reduction will avoid <PASS> <PASS> <PASS> unless proven necessary forming initial exp
R2_B_seed4,R2,0352,0320,36,33,74,0.0,0.0,0.0,0.9864864864864865,0.0,0.1891891891891892,0.0,0.06756756756756757,0.24324324324324326,0.0,0.0,0.0,0.0,0.017241379310344827,0.017241379310344827,,,prediction-only=65; no-result-number=4; no-content=3; result-numbers-unmatched=1; no-pass-run-here=1,forming initial expectation <PASS> <PASS> <PASS> <PASS> <NUM>-<NUM> reduction will start with these and observe the outcome
R2_B_seed4,R2,0384,0352,48,39,80,0.0,0.0125,0.03225806451612903,0.6125,0.0,0.2375,0.0125,0.05,0.275,0.0125,0.0125,0.0,0.0,0.016786570743405275,0.016786570743405275,,,prediction-only=45; result-numbers-unmatched=30; no-content=2; practice-only=1; no-result-number=1,forming initial expectation <PASS> <PASS> <PASS> <PASS> <NUM>-<NUM> reduction will start with these passes avoid <PASS> <PASS> <PASS> unless proven necessary <P
R2_B_seed4,R2,0416,0384,38,31,67,0.0,0.0,0.0,0.7611940298507462,0.0,0.1044776119402985,0.029850746268656716,0.04477611940298507,0.19402985074626866,0.0,0.0,0.0,0.0,0.01553829078801332,0.01553829078801332,,,prediction-only=46; result-numbers-unmatched=14; no-result-number=2; practice-only=2; no-content=2,forming initial expectation <PASS> <PASS> <PASS> <PASS> <NUM>-<NUM> reduction will start with these and see the outcome <PASS> <PASS> <PASS> <PASS> <PASS> <PASS
R2_B_seed4,R2,0448,0416,35,31,62,0.0,0.0,0.0,0.8709677419354839,0.0,0.12903225806451613,0.016129032258064516,0.04838709677419355,0.27419354838709675,0.0,0.0,0.0,0.0,0.014537902388369679,0.014537902388369679,,,prediction-only=52; result-numbers-unmatched=8; no-content=1; practice-only=1,forming initial expectation <PASS> <PASS> <PASS> <PASS> <PASS> <PASS> <NUM>-<NUM> reduction will start with these passes <PASS> <PASS> <PASS> will be considered
R2_B_seed4,R2,0480,0448,48,35,69,0.0,0.014492753623188406,0.05555555555555555,0.7391304347826086,0.0,0.08695652173913043,0.0,0.028985507246376812,0.18840579710144928,0.014492753623188406,0.014492753623188406,0.0,0.0,0.014534883720930232,0.014534883720930232,,,prediction-only=46; result-numbers-unmatched=17; no-result-number=5,forming initial expectation <PASS> <PASS> <PASS> <PASS> <NUM>-<NUM> reduction <PASS> <PASS> <PASS> <PASS> <PASS> will be considered if needed avoid <PASS> <PASS
R2_B_seed4,R2,0512,0480,45,38,76,0.0,0.0,0.0,0.9868421052631579,0.0,0.13157894736842105,0.0,0.039473684210526314,0.34210526315789475,0.0,0.0,0.0,0.0,0.013537906137184115,0.013537906137184115,,,prediction-only=54; no-result-number=21; result-numbers-unmatched=1,forming initial passes <PASS> <PASS> <PASS> <PASS> <PASS> <PASS> expect <NUM>-<NUM> reduction avoid <PASS> <PASS> <PASS> unless proven necessary <PASS> <PASS> <
R2_B_seed4,R2,0544,0512,50,37,73,0.0,0.0,0.0,0.9315068493150684,0.0,0.1643835616438356,0.0,0.0410958904109589,0.3150684931506849,0.0,0.0,0.0,0.0,0.012701100762066046,0.012701100762066046,,,prediction-only=39; no-result-number=29; result-numbers-unmatched=5,forming initial passes <PASS> <PASS> <PASS> <PASS> <PASS> <PASS> avoid <PASS> <PASS> <PASS> unless proven necessary <PASS> <PASS> <PASS> <PASS> show <NUM>-<NUM>
R2_B_seed4,R2,0576,0544,50,39,78,0.0,0.0,0.0,0.9358974358974359,0.0,0.2692307692307692,0.0,0.038461538461538464,0.3717948717948718,0.0,0.0,0.0,0.0,0.011914217633042097,0.011914217633042097,,,no-result-number=42; prediction-only=31; result-numbers-unmatched=5,forming initial passes <PASS> <PASS> <PASS> <PASS> <PASS> <PASS> avoid <PASS> <PASS> <PASS> unless proven necessary <PASS> <PASS> <PASS> <PASS> show <NUM>-<NUM>
R2_B_seed4,R2,0608,0576,35,34,68,0.0,0.0,0.0,0.9705882352941176,0.0,0.08823529411764706,0.0,0.029411764705882353,0.3088235294117647,0.0,0.0,0.0,0.0,0.011303692539562924,0.011303692539562924,,,no-result-number=48; prediction-only=18; result-numbers-unmatched=2,forming initial passes <PASS> <PASS> <PASS> <PASS> avoid <PASS> passes unless proven necessary <PASS> <PASS> <PASS> <PASS> show <NUM>-<NUM> extra on complex ben
R2_B_seed4,R2,0640,0608,33,33,66,0.0,0.0,0.0,0.9848484848484849,0.0,0.22727272727272727,0.0,0.06060606060606061,0.4090909090909091,0.0,0.0,0.0,0.0,0.010768126346015794,0.010768126346015794,,,no-result-number=50; prediction-only=15; result-numbers-unmatched=1,forming initial expectation <PASS> <PASS> <PASS> <PASS> <NUM>-<NUM> reduction avoid <PASS> passes unless proven necessary <PASS> <PASS> show <NUM>-<NUM> extra o
R2_B_seed4,R2,0672,0640,31,28,56,0.0,0.0,0.0,0.9642857142857143,0.0,0.2857142857142857,0.0,0.07142857142857142,0.5,0.0,0.0,0.0,0.0,0.010351966873706004,0.010351966873706004,,,no-result-number=54; result-numbers-unmatched=2,forming initial passes <PASS> <PASS> <PASS> <PASS> avoid <PASS> passes unless proven necessary <PASS> <PASS> show <NUM>-<NUM> additional on complex benchmarks <
R2_B_seed4,R2,0704,0672,30,30,60,0.0,0.0,0.0,0.9833333333333333,0.0,0.11666666666666667,0.0,0.05,0.4166666666666667,0.0,0.0,0.0,0.0,0.009940357852882704,0.009940357852882704,,,no-result-number=52; prediction-only=7; result-numbers-unmatched=1,forming initial passes <PASS> <PASS> <PASS> <PASS> avoid <PASS> passes unless proven necessary <PASS> <PASS> show <NUM>-<NUM> extra on complex benchmarks <PASS>
R2_B_seed4,R2,0736,0704,19,19,38,0.0,0.0,0.0,0.9210526315789473,0.0,0.2894736842105263,0.0,0.13157894736842105,0.7105263157894737,0.0,0.0,0.0,0.0,0.009696186166774402,0.009696186166774402,,,no-result-number=35; result-numbers-unmatched=3,forming initial passes <PASS> <PASS> <PASS> <PASS> avoid <PASS> passes unless proven necessary <PASS> <PASS> show <NUM>-<NUM> extra on complex benchmarks <PASS>
R2_B_seed4,R2,0768,0736,19,19,38,0.0,0.0,,1.0,0.0,0.2631578947368421,0.0,0.07894736842105263,0.7368421052631579,0.0,0.0,0.0,0.0,0.00946372239747634,0.00946372239747634,,,no-result-number=38,forming initial passes <PASS> <PASS> <PASS> <PASS> avoid <PASS> passes unless proven necessary <PASS> <PASS> show <NUM>-<NUM> extra on complex benchmarks <PASS>
R2_B_seed4,R2,0800,0768,21,20,40,0.0,0.0,,1.0,0.0,0.275,0.0,0.15,0.75,0.0,0.0,0.0,0.0,0.009230769230769232,0.009230769230769232,,,no-result-number=40,forming initial passes <PASS> <PASS> <PASS> <PASS> avoid <PASS> passes unless proven necessary <PASS> <PASS> show <NUM>-<NUM> extra on complex benchmarks <PASS>
R2_B_seed4,R2,0832,0800,21,19,36,0.0,0.0,,1.0,0.0,0.3055555555555556,0.0,0.1388888888888889,0.7222222222222222,0.0,0.0,0.0,0.0,0.009030704394942806,0.009030704394942806,,,no-result-number=33; prediction-only=3,forming initial passes <PASS> <PASS> <PASS> <PASS> avoid <PASS> passes unless proven necessary <PASS> <PASS> show <NUM>-<NUM> extra on complex benchmarks <PASS>
R2_B_seed4,R2,0864,0832,22,21,42,0.0,0.0,0.0,0.9761904761904762,0.0,0.5952380952380952,0.0,0.23809523809523808,0.8095238095238095,0.0,0.0,0.0,0.0,0.008807985907222548,0.008807985907222548,,,no-result-number=40; prediction-only=1; result-numbers-unmatched=1,forming initial passes <PASS> <PASS> <PASS> <PASS> avoid <PASS> passes unless proven necessary <PASS> <PASS> show <NUM>-<NUM> extra on complex benchmarks <PASS>
R2_B_seed4,R2,0896,0864,22,22,44,0.0,0.0,,1.0,0.0,0.7727272727272727,0.0,0.29545454545454547,0.9090909090909091,0.0,0.0,0.0,0.0,0.008586147681740127,0.008586147681740127,,,no-result-number=43; prediction-only=1,forming initial passes <PASS> <PASS> <PASS> <PASS> <NUM>-<NUM> reduction avoid <PASS> passes unless proven necessary <PASS> <PASS> show <NUM>-<NUM> extra on com
R2_B_seed4,R2,0928,0896,21,21,41,0.0,0.0,,1.0,0.0,0.7317073170731707,0.0,0.36585365853658536,0.9024390243902439,0.0,0.0,0.0,0.0,0.008389261744966443,0.008389261744966443,,,no-result-number=41,forming initial passes <PASS> <PASS> <PASS> <PASS> <NUM>-<NUM> reduction avoid <PASS> passes unless proven necessary <PASS> <PASS> show <NUM>-<NUM> extra on com
R2_B_seed4,R2,0960,0928,17,17,34,0.0,0.0,,1.0,0.0,0.7647058823529411,0.0,0.35294117647058826,0.9411764705882353,0.0,0.0,0.0,0.0,0.00823271130625686,0.00823271130625686,,,no-result-number=31; prediction-only=3,forming initial passes <PASS> <PASS> <PASS> <PASS> <NUM>-<NUM> reduction avoid <PASS> passes unless proven necessary <PASS> <PASS> show <NUM>-<NUM> extra on com
R2_B_seed4,R2,0992,0960,23,21,42,0.0,0.0,,1.0,0.0,0.7619047619047619,0.0,0.3333333333333333,0.9523809523809523,0.0,0.0,0.0,0.0,0.008047210300429184,0.008047210300429184,,,no-result-number=40; prediction-only=2,forming initial passes <PASS> <PASS> <PASS> <PASS> <NUM>-<NUM> reduction avoid <PASS> passes unless proven necessary <PASS> <PASS> show <NUM>-<NUM> extra on com
R2_B_seed4,R2,1024,0992,16,15,30,0.0,0.0,,1.0,0.0,0.6666666666666666,0.0,0.16666666666666666,0.9666666666666667,0.0,0.0,0.0,0.0,0.00791974656810982,0.00791974656810982,935,0.0106951871657754,no-result-number=29; prediction-only=1,forming initial passes <PASS> <PASS> <PASS> <PASS> <NUM>-<NUM> reduction avoid <PASS> passes unless proven necessary <PASS> <PASS> show <NUM>-<NUM> extra on com
R2_B_seed7,R2,0032,,114,34,20,0.0,0.0,1.0,0.95,0.0,0.0,0.0,0.05,0.0,0.0,0.0,0.0,0.0,0.0,0.0,,,no-content=16; no-result-number=3; no-pass-run-here=1,initial passes selected to reduce register pressure and improve instruction-level parallelism will observe the outcome and decide on further actions
R2_B_seed7,R2,0064,0032,129,38,42,0.0,0.07142857142857142,1.0,0.9285714285714286,0.0,0.09523809523809523,0.16666666666666666,0.047619047619047616,0.09523809523809523,0.07142857142857142,0.07142857142857142,0.0,0.0,0.04838709677419355,0.04838709677419355,,,no-content=15; prediction-only=8; no-result-number=8; practice-only=7; no-pass-run-here=1,initial passes <PASS> <PASS> <PASS> <PASS>
R2_B_seed7,R2,0096,0064,56,17,42,0.0,0.07142857142857142,0.8571428571428571,0.8333333333333334,0.0,0.21428571428571427,0.23809523809523808,0.09523809523809523,0.23809523809523808,0.047619047619047616,0.047619047619047616,0.0,0.0,0.04807692307692308,0.04807692307692308,,,no-result-number=16; practice-only=10; no-content=8; not-adjacent=3; prediction-only=2,initial passes based on previous successful experience will see if instruction count reduction holds
R2_B_seed7,R2,0128,0096,36,17,43,0.0,0.0,0.3,0.7674418604651163,0.0,0.37209302325581395,0.3488372093023256,0.09302325581395349,0.37209302325581395,0.0,0.0,0.0,0.0,0.034013605442176874,0.034013605442176874,,,practice-only=15; prediction-only=13; result-numbers-unmatched=6; no-result-number=5; no-content=4,initial passes <PASS> <PASS> <PASS> <PASS> expect <NUM>-<NUM> reduction will observe outcome and adjust strategy as needed
R2_B_seed7,R2,0160,0128,65,29,64,0.0,0.0,0.6666666666666666,0.953125,0.0,0.15625,0.328125,0.0625,0.1875,0.0,0.0,0.0,0.0,0.023696682464454975,0.023696682464454975,,,prediction-only=22; practice-only=21; no-result-number=12; no-content=7; not-adjacent=1,initial passes sequence <PASS> <PASS> <PASS> <PASS> <PASS> expect <NUM>-<NUM> reduction in instruction count will observe outcome and adjust strategy as needed
R2_B_seed7,R2,0192,0160,73,38,84,0.0,0.0,0.0,0.9880952380952381,0.0,0.23809523809523808,0.23809523809523808,0.047619047619047616,0.34523809523809523,0.0,0.0,0.0,0.0,0.01694915254237288,0.01694915254237288,,,prediction-only=48; practice-only=20; no-content=12; no-result-number=3; result-numbers-unmatched=1,initial passes sequence <PASS> <PASS> <PASS> <PASS> <PASS> <PASS> expect <NUM>-<NUM> reduction based on past experience will form new expectation
R2_B_seed7,R2,0224,0192,45,35,70,0.0,0.0,,1.0,0.0,0.17142857142857143,0.24285714285714285,0.04285714285714286,0.37142857142857144,0.0,0.0,0.0,0.0,0.0136986301369863,0.0136986301369863,,,prediction-only=50; practice-only=17; no-content=2; no-result-number=1,initial passes sequence <PASS> <PASS> <PASS> <PASS> <PASS> <PASS> expectation <NUM>-<NUM> reduction will form a new expectation after each action and adjust as 
R2_B_seed7,R2,0256,0224,55,37,75,0.0,0.0,,1.0,0.0,0.21333333333333335,0.17333333333333334,0.05333333333333334,0.38666666666666666,0.0,0.0,0.0,0.0,0.011363636363636364,0.011363636363636364,,,prediction-only=58; practice-only=13; no-result-number=3; no-content=1,initial passes sequence <PASS> <PASS> <PASS> <PASS> <PASS> expect <NUM>-<NUM> reduction will form a new expectation after each pass sequence and adjust as neede
R2_B_seed7,R2,0288,0256,42,33,67,0.0,0.0,,1.0,0.0,0.208955223880597,0.08955223880597014,0.05970149253731343,0.582089552238806,0.0,0.0,0.0,0.0,0.009861932938856016,0.009861932938856016,,,prediction-only=59; practice-only=6; no-content=2,initial passes sequence <PASS> <PASS> <PASS> <PASS> <PASS> expect <NUM>-<NUM> reduction will form a new expectation after each pass sequence and adjust as neede
R2_B_seed7,R2,0320,0288,49,40,83,0.0,0.0,,1.0,0.0,0.2891566265060241,0.03614457831325301,0.08433734939759036,0.4578313253012048,0.0,0.0,0.0,0.0,0.00847457627118644,0.00847457627118644,,,prediction-only=77; practice-only=3; no-content=3,initial passes sequence <PASS> <PASS> <PASS> <PASS> <PASS> expect <NUM>-<NUM> reduction based on past experience will form a new expectation after each pass seq
R2_B_seed7,R2,0352,0320,42,34,69,0.0,0.0,,1.0,0.0,0.2318840579710145,0.014492753623188406,0.07246376811594203,0.5507246376811594,0.0,0.0,0.0,0.0,0.007587253414264037,0.007587253414264037,,,prediction-only=61; no-result-number=5; no-content=2; practice-only=1,initial passes sequence <PASS> <PASS> <PASS> <PASS> <PASS> <PASS> <PASS> expect <NUM>-<NUM>
R2_B_seed7,R2,0384,0352,51,40,80,0.0,0.0,,1.0,0.0,0.425,0.0125,0.1125,0.625,0.0,0.0,0.0,0.0,0.006765899864682003,0.006765899864682003,,,prediction-only=67; no-result-number=7; no-content=5; practice-only=1,initial passes sequence <PASS> <PASS> <PASS> <PASS> <PASS> expect <NUM>-<NUM> reduction will form a new expectation after each pass sequence and adjust as neede
R2_B_seed7,R2,0416,0384,46,35,66,0.0,0.0,,1.0,0.0,0.2727272727272727,0.0,0.19696969696969696,0.6060606060606061,0.0,0.0,0.0,0.0,0.006211180124223602,0.006211180124223602,,,prediction-only=58; no-result-number=7; no-content=1,initial passes sequence <PASS> <PASS> <PASS> <PASS> <PASS> <PASS> <PASS> expect <NUM>-<NUM> reduction will form a new expectation after each pass sequence and a
R2_B_seed7,R2,0448,0416,46,36,72,0.0,0.0,,1.0,0.0,0.4166666666666667,0.0,0.2222222222222222,0.5972222222222222,0.0,0.0,0.0,0.0,0.005701254275940707,0.005701254275940707,,,prediction-only=62; no-result-number=7; no-content=3,initial passes sequence <PASS> <PASS> <PASS> <PASS> <PASS> <PASS> <PASS> expect <NUM>-<NUM> reduction will
R2_B_seed7,R2,0480,0448,49,43,81,0.0,0.0,,1.0,0.0,0.345679012345679,0.0,0.08641975308641975,0.654320987654321,0.0,0.0,0.0,0.0,0.005219206680584551,0.005219206680584551,,,prediction-only=61; no-result-number=18; no-pass-run-here=1; no-content=1,initial passes sequence <PASS> <PASS> <PASS> <PASS> <PASS> <PASS>
R2_B_seed7,R2,0512,0480,39,35,70,0.0,0.0,,1.0,0.0,0.32857142857142857,0.0,0.07142857142857142,0.6714285714285714,0.0,0.0,0.0,0.0,0.0048638132295719845,0.0048638132295719845,,,prediction-only=49; no-result-number=19; no-content=2,initial passes sequence <PASS> <PASS> <PASS> <PASS> <PASS> <PASS> <PASS> expect <NUM>-<NUM> reduction will
R2_B_seed7,R2,0544,0512,48,38,73,0.0,0.0,,1.0,0.0,0.2876712328767123,0.0,0.0684931506849315,0.5342465753424658,0.0,0.0,0.0,0.0,0.004541326067211626,0.004541326067211626,,,prediction-only=57; no-result-number=14; no-content=2,initial passes sequence <PASS> <PASS> <PASS> <PASS> <PASS> <PASS> <PASS>
R2_B_seed7,R2,0576,0544,43,36,72,0.0,0.013888888888888888,0.5,0.9722222222222222,0.0,0.16666666666666666,0.0,0.05555555555555555,0.5,0.013888888888888888,0.013888888888888888,0.0,0.0,0.005115089514066497,0.005115089514066497,,,prediction-only=38; no-result-number=30; no-content=2; result-numbers-unmatched=1,initial passes sequence expectation <PASS> <PASS> <PASS> <PASS> <PASS> <PASS> <PASS>
R2_B_seed7,R2,0608,0576,47,44,81,0.0,0.0,,1.0,0.0,0.3333333333333333,0.0,0.1111111111111111,0.5925925925925926,0.0,0.0,0.0,0.0,0.004784688995215311,0.004784688995215311,,,prediction-only=42; no-result-number=34; no-content=3; no-pass-run-here=2,initial passes sequence expectation <PASS> <PASS> <PASS> <PASS>
R2_B_seed7,R2,0640,0608,43,42,85,0.0,0.0,0.0,0.9882352941176471,0.0,0.4235294117647059,0.0,0.2235294117647059,0.7411764705882353,0.0,0.0,0.0,0.0,0.004480955937266617,0.004480955937266617,,,no-result-number=61; prediction-only=22; no-content=1; result-numbers-unmatched=1,initial passes sequence expectation <PASS> <PASS> <PASS> <PASS> <PASS>
R2_B_seed7,R2,0672,0640,39,39,75,0.0,0.0,,1.0,0.0,0.52,0.0,0.2,0.7333333333333333,0.0,0.0,0.0,0.0,0.004243281471004243,0.004243281471004243,,,no-result-number=55; prediction-only=14; no-content=6,initial passes sequence expectation <PASS> <PASS> <PASS> <PASS> <PASS>
R2_B_seed7,R2,0704,0672,38,37,70,0.0,0.0,,1.0,0.0,0.34285714285714286,0.0,0.21428571428571427,0.6285714285714286,0.0,0.0,0.0,0.0,0.004043126684636119,0.004043126684636119,,,no-result-number=39; prediction-only=26; no-content=5,initial passes sequence expectation <PASS> <PASS> <PASS> <PASS> <PASS>
R2_B_seed7,R2,0736,0704,40,39,75,0.0,0.02666666666666667,1.0,0.9733333333333334,0.0,0.56,0.0,0.18666666666666668,0.7333333333333333,0.02666666666666667,0.02666666666666667,0.0,0.0,0.005131494547787043,0.005131494547787043,,,no-result-number=44; prediction-only=26; no-content=3,initial passes sequence expectation <PASS> <PASS> <PASS> <PASS> <PASS>
R2_B_seed7,R2,0768,0736,38,36,62,0.0,0.0,,1.0,0.0,0.3709677419354839,0.0,0.2903225806451613,0.6451612903225806,0.0,0.0,0.0,0.0,0.004935225169648365,0.004935225169648365,,,no-result-number=38; prediction-only=20; no-content=3; no-pass-run-here=1,initial passes sequence expectation <PASS> <PASS> <PASS> <PASS> <PASS>
R2_B_seed7,R2,0800,0768,39,36,63,0.0,0.031746031746031744,1.0,0.9523809523809523,0.0,0.3333333333333333,0.0,0.1111111111111111,0.6507936507936508,0.031746031746031744,0.031746031746031744,0.0,0.0,0.0059382422802850355,0.0059382422802850355,,,prediction-only=51; no-result-number=7; not-adjacent=1; no-pass-run-here=1; no-content=1,initial passes sequence expectation <PASS> <PASS> <PASS> <PASS> <PASS> <NUM>-<NUM> reduction will form a
R2_B_seed7,R2,0832,0800,39,36,70,0.0,0.02857142857142857,1.0,0.9714285714285714,0.0,0.34285714285714286,0.08571428571428572,0.18571428571428572,0.5,0.02857142857142857,0.02857142857142857,0.0,0.0,0.0068415051311288486,0.0068415051311288486,,,prediction-only=46; no-result-number=14; practice-only=6; no-content=2,initial passes sequence expectation <PASS> <PASS> <PASS> <PASS> <PASS> <NUM>-<NUM> reduction this is my
R2_B_seed7,R2,0864,0832,37,36,70,0.0,0.0,,1.0,0.0,0.5142857142857142,0.07142857142857142,0.18571428571428572,0.6285714285714286,0.0,0.0,0.0,0.0,0.006578947368421052,0.006578947368421052,,,prediction-only=62; practice-only=5; no-result-number=3,initial passes sequence expectation <PASS> <PASS> <PASS> <PASS> <NUM>-<NUM> reduction this is my primary expectation and i should stick to
R2_B_seed7,R2,0896,0864,33,32,62,0.0,0.0,,1.0,0.0,0.5,0.24193548387096775,0.16129032258064516,0.7580645161290323,0.0,0.0,0.0,0.0,0.006362672322375398,0.006362672322375398,,,prediction-only=45; practice-only=15; no-result-number=2,initial passes sequence expectation <PASS> <PASS> <PASS> <PASS> <NUM>-<NUM> reduction this is my primary expectation and i should stick to
R2_B_seed7,R2,0928,0896,23,23,40,0.0,0.025,1.0,0.975,0.0,0.425,0.1,0.125,0.5,0.025,0.025,0.0,0.0,0.006749740394600207,0.006749740394600207,,,prediction-only=30; no-content=4; practice-only=4; no-result-number=1,initial passes sequence expectation <PASS> <PASS> <PASS> <PASS> <PASS> <NUM>-<NUM> reduction this is my
R2_B_seed7,R2,0960,0928,26,24,37,0.0,0.02702702702702703,1.0,0.9459459459459459,0.02702702702702703,0.4594594594594595,0.2972972972972973,0.08108108108108109,0.6216216216216216,0.02702702702702703,0.02702702702702703,0.0,0.0,0.007131940906775344,0.007131940906775344,,,prediction-only=16; practice-only=11; no-content=8; not-adjacent=1,initial passes sequence expectation <PASS> <PASS> <PASS> <PASS> <NUM>-<NUM> reduction this is my primary expectation and i should stick to it
R2_B_seed7,R2,0992,0960,34,34,37,0.0,0.02702702702702703,1.0,0.972972972972973,0.0,0.10810810810810811,0.16216216216216217,0.05405405405405406,0.16216216216216217,0.02702702702702703,0.02702702702702703,0.0,0.0,0.0075,0.0075,,,prediction-only=15; no-content=13; practice-only=6; no-result-number=2,initial passes sequence expectation <PASS> <PASS> <PASS> <PASS> <PASS> <NUM>-<NUM> reduction this is my
R2_B_seed7,R2,1024,0992,33,33,32,0.0,0.03125,1.0,0.96875,0.0,0.03125,0.125,0.0625,0.15625,0.03125,0.03125,0.0,0.0,0.007874015748031496,0.007874015748031496,1106,0.012658227848101266,no-content=15; prediction-only=9; practice-only=4; no-result-number=3,initial sequence expectation <PASS> <PASS> <PASS> <PASS> <NUM>-<NUM> reduction this is my primary expectation and i should stick to
R2_B_seed8,R2,0032,,114,35,22,0.0,0.0,,1.0,0.0,0.0,0.0,0.045454545454545456,0.0,0.0,0.0,0.0,0.0,0.0,0.0,,,no-content=19; no-result-number=3,initial passes to reduce register pressure and simplify the control flow these should help in minimizing the overall instruction count
R2_B_seed8,R2,0064,0032,100,32,32,0.0,0.0,,1.0,0.0,0.0625,0.03125,0.09375,0.0625,0.0,0.0,0.0,0.0,0.0,0.0,,,no-content=17; no-result-number=13; practice-only=1; prediction-only=1,initial passes <PASS> <PASS> <PASS> <PASS>
R2_B_seed8,R2,0096,0064,37,8,14,0.0,0.0,1.0,0.7142857142857143,0.0,0.14285714285714285,0.07142857142857142,0.14285714285714285,0.14285714285714285,0.0,0.0,0.0,0.0,0.0,0.0,,,no-content=5; no-pass-run-here=4; no-result-number=4; practice-only=1,initial expectation is <NUM> <NUM> reduction will note actual outcome for comparison outcome instructions <NUM> <NUM> <NUM> <NUM> reduction score <NUM> <NUM>
R2_B_seed8,R2,0128,0096,17,3,4,0.0,0.25,1.0,0.75,0.0,0.25,0.0,0.5,0.25,0.25,0.25,0.0,0.0,0.013888888888888888,0.013888888888888888,,,no-content=2; no-result-number=1,initial expectation was <NUM> <NUM> will observe outcome and form a new expectation based on reality
R2_B_seed8,R2,0160,0128,57,29,57,0.0,0.017543859649122806,0.5,0.9298245614035088,0.0,0.10526315789473684,0.03508771929824561,0.03508771929824561,0.12280701754385964,0.017543859649122806,0.017543859649122806,0.0,0.0,0.015503875968992248,0.015503875968992248,,,no-content=35; prediction-only=12; no-result-number=5; practice-only=2; result-numbers-unmatched=1,initial expectation is <NUM> reduction will observe outcome and form new theory based on reality
R2_B_seed8,R2,0192,0160,60,35,66,0.0,0.015151515151515152,0.3333333333333333,0.9545454545454546,0.0,0.07575757575757576,0.015151515151515152,0.045454545454545456,0.09090909090909091,0.015151515151515152,0.015151515151515152,0.0,0.0,0.015384615384615385,0.015384615384615385,,,no-content=38; prediction-only=19; no-result-number=5; result-numbers-unmatched=1; practice-only=1,initial expectation is <NUM> reduction with <PASS> <PASS> <PASS> <PASS> will form a new expectation after seeing the outcome
R2_B_seed8,R2,0224,0192,47,37,71,0.0,0.0,0.4,0.9295774647887324,0.0,0.15492957746478872,0.014084507042253521,0.07042253521126761,0.15492957746478872,0.0,0.0,0.0,0.0,0.011278195488721804,0.011278195488721804,,,prediction-only=33; no-content=24; no-result-number=8; no-pass-run-here=3; result-numbers-unmatched=2,initial expectation is <NUM>-<NUM> reduction with <PASS> <PASS> <PASS> <PASS> will compare outcome to this prediction
R2_B_seed8,R2,0256,0224,55,36,70,0.0,0.0,0.0,0.9428571428571428,0.0,0.12857142857142856,0.014285714285714285,0.07142857142857142,0.14285714285714285,0.0,0.0,0.0,0.0,0.008928571428571428,0.008928571428571428,,,prediction-only=44; no-content=17; no-result-number=4; result-numbers-unmatched=3; practice-only=1,initial expectation is <NUM> reduction with <PASS> <PASS> <PASS> <PASS> will measure outcome and form new plan based on reality
R2_B_seed8,R2,0288,0256,56,36,71,0.0,0.04225352112676056,1.0,0.9577464788732395,0.0,0.30985915492957744,0.028169014084507043,0.08450704225352113,0.352112676056338,0.028169014084507043,0.028169014084507043,0.0,0.0,0.012285012285012284,0.012285012285012284,,,prediction-only=54; no-content=7; no-result-number=5; practice-only=2; duplicate=1,initial expectation is <NUM>-<NUM> reduction with <PASS> <PASS> <PASS> <PASS> will compare this to reality to learn
R2_B_seed8,R2,0320,0288,47,37,71,0.0,0.0,0.0,0.9154929577464789,0.0,0.2535211267605634,0.0,0.056338028169014086,0.28169014084507044,0.0,0.0,0.0,0.0,0.010460251046025104,0.010460251046025104,,,prediction-only=55; no-result-number=9; result-numbers-unmatched=6; no-content=1,initial expectation is <NUM> reduction with <PASS> <PASS> <PASS> <PASS> will compare outcome to prediction
R2_B_seed8,R2,0352,0320,36,32,64,0.0,0.03125,0.4,0.921875,0.0,0.1875,0.015625,0.125,0.25,0.03125,0.03125,0.0,0.0,0.012915129151291513,0.012915129151291513,,,prediction-only=54; result-numbers-unmatched=3; no-content=2; no-result-number=2; practice-only=1,initial expectation is <NUM>-<NUM> reduction with <PASS> <PASS> <PASS> <PASS> will compare this to reality to learn
R2_B_seed8,R2,0384,0352,45,41,78,0.0,0.0,0.0,0.9615384615384616,0.0,0.15384615384615385,0.0,0.038461538461538464,0.20512820512820512,0.0,0.0,0.0,0.0,0.01129032258064516,0.01129032258064516,,,prediction-only=65; no-result-number=9; result-numbers-unmatched=3; no-content=1,initial expectation is <NUM>-<NUM> reduction with <PASS> <PASS> <PASS> <PASS> adding <PASS> <PASS> <PASS> if
R2_B_seed8,R2,0416,0384,52,39,74,0.0,0.013513513513513514,0.3333333333333333,0.9594594594594594,0.0,0.08108108108108109,0.0,0.04054054054054054,0.17567567567567569,0.013513513513513514,0.013513513513513514,0.0,0.0,0.011527377521613832,0.011527377521613832,,,prediction-only=58; no-result-number=11; result-numbers-unmatched=2; no-content=2,initial expectation <PASS> <PASS> <PASS> <PASS> <NUM>-<NUM> reduction will add <PASS> <PASS> <PASS> if initial set falls short
R2_B_seed8,R2,0448,0416,41,38,76,0.0,0.0,0.0,0.9342105263157895,0.0,0.19736842105263158,0.0,0.06578947368421052,0.27631578947368424,0.0,0.0,0.0,0.0,0.01038961038961039,0.01038961038961039,,,prediction-only=56; no-result-number=13; result-numbers-unmatched=5; no-content=2,initial expectation is <NUM>-<NUM> reduction with <PASS> <PASS> <PASS> <PASS> adding <PASS> <PASS> <PASS> if significant
R2_B_seed8,R2,0480,0448,40,36,67,0.0,0.0,0.0,0.9552238805970149,0.0,0.1044776119402985,0.0,0.05970149253731343,0.26865671641791045,0.0,0.0,0.0,0.0,0.009557945041816009,0.009557945041816009,,,prediction-only=51; no-result-number=12; result-numbers-unmatched=3; no-content=1,initial expectation is <NUM>-<NUM> reduction with <PASS> <PASS> <PASS> <PASS> as seen across vario
R2_B_seed8,R2,0512,0480,39,34,66,0.0,0.0,0.0,0.9242424242424242,0.0,0.18181818181818182,0.0,0.06060606060606061,0.3181818181818182,0.0,0.0,0.0,0.0,0.008859357696566999,0.008859357696566999,,,prediction-only=43; no-result-number=15; result-numbers-unmatched=5; no-content=3,initial expectation <PASS> <PASS> <PASS> <PASS> <NUM>-<NUM> reduction adding <PASS>
R2_B_seed8,R2,0544,0512,39,37,38,0.0,0.0,0.0,0.9736842105263158,0.0,0.0,0.0,0.05263157894736842,0.07894736842105263,0.0,0.0,0.0,0.0,0.008501594048884165,0.008501594048884165,,,prediction-only=25; no-result-number=9; no-content=3; result-numbers-unmatched=1,initial expectation <PASS> <PASS> <PASS> <PASS> <NUM>-<NUM> reduction adding <PASS> <PASS> <PASS>
R2_B_seed8,R2,0576,0544,39,35,33,0.0,0.0,0.0,0.9696969696969697,0.0,0.18181818181818182,0.0,0.09090909090909091,0.3333333333333333,0.0,0.0,0.0,0.0,0.008213552361396304,0.008213552361396304,,,prediction-only=20; no-content=8; no-result-number=4; result-numbers-unmatched=1,initial expect
R2_B_seed8,R2,0608,0576,37,35,17,0.0,0.0,,1.0,0.0,0.11764705882352941,0.0,0.058823529411764705,0.23529411764705882,0.0,0.0,0.0,0.0,0.008072653884964682,0.008072653884964682,,,prediction-only=9; no-content=4; no-result-number=2; no-pass-run-here=2,initial expectation is <NUM> <NUM> for <PASS> <PASS> <PASS> <PASS> based on past consisten
R2_B_seed8,R2,0640,0608,42,38,24,0.0,0.0,0.0,0.9166666666666666,0.0,0.4583333333333333,0.0,0.08333333333333333,0.5833333333333334,0.0,0.0,0.0,0.0,0.007881773399014778,0.007881773399014778,,,prediction-only=15; no-content=5; result-numbers-unmatched=2; no-result-number=1; no-pass-run-here=1,initial expectation <PASS> <PASS> <PASS> <PASS> <NUM>-<NUM> reduction adding <PASS> <PASS> <PASS> <NUM>-<NUM> extra start
R2_B_seed8,R2,0672,0640,34,33,18,0.0,0.0,,1.0,0.0,0.4444444444444444,0.0,0.1111111111111111,0.6111111111111112,0.0,0.0,0.0,0.0,0.007744433688286544,0.007744433688286544,,,prediction-only=14; no-content=3; no-pass-run-here=1,initial expectation <PASS> <PASS> <PASS> <PASS> <NUM>-<NUM> reduction adding <PASS> <PASS> <PASS> ext
R2_B_seed8,R2,0704,0672,32,31,19,0.0,0.0,0.0,0.9473684210526316,0.0,0.631578947368421,0.0,0.21052631578947367,0.8421052631578947,0.0,0.0,0.0,0.0,0.0076045627376425855,0.0076045627376425855,,,prediction-only=14; no-content=3; result-numbers-unmatched=1; no-result-number=1,initial expectation <PASS> <PASS> <PASS> <PASS> <NUM>-<NUM> reduction adding <PASS> <PASS> <PASS> ext
R2_B_seed8,R2,0736,0704,31,30,30,0.0,0.0,,1.0,0.0,0.6666666666666666,0.0,0.3333333333333333,0.6666666666666666,0.0,0.0,0.0,0.0,0.0073937153419593345,0.0073937153419593345,,,prediction-only=26; no-result-number=2; no-content=1; no-pass-run-here=1,initial expectation <PASS> <PASS> <PASS> <PASS> <NUM>-<NUM> reduction adding <PASS> <PASS> <PASS> ext
R2_B_seed8,R2,0768,0736,28,28,33,0.0,0.0,,1.0,0.0,0.7575757575757576,0.0,0.36363636363636365,0.8181818181818182,0.0,0.0,0.0,0.0,0.007174887892376682,0.007174887892376682,,,prediction-only=29; no-result-number=2; no-pass-run-here=1; no-content=1,initial expectation <PASS> <PASS> <PASS> <PASS> <NUM>-<NUM> reduction adding <PASS> <PASS> <PASS> ext
R2_B_seed8,R2,0800,0768,23,22,21,0.0,0.0,,1.0,0.0,0.7619047619047619,0.0,0.42857142857142855,0.8095238095238095,0.0,0.0,0.0,0.0,0.007042253521126761,0.007042253521126761,,,prediction-only=19; no-content=1; no-result-number=1,initial expectation <PASS> <PASS> <PASS> <PASS> <NUM>-<NUM> reduction adding <PASS> <PASS> <PASS> ext
R2_B_seed8,R2,0832,0800,13,13,15,0.0,0.0,,1.0,0.0,0.8666666666666667,0.0,0.26666666666666666,0.8666666666666667,0.0,0.0,0.0,0.0,0.0069504778453518675,0.0069504778453518675,,,prediction-only=15,initial expectation <PASS> <PASS> <PASS> <PASS> <NUM>-<NUM> reduction adding <PASS> <PASS> <PASS> ext
R2_B_seed8,R2,0864,0832,24,24,21,0.0,0.0,0.0,0.9523809523809523,0.0,0.6190476190476191,0.0,0.23809523809523808,0.7619047619047619,0.0,0.0,0.0,0.0,0.006825938566552901,0.006825938566552901,,,prediction-only=16; no-result-number=4; result-numbers-unmatched=1,initial expectation <PASS> <PASS> <PASS> <PASS> <NUM>-<NUM> reduction adding <PASS> <PASS> <PASS> <NUM>-<NUM> extra sta
R2_B_seed8,R2,0896,0864,18,17,12,0.0,0.0,0.0,0.8333333333333334,0.0,0.16666666666666666,0.0,0.16666666666666666,0.25,0.0,0.0,0.0,0.0,0.006756756756756757,0.006756756756756757,,,prediction-only=6; result-numbers-unmatched=2; no-result-number=2; no-content=2,initial expectation <PASS> <PASS> -g
R2_B_seed8,R2,0928,0896,22,21,14,0.0,0.0,,1.0,0.0,0.35714285714285715,0.0,0.14285714285714285,0.5,0.0,0.0,0.0,0.0,0.00667779632721202,0.00667779632721202,,,prediction-only=8; no-result-number=3; no-content=2; no-pass-run-here=1,initial expectation <PASS> <PASS> <PASS> <PASS> <NUM>-<NUM> reduction adding <PASS>
R2_B_seed8,R2,0960,0928,28,27,17,0.0,0.0,0.0,0.9411764705882353,0.0,0.5294117647058824,0.0,0.17647058823529413,0.6470588235294118,0.0,0.0,0.0,0.0,0.006584362139917695,0.006584362139917695,,,prediction-only=12; no-result-number=4; result-numbers-unmatched=1,initial expectation <PASS> <PASS> <PASS>
R2_B_seed8,R2,0992,0960,19,19,15,0.0,0.0,0.0,0.8,0.0,0.4,0.0,0.2,0.4,0.0,0.0,0.0,0.0,0.0065040650406504065,0.0065040650406504065,,,prediction-only=7; result-numbers-unmatched=3; no-content=2; no-result-number=2; no-pass-run-here=1,initial expectation <PASS> <PASS> <PASS> <PASS> <NUM>-<NUM> reduction adding <PASS>
R2_B_seed8,R2,1024,0992,11,11,6,0.0,0.0,0.0,0.5,0.0,0.6666666666666666,0.0,0.3333333333333333,0.8333333333333334,0.0,0.0,0.0,0.0,0.006472491909385114,0.006472491909385114,929,0.008611410118406888,result-numbers-unmatched=3; prediction-only=3,initial expectation <PASS> <PASS> <PASS> <PASS> <NUM>-<NUM>
R3_B_seed503,R3,0032,,121,36,20,0.0,0.0,,1.0,0.0,0.0,0.0,0.05,0.0,0.0,0.0,0.0,0.0,0.0,0.0,,,no-content=16; no-result-number=4,this is a new program and i need to apply a set of common optimization passes to see what works best i will start with a standard sequence to establish a baseli
R3_B_seed503,R3,0064,0032,106,34,33,0.0,0.09090909090909091,0.6,0.8484848484848485,0.0,0.12121212121212122,0.030303030303030304,0.12121212121212122,0.12121212121212122,0.09090909090909091,0.09090909090909091,0.0,0.0,0.05660377358490566,0.05660377358490566,,,no-content=14; no-result-number=13; no-pass-run-here=1; practice-only=1; result-numbers-unmatched=1,initial passes <PASS> <PASS> <PASS> <PASS>
R3_B_seed503,R3,0096,0064,46,11,23,0.0,0.08695652173913043,1.0,0.8260869565217391,0.0,0.34782608695652173,0.08695652173913043,0.17391304347826086,0.391304347826087,0.08695652173913043,0.08695652173913043,0.0,0.0,0.06578947368421052,0.06578947368421052,,,no-content=9; no-result-number=6; prediction-only=3; practice-only=2; no-pass-run-here=1,initial passes <PASS> <PASS> <PASS> <PASS> expect significant reduction in instruction count
R3_B_seed503,R3,0128,0096,12,4,7,0.0,0.0,,1.0,0.0,0.42857142857142855,0.0,0.2857142857142857,0.42857142857142855,0.0,0.0,0.0,0.0,0.060240963855421686,0.060240963855421686,,,no-result-number=4; prediction-only=2; no-content=1,initial passes <PASS> <PASS> <PASS> <PASS> expect a reduction of <NUM> <NUM> to <NUM> <NUM> based on past experience will monitor the outcome
R3_B_seed503,R3,0160,0128,36,28,56,0.0,0.0,,1.0,0.0,0.3392857142857143,0.39285714285714285,0.125,0.42857142857142855,0.0,0.0,0.0,0.0,0.03597122302158273,0.03597122302158273,,,practice-only=22; no-result-number=19; prediction-only=12; no-content=3,initial passes <PASS> <PASS> <PASS> <PASS> will observe outcome and prepare to learn from it
R3_B_seed503,R3,0192,0160,62,32,65,0.0,0.0,,1.0,0.0,0.4307692307692308,0.6153846153846154,0.23076923076923078,0.47692307692307695,0.0,0.0,0.0,0.0,0.024509803921568627,0.024509803921568627,,,practice-only=40; no-result-number=21; prediction-only=3; no-content=1,initial passes <PASS> <PASS> <PASS> <PASS> will observe outcome and prepare to learn from it
R3_B_seed503,R3,0224,0192,34,30,64,0.0,0.0,0.0,0.953125,0.0,0.578125,0.515625,0.203125,0.640625,0.0,0.0,0.0,0.0,0.018656716417910446,0.018656716417910446,,,practice-only=33; no-result-number=21; prediction-only=7; result-numbers-unmatched=2; no-content=1,initial passes <PASS> <PASS> <PASS> <PASS> will observe outcome and prepare to learn from it
R3_B_seed503,R3,0256,0224,33,30,62,0.0,0.0,,1.0,0.0,0.6451612903225806,0.5483870967741935,0.20967741935483872,0.6612903225806451,0.0,0.0,0.0,0.0,0.015151515151515152,0.015151515151515152,,,practice-only=34; no-result-number=21; prediction-only=6; no-content=1,initial passes <PASS> <PASS> <PASS> <PASS> expect significant reduction based on past experience
R3_B_seed503,R3,0288,0256,36,31,65,0.0,0.0,0.0,0.9692307692307692,0.0,0.7846153846153846,0.5076923076923077,0.27692307692307694,0.8461538461538461,0.0,0.0,0.0,0.0,0.012658227848101266,0.012658227848101266,,,practice-only=33; no-result-number=24; prediction-only=7; no-content=1,initial passes <PASS> <PASS> <PASS> <PASS> expect significant reduction based on past experience
R3_B_seed503,R3,0320,0288,33,30,64,0.0,0.0,0.0,0.96875,0.0,0.78125,0.375,0.375,0.796875,0.0,0.0,0.0,0.0,0.010893246187363835,0.010893246187363835,,,no-result-number=32; practice-only=24; prediction-only=6; result-numbers-unmatched=2,initial passes <PASS> <PASS> <PASS> <PASS> expect significant reduction based on past experience
R3_B_seed503,R3,0352,0320,25,24,56,0.0,0.0,,1.0,0.0,0.8571428571428571,0.30357142857142855,0.5357142857142857,0.8928571428571429,0.0,0.0,0.0,0.0,0.009708737864077669,0.009708737864077669,,,no-result-number=37; practice-only=17; prediction-only=2,initial passes <PASS> <PASS> <PASS> <PASS> expect significant reduction based on past experience
R3_B_seed503,R3,0384,0352,29,25,60,0.0,0.0,0.0,0.9833333333333333,0.0,0.8333333333333334,0.38333333333333336,0.36666666666666664,0.8333333333333334,0.0,0.0,0.0,0.0,0.008695652173913044,0.008695652173913044,,,no-result-number=30; practice-only=23; prediction-only=4; no-pass-run-here=1; no-content=1,initial passes <PASS> <PASS> <PASS> <PASS> expect significant reduction based on past experience
R3_B_seed503,R3,0416,0384,23,19,48,0.0,0.0,,1.0,0.0,0.8333333333333334,0.3958333333333333,0.375,0.8333333333333334,0.0,0.0,0.0,0.0,0.008025682182985553,0.008025682182985553,,,no-result-number=24; practice-only=19; prediction-only=4; no-content=1,initial passes <PASS> <PASS> <PASS> <PASS> expect significant reduction based on past experience
R3_B_seed503,R3,0448,0416,20,19,44,0.0,0.0,,1.0,0.0,0.8181818181818182,0.5227272727272727,0.38636363636363635,0.8636363636363636,0.0,0.0,0.0,0.0,0.0074962518740629685,0.0074962518740629685,,,practice-only=23; no-result-number=14; prediction-only=6; no-content=1,initial passes <PASS> <PASS> <PASS> <PASS> expect significant reduction based on past experience will observe outcome and adjust strategy accordingly
R3_B_seed503,R3,0480,0448,13,12,32,0.0,0.0,,1.0,0.0,0.6875,0.375,0.25,0.71875,0.0,0.0,0.0,0.0,0.00715307582260372,0.00715307582260372,,,no-result-number=14; practice-only=12; prediction-only=5; no-content=1,initial passes <PASS> <PASS> <PASS> <PASS> expect significant reduction based on past experience will observe outcome and adjust strategy accordingly
R3_B_seed503,R3,0512,0480,13,12,34,0.0,0.0,,1.0,0.0,0.8529411764705882,0.5588235294117647,0.4411764705882353,0.8823529411764706,0.0,0.0,0.0,0.0,0.0068212824010914054,0.0068212824010914054,,,practice-only=19; no-result-number=10; prediction-only=3; no-content=2,initial passes <PASS> <PASS> <PASS> <PASS> expect significant reduction based on past experience will observe outcome and adjust strategy accordingly
R3_B_seed503,R3,0544,0512,6,5,15,0.0,0.0,,1.0,0.0,0.9333333333333333,0.4,0.26666666666666666,1.0,0.0,0.0,0.0,0.0,0.0066844919786096255,0.0066844919786096255,,,practice-only=6; prediction-only=6; no-result-number=3,initial passes <PASS> <PASS> <PASS> <PASS> expect significant reduction based on past experience will observe outcome and adjust strategy accordingly
R3_B_seed503,R3,0576,0544,6,6,15,0.0,0.0,,1.0,0.0,0.7333333333333333,0.5333333333333333,0.26666666666666666,0.7333333333333333,0.0,0.0,0.0,0.0,0.00655307994757536,0.00655307994757536,,,practice-only=8; no-result-number=5; prediction-only=2,initial passes <PASS> <PASS> <PASS> <PASS> expect significant reduction based on past experience will observe outcome and adjust strategy accordingly
R3_B_seed503,R3,0608,0576,6,4,11,0.0,0.0,,1.0,0.0,0.7272727272727273,0.36363636363636365,0.2727272727272727,0.7272727272727273,0.0,0.0,0.0,0.0,0.006459948320413436,0.006459948320413436,,,prediction-only=6; practice-only=4; no-result-number=1,initial passes <PASS> <PASS> <PASS> <PASS> expect <NUM> reduction based on past experience
R3_B_seed503,R3,0640,0608,4,4,11,0.0,0.0,,1.0,0.0,0.45454545454545453,0.45454545454545453,0.18181818181818182,0.5454545454545454,0.0,0.0,0.0,0.0,0.006369426751592357,0.006369426751592357,,,practice-only=5; prediction-only=5; no-result-number=1,initial passes <PASS> <PASS> <PASS> <PASS> expect <NUM> reduction based on past experience will observe outcome and adjust strategy accordingly
R3_B_seed503,R3,0672,0640,11,11,24,0.0,0.0,,1.0,0.0,0.9166666666666666,0.6666666666666666,0.375,0.9166666666666666,0.0,0.0,0.0,0.0,0.006180469715698393,0.006180469715698393,,,practice-only=16; prediction-only=8,initial passes <PASS> <PASS> <PASS> <PASS> expect <NUM> reduction based on past experience will observe outcome and adjust strategy accordingly
R3_B_seed503,R3,0704,0672,12,12,30,0.0,0.0,,1.0,0.0,0.8333333333333334,0.6333333333333333,0.5333333333333333,0.8666666666666667,0.0,0.0,0.0,0.0,0.0059594755661501785,0.0059594755661501785,,,practice-only=19; prediction-only=6; no-result-number=4; no-content=1,initial passes <PASS> <PASS> <PASS> <PASS> expect <NUM> reduction based on past experience will observe outcome and adjust strategy accordingly
R3_B_seed503,R3,0736,0704,11,8,19,0.0,0.0,,1.0,0.0,0.6842105263157895,0.6842105263157895,0.42105263157894735,0.8421052631578947,0.0,0.0,0.0,0.0,0.005827505827505828,0.005827505827505828,,,practice-only=13; prediction-only=3; no-result-number=3,initial passes <PASS> <PASS> <PASS> <PASS> expect <NUM> reduction based on past experience will observe outcome and adjust strategy accordingly
R3_B_seed503,R3,0768,0736,7,3,6,0.0,0.0,,1.0,0.0,1.0,0.6666666666666666,0.6666666666666666,1.0,0.0,0.0,0.0,0.0,0.005787037037037037,0.005787037037037037,,,practice-only=4; prediction-only=2,initial passes <PASS> <PASS> <PASS> <PASS> expect <NUM> reduction based on past experience will observe outcome and adjust strategy accordingly
R3_B_seed503,R3,0800,0768,11,8,17,0.0,0.0,,1.0,0.0,0.6470588235294118,0.8235294117647058,0.35294117647058826,0.6470588235294118,0.0,0.0,0.0,0.0,0.0056753688989784334,0.0056753688989784334,,,practice-only=14; prediction-only=2; no-result-number=1,initial passes <PASS> <PASS> <PASS> <PASS> expect <NUM> reduction based on past experience will observe outcome and adjust strategy accordingly
R3_B_seed503,R3,0832,0800,12,9,19,0.0,0.0,,1.0,0.0,0.631578947368421,0.7894736842105263,0.5263157894736842,0.631578947368421,0.0,0.0,0.0,0.0,0.005555555555555556,0.005555555555555556,,,practice-only=15; prediction-only=4,initial passes <PASS> <PASS> <PASS> <PASS> expect <NUM> reduction based on past experience will observe outcome and adjust strategy accordingly
R3_B_seed503,R3,0864,0832,17,14,34,0.0,0.0,,1.0,0.0,0.6176470588235294,0.7058823529411765,0.4117647058823529,0.6470588235294118,0.0,0.0,0.0,0.0,0.0053533190578158455,0.0053533190578158455,,,practice-only=24; prediction-only=5; no-content=4; no-result-number=1,initial passes <PASS> <PASS> <PASS> <PASS> expect <NUM> <NUM> reduction based on past experience will observe outcome and adjust strategy accordingly
R3_B_seed503,R3,0896,0864,14,9,22,0.0,0.0,,1.0,0.0,0.6363636363636364,0.7727272727272727,0.5,0.6818181818181818,0.0,0.0,0.0,0.0,0.005230125523012552,0.005230125523012552,,,practice-only=17; prediction-only=2; no-result-number=2; no-content=1,initial passes <PASS> <PASS> <PASS> <PASS> expect <NUM> reduction based on past experience will observe outcome and adjust strategy accordingly
R3_B_seed503,R3,0928,0896,19,16,44,0.0,0.0,,1.0,0.0,0.7045454545454546,0.6590909090909091,0.25,0.7727272727272727,0.0,0.0,0.0,0.0,0.005,0.005,,,practice-only=29; prediction-only=7; no-result-number=5; no-content=3,initial passes <PASS> <PASS> <PASS> <PASS> expect <NUM> reduction based on past experience will observe outcome and adjust strategy accordingly
R3_B_seed503,R3,0960,0928,17,13,37,0.0,0.0,0.0,0.972972972972973,0.0,0.5675675675675675,0.5675675675675675,0.32432432432432434,0.7027027027027027,0.0,0.0,0.0,0.0,0.0048216007714561235,0.0048216007714561235,,,practice-only=21; prediction-only=13; no-result-number=2; no-content=1,initial passes <PASS> <PASS> <PASS> <PASS> expect <NUM> reduction based on past experience will observe outcome and adjust strategy accordingly
R3_B_seed503,R3,0992,0960,18,12,41,0.0,0.0,0.0,0.9512195121951219,0.0,0.43902439024390244,0.5853658536585366,0.21951219512195122,0.6585365853658537,0.0,0.0,0.0,0.0,0.00463821892393321,0.00463821892393321,,,practice-only=24; prediction-only=15; no-result-number=2,initial passes <PASS> <PASS> <PASS> <PASS> expect <NUM> <NUM> reduction based on past experience will observe outcome and adjust strategy accordingly markers
R3_B_seed503,R3,1024,0992,13,10,35,0.0,0.0,,1.0,0.0,0.7142857142857143,0.5714285714285714,0.2857142857142857,0.7714285714285715,0.0,0.0,0.0,0.0,0.004492362982929021,0.004492362982929021,521,0.005758157389635317,practice-only=20; prediction-only=12; no-result-number=3,initial passes <PASS> <PASS> <PASS> <PASS> expect <NUM> <NUM> reduction based on past experience will observe outcome and adjust strategy accordingly markers
R3_B_seed504,R3,0032,,121,36,18,0.0,0.0,1.0,0.8888888888888888,0.0,0.0,0.0,0.05555555555555555,0.05555555555555555,0.0,0.0,0.0,0.0,0.0,0.0,,,no-content=10; no-result-number=5; not-adjacent=2; prediction-only=1,this is a new program and i have no prior optimizations for it i will start with a common set of passes that often yield good results across different programs 
R3_B_seed504,R3,0064,0032,141,43,49,0.0,0.10204081632653061,0.25,0.8367346938775511,0.0,0.1836734693877551,0.08163265306122448,0.10204081632653061,0.1836734693877551,0.02040816326530612,0.02040816326530612,0.0,0.0,0.014925373134328358,0.014925373134328358,,,no-content=19; no-result-number=18; practice-only=4; N-mismatch=4; prediction-only=1,initial passes <PASS> <PASS> <PASS> <PASS>
R3_B_seed504,R3,0096,0064,39,12,17,0.0,0.0,,1.0,0.0,0.11764705882352941,0.058823529411764705,0.11764705882352941,0.11764705882352941,0.0,0.0,0.0,0.0,0.011904761904761904,0.011904761904761904,,,no-result-number=9; no-content=4; prediction-only=2; no-pass-run-here=1; practice-only=1,initial passes <PASS> <PASS> <PASS> <PASS> expect a reduction of <NUM>-<NUM> in instruction count
R3_B_seed504,R3,0128,0096,40,18,33,0.0,0.030303030303030304,0.5,0.9393939393939394,0.0,0.36363636363636365,0.0,0.24242424242424243,0.3939393939393939,0.030303030303030304,0.030303030303030304,0.0,0.0,0.017094017094017096,0.017094017094017096,,,no-result-number=20; no-content=6; prediction-only=5; result-numbers-unmatched=1,initial passes <PASS> <PASS> <PASS> <PASS>
R3_B_seed504,R3,0160,0128,88,48,91,0.0,0.0,,1.0,0.0,0.4945054945054945,0.054945054945054944,0.16483516483516483,0.5164835164835165,0.0,0.0,0.0,0.0,0.009615384615384616,0.009615384615384616,,,no-result-number=37; prediction-only=32; no-content=16; practice-only=5; no-pass-run-here=1,initial passes <PASS> <PASS> <PASS> <PASS> expect <NUM>-<NUM> reduction
R3_B_seed504,R3,0192,0160,46,42,94,0.0,0.0,,1.0,0.0,0.4787234042553192,0.11702127659574468,0.07446808510638298,0.5,0.0,0.0,0.0,0.0,0.006622516556291391,0.006622516556291391,,,no-result-number=55; no-content=20; practice-only=11; prediction-only=8,initial passes <PASS> <PASS> <PASS> <PASS> expect significant reduction based on past experience
R3_B_seed504,R3,0224,0192,37,36,81,0.0,0.0,,1.0,0.0,0.6049382716049383,0.012345679012345678,0.09876543209876543,0.6419753086419753,0.0,0.0,0.0,0.0,0.005221932114882507,0.005221932114882507,,,no-result-number=52; prediction-only=16; no-content=12; practice-only=1,initial passes <PASS> <PASS> <PASS> <PASS> expect significant reduction based on past experience
R3_B_seed504,R3,0256,0224,37,33,87,0.0,0.0,,1.0,0.0,0.7011494252873564,0.011494252873563218,0.22988505747126436,0.735632183908046,0.0,0.0,0.0,0.0,0.00425531914893617,0.00425531914893617,,,no-result-number=52; prediction-only=24; no-content=10; practice-only=1,initial passes <PASS> <PASS> <PASS> <PASS> expect <NUM>-<NUM> reduction will track actual vs expected
R3_B_seed504,R3,0288,0256,43,36,74,0.0,0.0,,1.0,0.0,0.6486486486486487,0.0,0.36486486486486486,0.7432432432432432,0.0,0.0,0.0,0.0,0.003676470588235294,0.003676470588235294,,,no-result-number=68; prediction-only=4; no-content=2,initial passes <PASS> <PASS> <PASS> <PASS> expect significant reduction will track if additional passes provide incremental improvements
R3_B_seed504,R3,0320,0288,64,41,92,0.0,0.0,,1.0,0.0,0.6413043478260869,0.0,0.33695652173913043,0.7391304347826086,0.0,0.0,0.0,0.0,0.0031446540880503146,0.0031446540880503146,,,no-result-number=76; prediction-only=11; no-content=5,initial passes <PASS> <PASS> <PASS> <PASS> expect significant reduction will track if additional passes provide incremental improvements
R3_B_seed504,R3,0352,0320,38,37,84,0.0,0.0,1.0,0.9523809523809523,0.0,0.6666666666666666,0.0,0.2976190476190476,0.7261904761904762,0.0,0.0,0.0,0.0,0.002777777777777778,0.002777777777777778,,,no-result-number=51; prediction-only=22; no-content=7; not-adjacent=4,initial passes <PASS> <PASS> <PASS> <PASS> expect significant reduction will track if additional passes provide incremental improvements
R3_B_seed504,R3,0384,0352,35,27,54,0.0,0.0,,1.0,0.0,0.8148148148148148,0.0,0.3333333333333333,0.8888888888888888,0.0,0.0,0.0,0.0,0.002583979328165375,0.002583979328165375,,,no-result-number=52; no-content=1; prediction-only=1,initial passes <PASS> <PASS> <PASS> <PASS> expect significant reduction will track if additional passes provide incremental value
R3_B_seed504,R3,0416,0384,36,28,58,0.0,0.0,,1.0,0.0,0.8103448275862069,0.0,0.39655172413793105,0.8793103448275862,0.0,0.0,0.0,0.0,0.002403846153846154,0.002403846153846154,,,no-result-number=47; prediction-only=10; no-content=1,initial passes <PASS> <PASS> <PASS> <PASS> expect significant reduction will track if additional passes provide incremental value
R3_B_seed504,R3,0448,0416,28,25,51,0.0,0.0,,1.0,0.0,0.8235294117647058,0.0,0.6078431372549019,0.8431372549019608,0.0,0.0,0.0,0.0,0.0022650056625141564,0.0022650056625141564,,,no-result-number=49; prediction-only=2,initial passes <PASS> <PASS> <PASS> <PASS> expect significant reduction will track if additional passes provide incremental value
R3_B_seed504,R3,0480,0448,28,21,41,0.0,0.0,,1.0,0.0,0.8048780487804879,0.0,0.6341463414634146,0.9024390243902439,0.0,0.0,0.0,0.0,0.0021645021645021645,0.0021645021645021645,,,no-result-number=39; prediction-only=2,initial passes <PASS> <PASS> <PASS> <PASS> expect significant reduction will track if additional passes provide incremental value
R3_B_seed504,R3,0512,0480,26,15,28,0.0,0.0,,1.0,0.0,0.7142857142857143,0.0,0.35714285714285715,0.8571428571428571,0.0,0.0,0.0,0.0,0.0021008403361344537,0.0021008403361344537,,,no-result-number=28,initial passes <PASS> <PASS> <PASS> <PASS> expect significant reduction will track if additional passes provide incremental value
R3_B_seed504,R3,0544,0512,22,17,34,0.0,0.0,,1.0,0.0,0.6176470588235294,0.0,0.29411764705882354,0.8235294117647058,0.0,0.0,0.0,0.0,0.002028397565922921,0.002028397565922921,,,no-result-number=33; prediction-only=1,initial passes <PASS> <PASS> <PASS> <PASS> expect significant reduction track if additional passes provide incremental value
R3_B_seed504,R3,0576,0544,34,19,39,0.0,0.0,,1.0,0.0,0.38461538461538464,0.0,0.1282051282051282,0.6923076923076923,0.0,0.0,0.0,0.0,0.001951219512195122,0.001951219512195122,,,no-result-number=39,initial passes <PASS> <PASS> <PASS> <PASS> expect significant reduction will track if additional passes provide incremental value
R3_B_seed504,R3,0608,0576,35,20,37,0.0,0.0,,1.0,0.0,0.40540540540540543,0.0,0.10810810810810811,0.6486486486486487,0.0,0.0,0.0,0.0,0.0018832391713747645,0.0018832391713747645,,,no-result-number=37,initial passes <PASS> <PASS> <PASS> <PASS> expect significant reduction track if incremental passes provide additional value new progr
R3_B_seed504,R3,0640,0608,34,14,23,0.0,0.0,,1.0,0.0,0.17391304347826086,0.0,0.08695652173913043,0.391304347826087,0.0,0.0,0.0,0.0,0.0018433179723502304,0.0018433179723502304,,,no-result-number=23,initial passes <PASS> <PASS> <PASS> <PASS> new program initial passes <PASS> <PASS>
R3_B_seed504,R3,0672,0640,16,12,24,0.0,0.0,,1.0,0.0,0.2916666666666667,0.0,0.08333333333333333,0.625,0.0,0.0,0.0,0.0,0.0018034265103697023,0.0018034265103697023,,,no-result-number=24,initial passes <PASS> <PASS> <PASS> <PASS> new program track if incremental passes provide additi
R3_B_seed504,R3,0704,0672,10,5,9,0.0,0.0,,1.0,0.0,0.3333333333333333,0.0,0.2222222222222222,0.7777777777777778,0.0,0.0,0.0,0.0,0.0017889087656529517,0.0017889087656529517,,,no-result-number=9,initial passes <PASS> <PASS> <PASS> <PASS> new program initial passes <PASS> <PASS> <PASS> <PASS> track if incremental passes provide
R3_B_seed504,R3,0736,0704,12,6,10,0.0,0.0,,1.0,0.0,0.4,0.0,0.2,0.7,0.0,0.0,0.0,0.0,0.0017730496453900709,0.0017730496453900709,,,no-result-number=10,initial passes <PASS> <PASS> <PASS> <PASS> new program track if incremental passes provide additional value new benchmark <PASS>
R3_B_seed504,R3,0768,0736,20,13,23,0.0,0.0,,1.0,0.0,0.13043478260869565,0.0,0.13043478260869565,0.5652173913043478,0.0,0.0,0.0,0.0,0.0017376194613379669,0.0017376194613379669,,,no-result-number=23,initial passes <PASS> <PASS> <PASS> <PASS> track if incremental passes provide additional reductions new program initial passes <PASS>
R3_B_seed504,R3,0800,0768,6,5,10,0.0,0.0,,1.0,0.0,0.3,0.0,0.2,0.6,0.0,0.0,0.0,0.0,0.0017226528854435831,0.0017226528854435831,,,no-result-number=10,initial passes <PASS> <PASS> <PASS> <PASS> track if incremental passes provide additional value new program initial passes <PASS>
R3_B_seed504,R3,0832,0800,7,7,10,0.0,0.0,,1.0,0.0,0.2,0.0,0.2,0.8,0.0,0.0,0.0,0.0,0.0017079419299743809,0.0017079419299743809,,,no-result-number=10,initial passes <PASS> <PASS> <PASS> <PASS> track if incremental passes provide additional value new program ini
R3_B_seed504,R3,0864,0832,7,5,10,0.0,0.0,,1.0,0.0,0.6,0.0,0.3,0.9,0.0,0.0,0.0,0.0,0.001693480101608806,0.001693480101608806,,,no-result-number=10,initial passes <PASS> <PASS> <PASS> <PASS> track if incremental passes provide additional value new program initial passes <PASS> <PASS>
R3_B_seed504,R3,0896,0864,12,5,8,0.0,0.0,,1.0,0.0,0.25,0.0,0.25,0.375,0.0,0.0,0.0,0.0,0.001682085786375105,0.001682085786375105,,,no-result-number=8,initial passes <PASS> <PASS> <PASS> <PASS> <PASS> <PASS> <PASS> track incremental value new pr
R3_B_seed504,R3,0928,0896,14,12,22,0.0,0.0,,1.0,0.0,0.3181818181818182,0.0,0.09090909090909091,0.8636363636363636,0.0,0.0,0.0,0.0,0.0016515276630883566,0.0016515276630883566,,,no-result-number=21; no-content=1,initial passes <PASS> <PASS> <PASS> <PASS> track if incremental passes provide additional value new program initial passes <PASS> <PASS> <PASS>
R3_B_seed504,R3,0960,0928,9,8,15,0.0,0.0,,1.0,0.0,0.4666666666666667,0.0,0.26666666666666666,0.8666666666666667,0.0,0.0,0.0,0.0,0.0016313213703099511,0.0016313213703099511,,,no-result-number=15,initial passes <PASS> <PASS> <PASS> <PASS> track if incremental passes provide additional value new program initia
R3_B_seed504,R3,0992,0960,12,10,16,0.0,0.0,,1.0,0.0,0.1875,0.0,0.125,0.875,0.0,0.0,0.0,0.0,0.001610305958132045,0.001610305958132045,,,no-result-number=16,initial passes <PASS> <PASS> <PASS> <PASS> track incremental value new program initial expectation vs reality new
R3_B_seed504,R3,1024,0992,8,1,2,0.0,0.0,,1.0,0.0,0.5,0.0,0.5,0.5,0.0,0.0,0.0,0.0,0.001607717041800643,0.001607717041800643,657,0.0030441400304414,no-result-number=2,initial passes <PASS> <PASS> <PASS> <PASS> track incremental value new program initial expectati
R3_B_seed505,R3,0032,,128,37,20,0.0,0.05,1.0,0.95,0.0,0.05,0.0,0.1,0.1,0.05,0.05,0.0,0.0,0.05,0.05,,,no-content=12; no-result-number=7,initial passes to reduce memory usage improve register allocation and simplify the control flow
R3_B_seed505,R3,0064,0032,120,36,40,0.0,0.1,0.5714285714285714,0.825,0.025,0.175,0.0,0.15,0.175,0.1,0.1,0.0,0.0,0.08333333333333333,0.08333333333333333,,,no-result-number=29; prediction-only=3; result-numbers-unmatched=2; no-content=1; not-adjacent=1,initial passes <PASS> <PASS> <PASS> <PASS>
R3_B_seed505,R3,0096,0064,57,18,32,0.0,0.0625,0.8571428571428571,0.78125,0.0,0.21875,0.09375,0.0625,0.25,0.0625,0.0625,0.0,0.0,0.07608695652173914,0.07608695652173914,,,no-result-number=16; prediction-only=4; not-adjacent=3; no-content=3; practice-only=3,initial passes <PASS> <PASS> <PASS> <PASS> expecting a substantial reduction in instructions <NUM>-<NUM>
R3_B_seed505,R3,0128,0096,48,14,36,0.0,0.027777777777777776,0.5,0.7777777777777778,0.0,0.2777777777777778,0.027777777777777776,0.1111111111111111,0.3055555555555556,0.0,0.0,0.0,0.0,0.0546875,0.0546875,,,no-result-number=20; not-adjacent=6; prediction-only=3; no-content=2; no-pass-run-here=2,initial passes <PASS> <PASS> <PASS> <PASS> expect significant reduction based on past experience will note any unexpected outcomes
R3_B_seed505,R3,0160,0128,54,34,67,0.0,0.014925373134328358,0.6666666666666666,0.9552238805970149,0.0,0.5373134328358209,0.04477611940298507,0.29850746268656714,0.5671641791044776,0.014925373134328358,0.014925373134328358,0.0,0.0,0.041025641025641026,0.041025641025641026,,,no-result-number=55; prediction-only=4; practice-only=3; no-content=2; result-numbers-unmatched=1,initial passes <PASS> <PASS> <PASS> <PASS> expect significant reduction based on past experience will measure outcome to confirm
R3_B_seed505,R3,0192,0160,53,33,66,0.0,0.0,1.0,0.9848484848484849,0.0,0.48484848484848486,0.07575757575757576,0.24242424242424243,0.5606060606060606,0.0,0.0,0.0,0.0,0.03065134099616858,0.03065134099616858,,,no-result-number=58; practice-only=5; not-adjacent=1; no-pass-run-here=1; prediction-only=1,initial passes <PASS> <PASS> <PASS> <PASS> expect significant reduction based on past experience will measure outcome to confirm
R3_B_seed505,R3,0224,0192,71,38,75,0.0,0.0,,1.0,0.0,0.64,0.02666666666666667,0.26666666666666666,0.76,0.0,0.0,0.0,0.0,0.023809523809523808,0.023809523809523808,,,no-result-number=71; practice-only=2; no-content=1; prediction-only=1,initial passes <PASS> <PASS> <PASS> <PASS> expect significant reduction based on past experience will measure outcome to confirm
R3_B_seed505,R3,0256,0224,65,33,66,0.0,0.0,,1.0,0.0,0.6060606060606061,0.22727272727272727,0.18181818181818182,0.7878787878787878,0.0,0.0,0.0,0.0,0.01990049751243781,0.01990049751243781,,,no-result-number=49; practice-only=15; prediction-only=1; no-pass-run-here=1,initial pass <PASS> <PASS> <PASS> <PASS> <PASS> <PASS> expect significant reduction will measure outcome and adjust strategy based on results
R3_B_seed505,R3,0288,0256,46,31,62,0.0,0.0,,1.0,0.0,0.6774193548387096,0.0,0.1935483870967742,0.7903225806451613,0.0,0.0,0.0,0.0,0.017241379310344827,0.017241379310344827,,,no-result-number=62,initial passes <PASS> <PASS> <PASS> <PASS> expect significant reduction based on past experience will measure outcome to confirm
R3_B_seed505,R3,0320,0288,39,34,68,0.0,0.0,,1.0,0.0,0.7352941176470589,0.19117647058823528,0.17647058823529413,0.8382352941176471,0.0,0.0,0.0,0.0,0.015037593984962405,0.015037593984962405,,,no-result-number=55; practice-only=13,initial pass <PASS> <PASS> <PASS> <PASS> <PASS> <PASS> expect significant reduction will measure outcome and adjust strategy based on results
R3_B_seed505,R3,0352,0320,38,34,69,0.0,0.014492753623188406,0.5,0.9710144927536232,0.0,0.7246376811594203,0.11594202898550725,0.17391304347826086,0.8405797101449275,0.014492753623188406,0.014492753623188406,0.0,0.0,0.014975041597337771,0.014975041597337771,,,no-result-number=59; practice-only=8; result-numbers-unmatched=1,initial pass <PASS> <PASS> <PASS> <PASS> <PASS> <PASS> expect significant reduction based on past exp
R3_B_seed505,R3,0384,0352,28,27,54,0.0,0.0,,1.0,0.0,0.8148148148148148,0.2037037037037037,0.2037037037037037,0.9074074074074074,0.0,0.0,0.0,0.0,0.013740458015267175,0.013740458015267175,,,no-result-number=41; practice-only=11; no-content=2,initial pass <PASS> <PASS> <PASS> <PASS> <PASS> <PASS> expect significant reduction based on past exp
R3_B_seed505,R3,0416,0384,22,18,36,0.0,0.0,0.0,0.9722222222222222,0.0,0.6944444444444444,0.19444444444444445,0.3055555555555556,0.7777777777777778,0.0,0.0,0.0,0.0,0.013024602026049204,0.013024602026049204,,,no-result-number=27; practice-only=7; result-numbers-unmatched=1; no-content=1,initial pass <PASS> <PASS> <PASS> <PASS> <PASS> <PASS> expect significant reduction based on past exp
R3_B_seed505,R3,0448,0416,26,25,50,0.0,0.0,,1.0,0.0,0.84,0.22,0.32,0.94,0.0,0.0,0.0,0.0,0.012145748987854251,0.012145748987854251,,,no-result-number=39; practice-only=11,initial pass <PASS> <PASS> <PASS> <PASS> <PASS> <PASS> expect significant reduction based on past exp
R3_B_seed505,R3,0480,0448,29,26,52,0.0,0.0,,1.0,0.0,0.8076923076923077,0.2692307692307692,0.15384615384615385,0.8846153846153846,0.0,0.0,0.0,0.0,0.011349306431273645,0.011349306431273645,,,no-result-number=34; practice-only=14; no-content=4,initial pass <PASS> <PASS> <PASS> <PASS> <PASS> <PASS> expect significant reduction based on past experience will measure outcome and adjust strategy based on r
R3_B_seed505,R3,0512,0480,20,20,40,0.0,0.0,,1.0,0.0,0.7,0.25,0.15,0.85,0.0,0.0,0.0,0.0,0.010804321728691477,0.010804321728691477,,,no-result-number=29; practice-only=10; no-content=1,initial pass <PASS> <PASS> <PASS> <PASS> <PASS> <PASS> expect significant reduction based on past exp
R3_B_seed505,R3,0544,0512,20,19,38,0.0,0.0,0.0,0.9736842105263158,0.0,0.7631578947368421,0.3157894736842105,0.15789473684210525,0.9210526315789473,0.0,0.0,0.0,0.0,0.010332950631458095,0.010332950631458095,,,no-result-number=25; practice-only=12; result-numbers-unmatched=1,initial pass <PASS> <PASS> <PASS> <PASS> expect significant reduction based on past experience will measure outcome to confirm
R3_B_seed505,R3,0576,0544,10,9,18,0.0,0.0,,1.0,0.0,0.6666666666666666,0.1111111111111111,0.16666666666666666,0.8333333333333334,0.0,0.0,0.0,0.0,0.010123734533183352,0.010123734533183352,,,no-result-number=15; practice-only=2; prediction-only=1,initial pass <PASS> <PASS> <PASS> <PASS> <PASS> <PASS> expect significant reduction based on past exp
R3_B_seed505,R3,0608,0576,27,26,52,0.0,0.0,,1.0,0.0,0.9038461538461539,0.36538461538461536,0.34615384615384615,0.9423076923076923,0.0,0.0,0.0,0.0,0.009564293304994687,0.009564293304994687,,,no-result-number=33; practice-only=19,initial pass <PASS> <PASS> <PASS> <PASS> expect significant reduction based on past experience will measure outcome to confirm
R3_B_seed505,R3,0640,0608,14,14,28,0.0,0.0,,1.0,0.0,0.5714285714285714,0.10714285714285714,0.14285714285714285,0.7857142857142857,0.0,0.0,0.0,0.0,0.009287925696594427,0.009287925696594427,,,no-result-number=24; practice-only=3; prediction-only=1,initial pass <PASS> <PASS> <PASS> <PASS> <PASS> <PASS> expect significant reduction based on past experience will measure outcome to confirm
R3_B_seed505,R3,0672,0640,17,17,34,0.0,0.0,,1.0,0.0,0.8823529411764706,0.14705882352941177,0.38235294117647056,0.9705882352941176,0.0,0.0,0.0,0.0,0.00897308075772682,0.00897308075772682,,,no-result-number=29; practice-only=5,initial pass <PASS> <PASS> <PASS> <PASS> expect significant reduction based on past experience will measure outcome to confirm
R3_B_seed505,R3,0704,0672,19,19,38,0.0,0.0,,1.0,0.0,0.7105263157894737,0.34210526315789475,0.13157894736842105,0.8157894736842105,0.0,0.0,0.0,0.0,0.008645533141210375,0.008645533141210375,,,no-result-number=25; practice-only=13,initial pass <PASS> <PASS> <PASS> <PASS> expect significant reduction based on past experience will measure outcome and adjust strategy based on results
R3_B_seed505,R3,0736,0704,20,20,40,0.0,0.0,,1.0,0.0,0.825,0.175,0.175,0.925,0.0,0.0,0.0,0.0,0.008325624421831638,0.008325624421831638,,,no-result-number=32; practice-only=7; no-content=1,initial pass <PASS> <PASS> <PASS> <PASS> expect significant reduction based on past experience will measure outcome to confirm
R3_B_seed505,R3,0768,0736,25,24,48,0.0,0.0,,1.0,0.0,0.75,0.25,0.20833333333333334,0.8333333333333334,0.0,0.0,0.0,0.0,0.007971656333038087,0.007971656333038087,,,no-result-number=36; practice-only=12,initial pass <PASS> <PASS> <PASS> <PASS> expect significant reduction based on past experience will measure outcome to confirm
R3_B_seed505,R3,0800,0768,21,21,42,0.0,0.0,,1.0,0.0,0.7619047619047619,0.14285714285714285,0.19047619047619047,0.8095238095238095,0.0,0.0,0.0,0.0,0.007685738684884714,0.007685738684884714,,,no-result-number=36; practice-only=6,initial pass <PASS> <PASS> <PASS> <PASS> expect significant reduction based on past experience will measure outcome to confirm
R3_B_seed505,R3,0832,0800,20,19,38,0.0,0.0,,1.0,0.0,0.8157894736842105,0.02631578947368421,0.18421052631578946,0.8947368421052632,0.0,0.0,0.0,0.0,0.007444168734491315,0.007444168734491315,,,no-result-number=37; practice-only=1,initial pass <PASS> <PASS> <PASS> <PASS> <PASS> <PASS> expect significant reduction based on past experience will meas
R3_B_seed505,R3,0864,0832,26,25,50,0.0,0.0,,1.0,0.0,0.74,0.0,0.18,0.86,0.0,0.0,0.0,0.0,0.007148530579825258,0.007148530579825258,,,no-result-number=50,initial pass <PASS> <PASS> <PASS> <PASS> <PASS> <PASS> expect significant reduction based on past experience will measure outcome to confirm
R3_B_seed505,R3,0896,0864,21,19,38,0.0,0.0,,1.0,0.0,0.7894736842105263,0.02631578947368421,0.2631578947368421,0.868421052631579,0.0,0.0,0.0,0.0,0.006939090208172706,0.006939090208172706,,,no-result-number=37; practice-only=1,initial pass <PASS> <PASS> <PASS> <PASS> <PASS> <PASS> expect significant reduction based on past experience will meas
R3_B_seed505,R3,0928,0896,22,22,44,0.0,0.0,,1.0,0.0,0.7045454545454546,0.0,0.18181818181818182,0.7954545454545454,0.0,0.0,0.0,0.0,0.006711409395973154,0.006711409395973154,,,no-result-number=44,initial pass <PASS> <PASS> <PASS> <PASS> <PASS> <PASS> expect significant reduction based on past experience will meas
R3_B_seed505,R3,0960,0928,18,18,36,0.0,0.0,,1.0,0.0,0.8055555555555556,0.027777777777777776,0.25,0.8888888888888888,0.0,0.0,0.0,0.0,0.006535947712418301,0.006535947712418301,,,no-result-number=35; practice-only=1,initial pass <PASS> <PASS> <PASS> <PASS> <PASS> <PASS> expect significant reduction based on past experience will meas
R3_B_seed505,R3,0992,0960,18,17,34,0.0,0.0,,1.0,0.0,0.9117647058823529,0.0,0.35294117647058826,0.9411764705882353,0.0,0.0,0.0,0.0,0.0063784549964564135,0.0063784549964564135,,,no-result-number=34,initial pass <PASS> <PASS> <PASS> <PASS> <PASS> <PASS> expect significant reduction based on past experience will meas
R3_B_seed505,R3,1024,0992,17,17,34,0.0,0.0,,1.0,0.0,0.9117647058823529,0.0,0.35294117647058826,0.9705882352941176,0.0,0.0,0.0,0.0,0.006228373702422145,0.006228373702422145,764,0.011780104712041885,no-result-number=34,initial pass <PASS> <PASS> <PASS> <PASS> <PASS> <PASS> expect significant reduction based on past experience will measure outcome to confirm
R4_B_seed600,R4,0032,,113,36,19,0.0,0.10526315789473684,0.0,0.8421052631578947,0.0,0.0,0.0,0.05263157894736842,0.0,0.0,0.0,0.0,0.0,0.0,0.0,,,no-content=12; no-result-number=4; N-mismatch=2; no-pass-run-here=1,initial passes to reduce register pressure and improve scheduling let s see if these make a significant difference
R4_B_seed600,R4,0064,0032,112,36,37,0.0,0.0,,1.0,0.0,0.13513513513513514,0.0,0.10810810810810811,0.13513513513513514,0.0,0.0,0.0,0.0,0.0,0.0,,,no-result-number=19; no-content=17; prediction-only=1,initial passes <PASS> <PASS> <PASS> <PASS>
R4_B_seed600,R4,0096,0064,43,13,29,0.0,0.0,,1.0,0.0,0.5517241379310345,0.0,0.1724137931034483,0.5862068965517241,0.0,0.0,0.0,0.0,0.0,0.0,,,no-result-number=15; no-content=14,initial pass sequence based on previous success will compare outcome to prediction
R4_B_seed600,R4,0128,0096,37,12,32,0.0,0.0,,1.0,0.0,0.59375,0.0,0.1875,0.59375,0.0,0.0,0.0,0.0,0.0,0.0,,,no-content=13; no-result-number=13; prediction-only=4; no-pass-run-here=2,initial passes <PASS> <PASS> <PASS> <PASS>
R4_B_seed600,R4,0160,0128,33,30,83,0.0,0.0,0.0,0.9879518072289156,0.0,0.27710843373493976,0.0,0.12048192771084337,0.2891566265060241,0.0,0.0,0.0,0.0,0.0,0.0,,,no-result-number=38; no-content=25; prediction-only=16; no-pass-run-here=3; result-numbers-unmatched=1,initial passes <PASS> <PASS> <PASS> <PASS>
R4_B_seed600,R4,0192,0160,41,36,105,0.0,0.0,,1.0,0.0,0.29523809523809524,0.0,0.08571428571428572,0.3142857142857143,0.0,0.0,0.0,0.0,0.0,0.0,,,no-content=44; prediction-only=34; no-result-number=27,initial passes <PASS> <PASS> <PASS> <PASS>
R4_B_seed600,R4,0224,0192,32,31,66,0.0,0.0,,1.0,0.0,0.24242424242424243,0.0,0.06060606060606061,0.24242424242424243,0.0,0.0,0.0,0.0,0.0,0.0,,,no-result-number=24; prediction-only=22; no-content=19; no-pass-run-here=1,formula
R4_B_seed600,R4,0256,0224,32,32,69,0.0,0.0,,1.0,0.0,0.17391304347826086,0.0,0.057971014492753624,0.2318840579710145,0.0,0.0,0.0,0.0,0.0,0.0,,,prediction-only=32; no-content=24; no-result-number=13,initial passes <PASS> <PASS> <PASS> <PASS>
R4_B_seed600,R4,0288,0256,40,38,51,0.0,0.0,,1.0,0.0,0.37254901960784315,0.0,0.1568627450980392,0.39215686274509803,0.0,0.0,0.0,0.0,0.0,0.0,,,no-content=24; prediction-only=19; no-result-number=8,new program
R4_B_seed600,R4,0320,0288,38,37,23,0.0,0.0,,1.0,0.0,0.13043478260869565,0.0,0.08695652173913043,0.13043478260869565,0.0,0.0,0.0,0.0,0.0,0.0,,,no-content=9; no-result-number=7; prediction-only=7,initial passes <PASS> <PASS> <PASS> <PASS> predicted based on past performance will compare reality to expectation to learn
R4_B_seed600,R4,0352,0320,41,33,30,0.0,0.0,,1.0,0.0,0.6333333333333333,0.0,0.23333333333333334,0.6333333333333333,0.0,0.0,0.0,0.0,0.0,0.0,,,no-content=21; prediction-only=8; no-result-number=1,new program
R4_B_seed600,R4,0384,0352,39,37,22,0.0,0.0,,1.0,0.0,0.45454545454545453,0.0,0.13636363636363635,0.45454545454545453,0.0,0.0,0.0,0.0,0.0,0.0,,,no-content=11; prediction-only=11,initial thought based on past experience <PASS> <PASS> <PASS> <PASS> <NUM>-<NUM> reduction predict <NUM>-<NUM> based on past success
R4_B_seed600,R4,0416,0384,36,34,17,0.0,0.0,,1.0,0.0,0.7058823529411765,0.0,0.47058823529411764,0.7058823529411765,0.0,0.0,0.0,0.0,0.0,0.0,,,no-content=15; prediction-only=2,new program
R4_B_seed600,R4,0448,0416,37,34,21,0.0,0.0,,1.0,0.0,0.7619047619047619,0.047619047619047616,0.14285714285714285,0.7619047619047619,0.0,0.0,0.0,0.0,0.0,0.0,,,prediction-only=11; no-content=9; practice-only=1,new program
R4_B_seed600,R4,0480,0448,32,32,12,0.0,0.0,,1.0,0.0,0.4166666666666667,0.0,0.08333333333333333,0.5,0.0,0.0,0.0,0.0,0.0,0.0,,,no-content=6; prediction-only=6,p
R4_B_seed600,R4,0512,0480,37,31,5,0.0,0.0,,1.0,0.0,0.6,0.0,0.2,0.6,0.0,0.0,0.0,0.0,0.0,0.0,,,prediction-only=3; no-result-number=1; no-content=1,new <PASS> <PASS>
R4_B_seed600,R4,0544,0512,29,28,11,0.0,0.0,,1.0,0.0,0.6363636363636364,0.0,0.09090909090909091,0.6363636363636364,0.0,0.0,0.0,0.0,0.0,0.0,,,prediction-only=5; no-result-number=3; no-content=3,new <PASS> <PASS> <PASS> <PASS> <PASS> <PASS> <PASS> <PASS> incremental improv
R4_B_seed600,R4,0576,0544,29,24,10,0.0,0.0,,1.0,0.0,0.4,0.0,0.1,0.5,0.0,0.0,0.0,0.0,0.0,0.0,,,prediction-only=6; no-result-number=3; no-content=1,initial passes <PASS> <PASS> <PASS> <PASS> predicted <NUM>-<NUM> reduction based on past experience expecting a lower reduction due to di
R4_B_seed600,R4,0608,0576,24,23,5,0.0,0.0,,1.0,0.0,0.8,0.0,0.2,0.8,0.0,0.0,0.0,0.0,0.0,0.0,,,no-result-number=2; prediction-only=2; no-content=1,new <PASS> <PASS> <PASS> <PASS> <PASS>
R4_B_seed600,R4,0640,0608,22,20,6,0.0,0.0,,1.0,0.0,0.6666666666666666,0.0,0.16666666666666666,0.6666666666666666,0.0,0.0,0.0,0.0,0.0,0.0,,,no-result-number=2; no-content=2; prediction-only=2,new <PASS> <PASS> <PASS> <PASS> <PASS> <PASS> <PASS> <PASS> incremental improv
R4_B_seed600,R4,0672,0640,34,27,4,0.0,0.0,,1.0,0.0,0.5,0.0,0.25,0.5,0.0,0.0,0.0,0.0,0.0,0.0,,,prediction-only=4,new <PASS> <PASS> <PASS> <PASS> expect <NUM>-<NUM> reduction based on past experience new <PASS> <PASS> <PASS> <PASS> <PASS> <PASS> <PASS> <PASS> incre
R4_B_seed600,R4,0704,0672,34,32,7,0.0,0.0,,1.0,0.0,0.42857142857142855,0.0,0.2857142857142857,0.42857142857142855,0.0,0.0,0.0,0.0,0.0,0.0,,,prediction-only=5; no-result-number=1; no-content=1,new <PASS> <PASS> <PASS> <PASS> expect <NUM>-<NUM> reduction <PASS> <PASS> <PASS> <PASS> incremental but modest additional gains
R4_B_seed600,R4,0736,0704,33,33,6,0.0,0.0,,1.0,0.0,0.3333333333333333,0.0,0.3333333333333333,0.3333333333333333,0.0,0.0,0.0,0.0,0.0,0.0,,,prediction-only=5; no-result-number=1,new <PASS> <PASS> <PASS> <PASS> <NUM>-<NUM> reduction expect <NUM>-<NUM> based on past experience but form a new theory fewer loops might yield a smaller reduct
R4_B_seed600,R4,0768,0736,28,27,7,0.0,0.0,,1.0,0.0,0.5714285714285714,0.0,0.2857142857142857,0.5714285714285714,0.0,0.0,0.0,0.0,0.0,0.0,,,prediction-only=4; no-result-number=3,new <PASS> <PASS> <PASS> <PASS> expect <NUM>-<NUM> reduction <PASS> <PASS> <PASS> <PASS> incremental but modest additional gains
R4_B_seed600,R4,0800,0768,24,23,11,0.0,0.0,,1.0,0.0,0.2727272727272727,0.0,0.18181818181818182,0.2727272727272727,0.0,0.0,0.0,0.0,0.0,0.0,,,no-result-number=7; prediction-only=4,new <PASS> <PASS> <PASS> <PASS> <NUM>-<NUM> reduction <PASS> <PASS> <PASS> <PASS> incremental <NUM>-<NUM> reduction new <PASS> <PASS> <NUM>-<NUM> reduction
R4_B_seed600,R4,0832,0800,20,18,7,0.0,0.0,,1.0,0.0,0.14285714285714285,0.0,0.14285714285714285,0.42857142857142855,0.0,0.0,0.0,0.0,0.0,0.0,,,no-result-number=4; prediction-only=2; no-pass-run-here=1,new <PASS> <PASS> <PASS> <PASS> <NUM>-<NUM> reduction <PASS> <PASS> <PASS> <PASS> incremental <NUM>-<NUM> reduction new <PASS> <PASS> <PASS> <PASS> <NUM>-<NUM> 
R4_B_seed600,R4,0864,0832,20,20,9,0.0,0.0,,1.0,0.0,0.5555555555555556,0.0,0.2222222222222222,0.7777777777777778,0.0,0.0,0.0,0.0,0.0,0.0,,,no-result-number=8; prediction-only=1,new <PASS> <PASS> <PASS> <PASS> <NUM>-<NUM> reduction <PASS> <PASS> <PASS> <PASS> incremental <NUM>-<NUM> reduction
R4_B_seed600,R4,0896,0864,21,20,7,0.0,0.0,,1.0,0.0,0.7142857142857143,0.0,0.2857142857142857,0.8571428571428571,0.0,0.0,0.0,0.0,0.0,0.0,,,no-result-number=4; prediction-only=2; no-pass-run-here=1,new <PASS> <PASS> <PASS> <PASS> <NUM>-<NUM> reduction expect <NUM>-<NUM> based on past experience but form a new theory fewer loops might yield a smaller reduct
R4_B_seed600,R4,0928,0896,21,19,3,0.0,0.0,,1.0,0.0,0.0,0.0,0.3333333333333333,0.0,0.0,0.0,0.0,0.0,0.0,0.0,,,no-result-number=2; no-content=1,new <PASS> <PASS> <PASS> <PASS> <NUM>-<NUM> reduction <PASS> <PASS> <PASS> <PASS>
R4_B_seed600,R4,0960,0928,21,21,4,0.0,0.0,,1.0,0.0,0.75,0.0,0.5,0.75,0.0,0.0,0.0,0.0,0.0,0.0,,,no-result-number=3; prediction-only=1,new <PASS> <PASS> <PASS> <PASS> <NUM>-<NUM> reduction <PASS> <PASS> <PASS> <PASS> incremental <NUM>-<NUM> reduction <PASS> <PASS> <PASS> <PASS> more consistent 
R4_B_seed600,R4,0992,0960,23,21,5,0.0,0.0,,1.0,0.0,0.4,0.0,0.2,0.4,0.0,0.0,0.0,0.0,0.0,0.0,,,no-result-number=4; prediction-only=1,initial passes <PASS> <PASS> <PASS> <PASS> predicted <NUM>-<NUM> reduction based on past experience expecting a smaller reduction due to fewer loops
R4_B_seed600,R4,1024,0992,24,24,1,0.0,0.0,,1.0,0.0,0.0,0.0,1.0,0.0,0.0,0.0,0.0,0.0,0.0,0.0,882,0.0,no-result-number=1,new <PASS> <PASS> <PASS> <PASS> <NUM>-<NUM> reduction <PASS> <PASS> <PASS>
R4_B_seed601,R4,0032,,121,36,17,0.0,0.0,1.0,0.8235294117647058,0.0,0.0,0.0,0.058823529411764705,0.0,0.0,0.0,0.0,0.0,0.0,0.0,,,no-content=8; no-result-number=6; no-pass-run-here=2; not-adjacent=1,starting with high-level optimizations that often
R4_B_seed601,R4,0064,0032,122,37,44,0.0,0.022727272727272728,0.5,0.9090909090909091,0.022727272727272728,0.11363636363636363,0.1590909090909091,0.09090909090909091,0.11363636363636363,0.0,0.0,0.0,0.0,0.0,0.0,,,no-result-number=17; no-content=16; practice-only=7; not-adjacent=1; N-mismatch=1,initial passes <PASS> <PASS> <PASS> <PASS>
R4_B_seed601,R4,0096,0064,74,21,41,0.0,0.024390243902439025,0.75,0.8048780487804879,0.0,0.07317073170731707,0.34146341463414637,0.04878048780487805,0.07317073170731707,0.024390243902439025,0.024390243902439025,0.0,0.0,0.00980392156862745,0.00980392156862745,,,no-content=19; practice-only=14; no-pass-run-here=5; no-result-number=2,forming a hypothesis that these passes will provide a substantial reduction will verify this by applying them and observing the outcome
R4_B_seed601,R4,0128,0096,41,13,26,0.0,0.0,,1.0,0.0,0.2692307692307692,0.4230769230769231,0.07692307692307693,0.2692307692307692,0.0,0.0,0.0,0.0,0.0078125,0.0078125,,,no-content=11; practice-only=11; no-result-number=4,forming this expectation is new will evaluate its validity
R4_B_seed601,R4,0160,0128,69,44,84,0.0,0.0,,1.0,0.0,0.2857142857142857,0.35714285714285715,0.03571428571428571,0.2976190476190476,0.0,0.0,0.0,0.0,0.0047169811320754715,0.0047169811320754715,,,no-content=53; practice-only=30; no-result-number=1,forming expe
R4_B_seed601,R4,0192,0160,70,44,80,0.0,0.0,0.0,0.9875,0.0,0.3625,0.2375,0.1875,0.4,0.0,0.0,0.0,0.0,0.003424657534246575,0.003424657534246575,,,no-content=57; practice-only=19; no-result-number=2; result-numbers-unmatched=1; no-pass-run-here=1,forming and writing down expectations is crucial will continue to do this
R4_B_seed601,R4,0224,0192,64,45,81,0.0,0.0,,1.0,0.0,0.5679012345679012,0.19753086419753085,0.37037037037037035,0.5802469135802469,0.0,0.0,0.0,0.0,0.002680965147453083,0.002680965147453083,,,no-content=64; practice-only=16; no-result-number=1,forming and writing down expectations is crucial will continue to do this
R4_B_seed601,R4,0256,0224,56,41,63,0.0,0.0,,1.0,0.0,0.25396825396825395,0.1746031746031746,0.12698412698412698,0.30158730158730157,0.0,0.0,0.0,0.0,0.0022935779816513763,0.0022935779816513763,,,no-content=46; practice-only=11; no-result-number=6,forming and writing down expectations is crucial will continue to do this
R4_B_seed601,R4,0288,0256,51,39,53,0.0,0.0,,1.0,0.0,0.20754716981132076,0.22641509433962265,0.09433962264150944,0.22641509433962265,0.0,0.0,0.0,0.0,0.002044989775051125,0.002044989775051125,,,no-content=37; practice-only=12; no-result-number=3; no-pass-run-here=1,forming and writing down expectations is crucial will continue to do this
R4_B_seed601,R4,0320,0288,62,43,47,0.0,0.0,1.0,0.9787234042553191,0.0,0.10638297872340426,0.1276595744680851,0.06382978723404255,0.23404255319148937,0.0,0.0,0.0,0.0,0.0018656716417910447,0.0018656716417910447,,,no-content=28; no-result-number=13; practice-only=6,forming and writing down expectations is crucial i need to test and learn from new combinations
R4_B_seed601,R4,0352,0320,44,40,42,0.0,0.0,,1.0,0.0,0.047619047619047616,0.09523809523809523,0.047619047619047616,0.09523809523809523,0.0,0.0,0.0,0.0,0.0017301038062283738,0.0017301038062283738,,,no-content=30; no-result-number=8; practice-only=4,repeating the core sequence i
R4_B_seed601,R4,0384,0352,49,42,43,0.0,0.023255813953488372,0.0,0.9767441860465116,0.0,0.13953488372093023,0.023255813953488372,0.046511627906976744,0.27906976744186046,0.0,0.0,0.0,0.0,0.001610305958132045,0.001610305958132045,,,no-content=34; no-result-number=7; practice-only=1; N-mismatch=1,repeating the core sequence is yielding consistent results i
R4_B_seed601,R4,0416,0384,43,41,28,0.0,0.0,,1.0,0.0,0.07142857142857142,0.03571428571428571,0.07142857142857142,0.21428571428571427,0.0,0.0,0.0,0.0,0.0015408320493066256,0.0015408320493066256,,,no-content=22; no-result-number=5; practice-only=1,repeating the core sequence with additional passes is yielding co
R4_B_seed601,R4,0448,0416,43,42,32,0.0,0.0,0.0,0.875,0.0,0.1875,0.03125,0.0625,0.34375,0.0,0.0,0.0,0.0,0.0014684287812041115,0.0014684287812041115,,,no-content=22; no-result-number=4; result-numbers-unmatched=4; no-pass-run-here=1; practice-only=1,repeatedly a
R4_B_seed601,R4,0480,0448,32,32,19,0.0,0.0,,1.0,0.0,0.3684210526315789,0.05263157894736842,0.10526315789473684,0.47368421052631576,0.0,0.0,0.0,0.0,0.0014285714285714286,0.0014285714285714286,,,no-content=14; no-result-number=4; practice-only=1,forming and testing expectations is crucial i need to write down
R4_B_seed601,R4,0512,0480,47,44,27,0.0,0.0,,1.0,0.0,0.37037037037037035,0.0,0.07407407407407407,0.48148148148148145,0.0,0.0,0.0,0.0,0.001375515818431912,0.001375515818431912,,,no-content=18; no-result-number=9,repeatedly applying the core sequence <PASS> <PASS> <PASS> -si
R4_B_seed601,R4,0544,0512,38,38,29,0.0,0.0,,1.0,0.0,0.3103448275862069,0.0,0.06896551724137931,0.3793103448275862,0.0,0.0,0.0,0.0,0.0013227513227513227,0.0013227513227513227,,,no-content=21; no-result-number=8,repeatedly applying the
R4_B_seed601,R4,0576,0544,39,38,32,0.0,0.03125,0.0,0.9375,0.0,0.5,0.125,0.0625,0.59375,0.0,0.0,0.0,0.0,0.0012690355329949238,0.0012690355329949238,,,no-content=15; no-result-number=11; practice-only=4; result-numbers-unmatched=1; N-mismatch=1,repeatedly applying the core optimization sequence <PASS> <PASS>
R4_B_seed601,R4,0608,0576,33,33,28,0.0,0.03571428571428571,0.0,0.9285714285714286,0.0,0.39285714285714285,0.0,0.10714285714285714,0.5,0.0,0.0,0.0,0.0,0.0012254901960784314,0.0012254901960784314,,,no-content=20; no-result-number=6; N-mismatch=1; result-numbers-unmatched=1,repeatedly applying the
R4_B_seed601,R4,0640,0608,42,36,23,0.0,0.0,0.0,0.8695652173913043,0.0,0.4782608695652174,0.043478260869565216,0.08695652173913043,0.6086956521739131,0.0,0.0,0.0,0.0,0.0011918951132300357,0.0011918951132300357,,,no-content=12; no-result-number=7; result-numbers-unmatched=3; practice-only=1,r
R4_B_seed601,R4,0672,0640,22,22,24,0.0,0.0,0.0,0.9166666666666666,0.0,0.5416666666666666,0.0,0.08333333333333333,0.625,0.0,0.0,0.0,0.0,0.0011587485515643105,0.0011587485515643105,,,no-content=19; no-result-number=2; result-numbers-unmatched=2; no-pass-run-here=1,repeatedly
R4_B_seed601,R4,0704,0672,26,26,19,0.0,0.0,0.0,0.9473684210526316,0.0,0.3684210526315789,0.0,0.10526315789473684,0.47368421052631576,0.0,0.0,0.0,0.0,0.0011337868480725624,0.0011337868480725624,,,no-content=12; no-result-number=6; result-numbers-unmatched=1,forming and writing down expectations is crucial i need to test and learn from new combinations to see if they provid
R4_B_seed601,R4,0736,0704,10,9,7,0.0,0.0,0.0,0.7142857142857143,0.0,0.7142857142857143,0.0,0.2857142857142857,0.8571428571428571,0.0,0.0,0.0,0.0,0.0011248593925759281,0.0011248593925759281,,,no-content=3; no-result-number=2; result-numbers-unmatched=2,repeating the core sequence <PASS> <PASS> <PASS> <PASS>
R4_B_seed601,R4,0768,0736,30,28,6,0.0,0.0,0.0,0.8333333333333334,0.0,0.16666666666666666,0.0,0.16666666666666666,0.3333333333333333,0.0,0.0,0.0,0.0,0.0011173184357541898,0.0011173184357541898,,,no-content=5; result-numbers-unmatched=1,forming and writing down expectations is crucial i n key takeaways and action plan <NUM> forming and testing expectations i need to write down and test new expe
R4_B_seed601,R4,0800,0768,18,18,8,0.0,0.0,0.0,0.5,0.0,0.125,0.0,0.125,0.375,0.0,0.0,0.0,0.0,0.0011074197120708748,0.0011074197120708748,,,result-numbers-unmatched=4; no-content=3; no-result-number=1,forming and writing down expectations is crucial i need to test and learn from new combinations to see if they provide
R4_B_seed601,R4,0832,0800,31,30,12,0.0,0.0,,1.0,0.0,0.25,0.08333333333333333,0.08333333333333333,0.3333333333333333,0.0,0.0,0.0,0.0,0.001092896174863388,0.001092896174863388,,,no-content=9; no-result-number=2; practice-only=1,repeatedly applying the core optimization sequence <PASS> <PASS> <PASS> <PASS>
R4_B_seed601,R4,0864,0832,20,20,7,0.0,0.0,0.0,0.8571428571428572,0.0,0.0,0.0,0.14285714285714285,0.14285714285714285,0.0,0.0,0.0,0.0,0.0010845986984815619,0.0010845986984815619,,,no-content=3; no-result-number=3; no-pass-run-here=1,formed and wrote down expectations before acting will continue to do this and evaluate the necessity of additional pas action plan and expectations formation gi
R4_B_seed601,R4,0896,0864,16,16,9,0.0,0.0,,1.0,0.0,0.3333333333333333,0.0,0.2222222222222222,0.4444444444444444,0.0,0.0,0.0,0.0,0.0010741138560687433,0.0010741138560687433,,,no-content=8; no-result-number=1,forming and writing down expectations is crucial i need to test and learn from new combinations to see if they provide addi
R4_B_seed601,R4,0928,0896,15,14,12,0.0,0.0,0.0,0.8333333333333334,0.0,0.5,0.0,0.16666666666666666,0.6666666666666666,0.0,0.0,0.0,0.0,0.0010604453870625664,0.0010604453870625664,,,no-content=6; no-result-number=4; no-pass-run-here=2,forming and writing down expectations is crucial i need to test and learn from new combinations to see if they provide additional benefits especially in small
R4_B_seed601,R4,0960,0928,20,20,7,0.0,0.0,0.0,0.8571428571428572,0.0,0.14285714285714285,0.0,0.14285714285714285,0.2857142857142857,0.0,0.0,0.0,0.0,0.0010526315789473684,0.0010526315789473684,,,no-content=5; result-numbers-unmatched=1; no-result-number=1,repeatedly appl key takeaways and actions <NUM> forming and writing down expectations is crucial i need to do this more consistently and test them <NUM> repeate
R4_B_seed601,R4,0992,0960,18,17,4,0.0,0.0,0.0,0.75,0.0,0.5,0.0,0.25,0.5,0.0,0.0,0.0,0.0,0.0010482180293501049,0.0010482180293501049,,,no-content=2; result-numbers-unmatched=1; no-result-number=1,forming and writing down expectations is crucial i need to test
R4_B_seed601,R4,1024,0992,30,30,21,0.0,0.0,,1.0,0.0,0.23809523809523808,0.0,0.09523809523809523,0.38095238095238093,0.0,0.0,0.0,0.0,0.0010256410256410256,0.0010256410256410256,999,0.001001001001001001,no-content=15; no-result-number=6,repeatedly applying the core optimization sequence <PASS> <PASS> <PASS>
R4_B_seed602,R4,0032,,131,40,26,0.0,0.038461538461538464,0.6666666666666666,0.8846153846153846,0.0,0.038461538461538464,0.038461538461538464,0.07692307692307693,0.038461538461538464,0.038461538461538464,0.038461538461538464,0.0,0.0,0.038461538461538464,0.038461538461538464,,,no-content=12; no-result-number=10; no-pass-run-here=2; practice-only=1,<PASS> is an invalid pass stick to valid passes like <PASS> <PASS> <PASS> and <PASS> now
R4_B_seed602,R4,0064,0032,99,32,34,0.0,0.0,,1.0,0.0,0.0,0.058823529411764705,0.029411764705882353,0.029411764705882353,0.0,0.0,0.0,0.0,0.016666666666666666,0.016666666666666666,,,no-content=19; no-result-number=13; practice-only=2,initial passes applied will observe the outcome and prepare for the next steps based on the reduction seen
R4_B_seed602,R4,0096,0064,45,14,27,0.0,0.0,,1.0,0.0,0.2222222222222222,0.0,0.07407407407407407,0.25925925925925924,0.0,0.0,0.0,0.0,0.011494252873563218,0.011494252873563218,,,no-content=18; no-result-number=9,initial pass combination for will observe the outcome and note any surprises
R4_B_seed602,R4,0128,0096,15,4,8,0.0,0.125,0.0,0.875,0.0,0.375,0.0,0.25,0.375,0.0,0.0,0.0,0.0,0.010526315789473684,0.010526315789473684,,,no-content=7; N-mismatch=1,initial expectation is a <NUM> reduction will form a theory that these passes are the most effective across a variety of programs
R4_B_seed602,R4,0160,0128,38,31,69,0.0,0.0,,1.0,0.0,0.18840579710144928,0.057971014492753624,0.043478260869565216,0.2318840579710145,0.0,0.0,0.0,0.0,0.006097560975609756,0.006097560975609756,,,no-content=33; no-result-number=21; prediction-only=11; practice-only=4,initial expectation is a <NUM>-<NUM> reduction in instruction count will compare this to reality
R4_B_seed602,R4,0192,0160,34,31,68,0.0,0.0,,1.0,0.0,0.058823529411764705,0.0,0.029411764705882353,0.07352941176470588,0.0,0.0,0.0,0.0,0.004310344827586207,0.004310344827586207,,,no-content=44; prediction-only=15; no-result-number=9,initial expectation is a <NUM>-<NUM> reduction in instruction count will compare this to reality
R4_B_seed602,R4,0224,0192,64,36,78,0.0,0.0,,1.0,0.0,0.10256410256410256,0.05128205128205128,0.05128205128205128,0.14102564102564102,0.0,0.0,0.0,0.0,0.0032258064516129032,0.0032258064516129032,,,prediction-only=38; no-content=24; no-result-number=12; practice-only=4,initial expectation is <NUM>-<NUM> reduction with <PASS> <PASS> <PASS> <PASS> <PASS> <PASS> will apply these and observe outcome
R4_B_seed602,R4,0256,0224,55,39,83,0.0,0.0,0.0,0.9879518072289156,0.0,0.18072289156626506,0.024096385542168676,0.13253012048192772,0.20481927710843373,0.0,0.0,0.0,0.0,0.002544529262086514,0.002544529262086514,,,prediction-only=48; no-content=23; no-result-number=9; practice-only=2; result-numbers-unmatched=1,initial expectation is <NUM>-<NUM> reduction with <PASS> <PASS> <PASS> <PASS> will compare this to reality
R4_B_seed602,R4,0288,0256,42,39,88,0.0,0.0,0.0,0.9886363636363636,0.0,0.18181818181818182,0.045454545454545456,0.056818181818181816,0.22727272727272727,0.0,0.0,0.0,0.0,0.002079002079002079,0.002079002079002079,,,prediction-only=64; no-content=12; no-result-number=6; practice-only=4; result-numbers-unmatched=1,initial expectation is for <PASS> <PASS> <PASS> <PASS> to yield a <NUM>-<NUM> reduction will compare this to reality to assess accuracy
R4_B_seed602,R4,0320,0288,51,36,74,0.0,0.0,,1.0,0.0,0.12162162162162163,0.04054054054054054,0.05405405405405406,0.16216216216216217,0.0,0.0,0.0,0.0,0.0018018018018018018,0.0018018018018018018,,,prediction-only=64; no-result-number=5; practice-only=3; no-content=2,initial expectation is <NUM>-<NUM> reduction with <PASS> <PASS> <PASS> <PASS> will compare this to reality
R4_B_seed602,R4,0352,0320,46,38,86,0.0,0.0,0.0,0.9883720930232558,0.0,0.23255813953488372,0.023255813953488372,0.18604651162790697,0.3372093023255814,0.0,0.0,0.0,0.0,0.0015600624024961,0.0015600624024961,,,prediction-only=76; no-result-number=5; practice-only=2; result-numbers-unmatched=1; no-pass-run-here=1,initial expectation is for <PASS> <PASS> <PASS> <PASS> to yield a <NUM>-<NUM> reduction will compare this to reality to form a theory on why it works so well
R4_B_seed602,R4,0384,0352,64,38,74,0.0,0.0,,1.0,0.0,0.04054054054054054,0.04054054054054054,0.02702702702702703,0.12162162162162163,0.0,0.0,0.0,0.0,0.0013986013986013986,0.0013986013986013986,,,prediction-only=68; practice-only=3; no-result-number=2; no-content=1,initial expectation is for <PASS> <PASS> <PASS> <PASS> to yield a <NUM>-<NUM> reduction will compare this to reality to see if past patterns hold
R4_B_seed602,R4,0416,0384,55,38,72,0.0,0.0,,1.0,0.0,0.20833333333333334,0.013888888888888888,0.125,0.3194444444444444,0.0,0.0,0.0,0.0,0.0012706480304955528,0.0012706480304955528,,,prediction-only=70; no-result-number=1; practice-only=1,initial expectation is for <PASS> <PASS> <PASS> <PASS> to yield a <NUM>-<NUM> reduction will compare this to reality to form a theory on why it works so well
R4_B_seed602,R4,0448,0416,46,35,69,0.0,0.0,0.0,0.9855072463768116,0.0,0.08695652173913043,0.08695652173913043,0.028985507246376812,0.17391304347826086,0.0,0.0,0.0,0.0,0.0011682242990654205,0.0011682242990654205,,,prediction-only=62; practice-only=6; result-numbers-unmatched=1,initial expectation is for <PASS> <PASS> <PASS> <PASS> to yield a <NUM>-<NUM> reduction will compare this to reality and note any surprises open surprise <PASS>
R4_B_seed602,R4,0480,0448,49,36,70,0.0,0.014285714285714285,1.0,0.9857142857142858,0.0,0.05714285714285714,0.15714285714285714,0.02857142857142857,0.11428571428571428,0.014285714285714285,0.014285714285714285,0.0,0.0,0.0021598272138228943,0.0021598272138228943,,,prediction-only=54; practice-only=11; no-content=3; no-result-number=1,initial expectation is for <PASS> <PASS> <PASS> <PASS> <PASS> <PASS> to yield a <NUM>-<NUM> reduction will observe if <PASS> <PASS> provide additional <NUM>-<NU
R4_B_seed602,R4,0512,0480,52,38,74,0.0,0.0,0.0,0.9864864864864865,0.013513513513513514,0.0945945945945946,0.10810810810810811,0.04054054054054054,0.21621621621621623,0.0,0.0,0.0,0.0,0.002,0.002,,,prediction-only=62; practice-only=8; no-result-number=3; result-numbers-unmatched=1,initial expectation is for <PASS> <PASS> <PASS> <PASS> <PASS> <PASS> to yield <NUM>-<NUM> reduction will observe if <PASS> <PASS> provide additional <NUM>-<NUM>
R4_B_seed602,R4,0544,0512,25,25,48,0.0,0.0,,1.0,0.0,0.20833333333333334,0.4375,0.10416666666666667,0.2916666666666667,0.0,0.0,0.0,0.0,0.0019083969465648854,0.0019083969465648854,,,prediction-only=27; practice-only=21,initial expectation is for <PASS> <PASS> <PASS> <PASS> <PASS> <PASS> to yield <NUM>-<NUM> reduction will note any surprises and form theories on why they occur 
R4_B_seed602,R4,0576,0544,26,24,48,0.0,0.0,,1.0,0.0,0.1875,0.16666666666666666,0.08333333333333333,0.5,0.0,0.0,0.0,0.0,0.0018248175182481751,0.0018248175182481751,,,prediction-only=38; practice-only=8; no-result-number=2,initial expectation is for <PASS> <PASS> <PASS> <PASS> <PASS> <PASS> to yield <NUM>-<NUM> reduction will note any surprises and form theories on why they occur 
R4_B_seed602,R4,0608,0576,21,21,42,0.0,0.0,,1.0,0.0,0.2619047619047619,0.35714285714285715,0.09523809523809523,0.35714285714285715,0.0,0.0,0.0,0.0,0.0017574692442882249,0.0017574692442882249,,,prediction-only=27; practice-only=15,initial expectation is for <PASS> <PASS> <PASS> <PASS> <PASS> <PASS> to yield <NUM>-<NUM> reduction will note any surprises and form theories on why they occur 
R4_B_seed602,R4,0640,0608,17,14,27,0.0,0.0,,1.0,0.0,0.2222222222222222,0.2962962962962963,0.14814814814814814,0.48148148148148145,0.0,0.0,0.0,0.0,0.0017167381974248926,0.0017167381974248926,,,prediction-only=18; practice-only=8; no-result-number=1,initial expectation is for <PASS> <PASS> <PASS> <PASS> <PASS> <PASS> to yield <NUM>-<NUM> reduction will note any surprises and form a theory on why they occur 
R4_B_seed602,R4,0672,0640,14,13,25,0.0,0.0,,1.0,0.0,0.16,0.44,0.08,0.48,0.0,0.0,0.0,0.0,0.0016806722689075631,0.0016806722689075631,,,prediction-only=14; practice-only=11,initial expectation is for <PASS> <PASS> <PASS> <PASS> <PASS> <PASS> <NUM>-<NUM> reduction will note any surprises and form theories on why they occur formed ex
R4_B_seed602,R4,0704,0672,12,11,19,0.0,0.0,0.0,0.9473684210526316,0.0,0.15789473684210525,0.10526315789473684,0.10526315789473684,0.3684210526315789,0.0,0.0,0.0,0.0,0.0016542597187758478,0.0016542597187758478,,,prediction-only=15; practice-only=2; result-numbers-unmatched=1; no-result-number=1,initial expectation is for <PASS> <PASS> <PASS> <PASS> to yield <NUM>-<NUM> reduction will note any surprises and form a theory on why they occur <PASS> <PASS> 
R4_B_seed602,R4,0736,0704,10,10,19,0.0,0.0,,1.0,0.0,0.2631578947368421,0.42105263157894735,0.10526315789473684,0.5263157894736842,0.0,0.0,0.0,0.0,0.0016286644951140066,0.0016286644951140066,,,prediction-only=11; practice-only=8,initial expectation is for <PASS> <PASS> <PASS> <PASS> <PASS> <PASS> to yield <NUM>-<NUM> reduction will note any surprises and form a theory on why they occur 
R4_B_seed602,R4,0768,0736,8,8,13,0.0,0.0,,1.0,0.0,0.3076923076923077,0.46153846153846156,0.15384615384615385,0.46153846153846156,0.0,0.0,0.0,0.0,0.0016116035455278,0.0016116035455278,,,prediction-only=7; practice-only=6,initial expectation is for <PASS> <PASS> <PASS> <PASS> <PASS> <PASS> <NUM>-<NUM> reduction will note any surprises and learn from them formed expectation <PASS>
R4_B_seed602,R4,0800,0768,5,5,7,0.0,0.0,,1.0,0.0,0.14285714285714285,0.5714285714285714,0.14285714285714285,0.5714285714285714,0.0,0.0,0.0,0.0,0.0016025641025641025,0.0016025641025641025,,,practice-only=4; prediction-only=3,initial expectation <PASS> <PASS> <PASS> <PASS> will yield <NUM>-<NUM> reduction will note any surprises to learn from them <PASS> <PASS> alone showed minimal b
R4_B_seed602,R4,0832,0800,12,12,23,0.0,0.0,,1.0,0.0,0.13043478260869565,0.6956521739130435,0.08695652173913043,0.30434782608695654,0.0,0.0,0.0,0.0,0.0015735641227380016,0.0015735641227380016,,,practice-only=16; prediction-only=7,initial expectation is for <PASS> <PASS> <PASS> <PASS> <PASS> <PASS> <NUM>-<NUM> reduction will note any surprises and learn from them formed expectation <PASS>
R4_B_seed602,R4,0864,0832,17,16,24,0.0,0.0,,1.0,0.0,0.20833333333333334,0.7916666666666666,0.125,0.5416666666666666,0.0,0.0,0.0,0.0,0.0015444015444015444,0.0015444015444015444,,,practice-only=19; prediction-only=4; no-result-number=1,initial expectation <PASS> <PASS> <PASS> <PASS> <PASS> <PASS> <NUM>-<NUM> reduction will note any surprises and learn from them formed expectation <PASS> <PASS>
R4_B_seed602,R4,0896,0864,11,11,18,0.0,0.0,0.0,0.9444444444444444,0.0,0.3333333333333333,0.9444444444444444,0.16666666666666666,0.6111111111111112,0.0,0.0,0.0,0.0,0.0015232292460015233,0.0015232292460015233,,,practice-only=17; prediction-only=1,initial expectation <PASS> <PASS> <PASS> <PASS> <PASS> <PASS> will yield <NUM>-<NUM> reduction will note any surprises to learn from them formed expectation <PA
R4_B_seed602,R4,0928,0896,10,10,18,0.0,0.0,,1.0,0.0,0.05555555555555555,0.9444444444444444,0.1111111111111111,0.3888888888888889,0.0,0.0,0.0,0.0,0.0015026296018031556,0.0015026296018031556,,,practice-only=17; prediction-only=1,initial expectation is for <PASS> <PASS> <PASS> <PASS> to yield <NUM>-<NUM> reduction will note any surprises to learn from them formed expectation <PASS> <PASS
R4_B_seed602,R4,0960,0928,11,11,22,0.0,0.0,,1.0,0.0,0.0,0.8181818181818182,0.045454545454545456,0.4090909090909091,0.0,0.0,0.0,0.0,0.0014781966001478197,0.0014781966001478197,,,practice-only=18; prediction-only=3; no-content=1,initial expectation is for <PASS> <PASS> <PASS> <PASS> <PASS> <PASS> to yield <NUM>-<NUM> reduction will note any surprises to learn from them formed expectatio
R4_B_seed602,R4,0992,0960,13,13,24,0.0,0.0,,1.0,0.0,0.2916666666666667,0.8333333333333334,0.20833333333333334,0.5833333333333334,0.0,0.0,0.0,0.0,0.0014524328249818446,0.0014524328249818446,,,practice-only=20; no-result-number=3; prediction-only=1,initial expectation is for <PASS> <PASS> <PASS> <PASS> <PASS> <PASS> to yield <NUM>-<NUM> reduction will note any surprises to avoid getting stuck in a rut form
R4_B_seed602,R4,1024,0992,10,10,18,0.0,0.0,,1.0,0.0,0.3333333333333333,0.8333333333333334,0.16666666666666666,0.7777777777777778,0.0,0.0,0.0,0.0,0.0014336917562724014,0.0014336917562724014,739,0.0027063599458728013,practice-only=15; no-result-number=2; prediction-only=1,initial expectation is for <PASS> <PASS> <PASS> <PASS> <PASS> <PASS> to yield <NUM>-<NUM> reduction will note any surprises to avoid getting stuck in a rut form
R4_B_seed603,R4,0032,,128,40,39,0.0,0.02564102564102564,0.16666666666666666,0.6923076923076923,0.0,0.15384615384615385,0.02564102564102564,0.05128205128205128,0.15384615384615385,0.02564102564102564,0.02564102564102564,0.0,0.0,0.02564102564102564,0.02564102564102564,,,no-content=21; no-pass-run-here=11; no-result-number=5; practice-only=1,reverting to known effective passes memory to register pass is often beneficial for reducing instruction counts outcome instructions <NUM> <NUM> <NUM> <NUM> red
R4_B_seed603,R4,0064,0032,110,35,61,0.0,0.0,0.1,0.8360655737704918,0.0,0.16393442622950818,0.0,0.09836065573770492,0.16393442622950818,0.0,0.0,0.0,0.0,0.01,0.01,,,no-result-number=34; no-content=17; no-pass-run-here=6; not-adjacent=3; result-numbers-unmatched=1,initial passes <PASS> <PASS> <PASS> <PASS>
R4_B_seed603,R4,0096,0064,56,15,24,0.0,0.0,0.0,0.9583333333333334,0.0,0.4166666666666667,0.08333333333333333,0.16666666666666666,0.5,0.0,0.0,0.0,0.0,0.008064516129032258,0.008064516129032258,,,prediction-only=13; no-result-number=8; practice-only=2; result-numbers-unmatched=1,testing <PASS> <PASS> <PASS> <PASS> expect <NUM>-<NUM> reduction in instruction count based on past experience
R4_B_seed603,R4,0128,0096,38,10,19,0.0,0.05263157894736842,0.5,0.8947368421052632,0.0,0.10526315789473684,0.3157894736842105,0.10526315789473684,0.15789473684210525,0.05263157894736842,0.05263157894736842,0.0,0.0,0.013986013986013986,0.013986013986013986,,,prediction-only=7; practice-only=6; no-result-number=3; result-numbers-unmatched=1; no-content=1,initial expectation is a <NUM> reduction will measure outcome and adjust strategy accordingly
R4_B_seed603,R4,0160,0128,38,28,53,0.0,0.0,0.0,0.9245283018867925,0.0,0.18867924528301888,0.3584905660377358,0.07547169811320754,0.20754716981132076,0.0,0.0,0.0,0.0,0.01020408163265306,0.01020408163265306,,,prediction-only=25; practice-only=19; no-result-number=5; no-pass-run-here=4,initial passes <PASS> <PASS> <PASS> <PASS> expect <NUM> <NUM> reduction will monitor actual outcome and adjust strategy accordingly
R4_B_seed603,R4,0192,0160,48,40,84,0.0,0.023809523809523808,0.2857142857142857,0.9166666666666666,0.0,0.13095238095238096,0.2619047619047619,0.047619047619047616,0.14285714285714285,0.023809523809523808,0.023809523809523808,0.0,0.0,0.014285714285714285,0.014285714285714285,,,prediction-only=37; practice-only=22; no-result-number=13; no-content=7; result-numbers-unmatched=3,initial passes <PASS> <PASS> <PASS> <PASS> expect <NUM> <NUM> reduction
R4_B_seed603,R4,0224,0192,43,34,63,0.0,0.0,0.0,0.9523809523809523,0.0,0.09523809523809523,0.3333333333333333,0.09523809523809523,0.15873015873015872,0.0,0.0,0.0,0.0,0.011661807580174927,0.011661807580174927,,,prediction-only=34; practice-only=21; result-numbers-unmatched=3; no-result-number=3; no-content=2,initial passes <PASS> <PASS> <PASS> <PASS> expect <NUM> <NUM> reduction will measure outcome and adjust strategy accordingly
R4_B_seed603,R4,0256,0224,44,37,64,0.0,0.0,0.0,0.984375,0.0,0.234375,0.125,0.09375,0.265625,0.0,0.0,0.0,0.0,0.009828009828009828,0.009828009828009828,,,prediction-only=51; practice-only=8; no-result-number=4; result-numbers-unmatched=1,initial passes <PASS> <PASS> <PASS> <PASS> expect <NUM> <NUM> reduction based on past success will test this combination again and note any new observations
R4_B_seed603,R4,0288,0256,41,35,68,0.0,0.029411764705882353,0.2222222222222222,0.8676470588235294,0.0,0.10294117647058823,0.08823529411764706,0.04411764705882353,0.20588235294117646,0.029411764705882353,0.029411764705882353,0.0,0.0,0.01263157894736842,0.01263157894736842,,,prediction-only=50; practice-only=6; result-numbers-unmatched=6; no-result-number=4,initial passes <PASS> <PASS> <PASS> <PASS> expect <NUM> <NUM> reduction based on past success will test and note any surprises will form a new hypothesis based 
R4_B_seed603,R4,0320,0288,39,36,63,0.0,0.015873015873015872,0.0,0.9841269841269842,0.0,0.2698412698412698,0.031746031746031744,0.07936507936507936,0.3968253968253968,0.0,0.0,0.0,0.0,0.011152416356877323,0.011152416356877323,,,prediction-only=56; practice-only=2; no-content=2; no-result-number=2; N-mismatch=1,initial passes <PASS> <PASS> <PASS> <PASS> expect <NUM> <NUM> reduction based on past success will test this combination again and note any new observations
R4_B_seed603,R4,0352,0320,29,28,46,0.0,0.0,0.0,0.9565217391304348,0.0,0.2391304347826087,0.021739130434782608,0.06521739130434782,0.391304347826087,0.0,0.0,0.0,0.0,0.010273972602739725,0.010273972602739725,,,prediction-only=40; result-numbers-unmatched=2; no-result-number=2; practice-only=1; no-pass-run-here=1,initial passes <PASS> <PASS> <PASS> <PASS> expect <NUM> <NUM> reduction based on past success will observe reality and form a new theory
R4_B_seed603,R4,0384,0352,30,29,48,0.0,0.020833333333333332,0.5,0.9583333333333334,0.0,0.14583333333333334,0.0,0.0625,0.22916666666666666,0.020833333333333332,0.020833333333333332,0.0,0.0,0.011075949367088608,0.011075949367088608,,,prediction-only=35; no-result-number=8; no-content=3; result-numbers-unmatched=1,initial passes <PASS> <PASS> <PASS> <PASS> expect <NUM> <NUM> reduction based on past success will observe reality and form a new theory based on the current pr
R4_B_seed603,R4,0416,0384,33,32,40,0.0,0.0,0.0,0.975,0.0,0.225,0.0,0.075,0.3,0.0,0.0,0.0,0.0,0.010416666666666666,0.010416666666666666,,,prediction-only=33; no-content=3; no-result-number=3; result-numbers-unmatched=1,initial passes <PASS> <PASS> <PASS> <PASS> expect <NUM> <NUM> reduction based on past success will observe reality and form a new theory
R4_B_seed603,R4,0448,0416,37,35,36,0.0,0.027777777777777776,1.0,0.9722222222222222,0.0,0.05555555555555555,0.027777777777777776,0.05555555555555555,0.1388888888888889,0.027777777777777776,0.027777777777777776,0.0,0.0,0.011299435028248588,0.011299435028248588,,,prediction-only=27; no-result-number=6; no-content=1; practice-only=1,initial passes <PASS> <PASS> <PASS> <PASS> expect <NUM> <NUM> reduction reality will show learn adapt
R4_B_seed603,R4,0480,0448,35,35,35,0.0,0.0,0.3333333333333333,0.9142857142857143,0.0,0.05714285714285714,0.05714285714285714,0.05714285714285714,0.08571428571428572,0.0,0.0,0.0,0.0,0.010767160161507403,0.010767160161507403,,,prediction-only=24; no-result-number=7; practice-only=2; result-numbers-unmatched=1; no-content=1,initial passes <PASS> <PASS> <PASS> <PASS>
R4_B_seed603,R4,0512,0480,40,40,33,0.0,0.0,,1.0,0.0,0.18181818181818182,0.09090909090909091,0.09090909090909091,0.24242424242424243,0.0,0.0,0.0,0.0,0.010309278350515464,0.010309278350515464,,,prediction-only=18; no-result-number=9; practice-only=3; no-content=2; no-pass-run-here=1,initial passes <PASS> <PASS> <PASS> <PASS> expect <NUM> <NUM> reduction reality will tell write down reality learn adapt note form new theory test observe learn
R4_B_seed603,R4,0544,0512,35,35,45,0.0,0.022222222222222223,1.0,0.9777777777777777,0.0,0.044444444444444446,0.022222222222222223,0.044444444444444446,0.1111111111111111,0.022222222222222223,0.022222222222222223,0.0,0.0,0.010962241169305725,0.010962241169305725,,,no-result-number=24; prediction-only=19; practice-only=1,initial passes <PASS> <PASS> <PASS> <PASS>
R4_B_seed603,R4,0576,0544,33,33,47,0.0,0.0,,1.0,0.0,0.0425531914893617,0.0851063829787234,0.06382978723404255,0.14893617021276595,0.0,0.0,0.0,0.0,0.010368663594470046,0.010368663594470046,,,no-result-number=27; prediction-only=15; practice-only=4; no-pass-run-here=1,initial passes <PASS> <PASS> <PASS> <PASS> reality will tell write down outcome form new hypothesis test learn adapt note predict reality feedback form theory t
R4_B_seed603,R4,0608,0576,30,29,41,0.0,0.0,0.0,0.975609756097561,0.0,0.04878048780487805,0.0975609756097561,0.04878048780487805,0.12195121951219512,0.0,0.0,0.0,0.0,0.009900990099009901,0.009900990099009901,,,no-result-number=30; prediction-only=6; practice-only=4; result-numbers-unmatched=1,initial passes <PASS> <PASS> <PASS> <PASS> reality will tell write down outcome form new theory test learn adapt note recall predict reality feedback form theor
R4_B_seed603,R4,0640,0608,34,33,53,0.0,0.03773584905660377,1.0,0.9622641509433962,0.0,0.05660377358490566,0.03773584905660377,0.03773584905660377,0.18867924528301888,0.03773584905660377,0.03773584905660377,0.0,0.0,0.011434511434511435,0.011434511434511435,,,no-result-number=38; prediction-only=11; practice-only=2,initial passes <PASS> <PASS> <PASS> <PASS> reality will tell write down outcome form new theory test learn adapt note recall predict reality feedback score opti
R4_B_seed603,R4,0672,0640,32,30,40,0.0,0.025,0.0,0.975,0.0,0.0,0.125,0.025,0.025,0.0,0.0,0.0,0.0,0.010978043912175649,0.010978043912175649,,,no-result-number=32; practice-only=5; prediction-only=2; N-mismatch=1,initial passes <PASS> <PASS> <PASS> <PASS> reality learn adapt note test observe form theory reality feedback learn adapt note score reality feedback form the
R4_B_seed603,R4,0704,0672,26,26,24,0.0,0.0,0.0,0.9166666666666666,0.0,0.041666666666666664,0.5416666666666666,0.08333333333333333,0.08333333333333333,0.0,0.0,0.0,0.0,0.010721247563352826,0.010721247563352826,,,practice-only=13; no-result-number=9; result-numbers-unmatched=2,form an expectation before acting write down what i learn
R4_B_seed603,R4,0736,0704,25,25,31,0.0,0.0,0.0,0.935483870967742,0.0,0.3870967741935484,0.12903225806451613,0.06451612903225806,0.4838709677419355,0.0,0.0,0.0,0.0,0.010406811731315043,0.010406811731315043,,,no-result-number=23; practice-only=4; prediction-only=4,initial passes <PASS> <PASS> <PASS> <PASS> reality learn adapt note score form theory test observe learn adapt reality feedback note form theory test observe le
R4_B_seed603,R4,0768,0736,30,28,34,0.0,0.0,0.0,0.9705882352941176,0.0,0.29411764705882354,0.08823529411764706,0.08823529411764706,0.47058823529411764,0.0,0.0,0.0,0.0,0.01008249312557287,0.01008249312557287,,,no-result-number=24; prediction-only=4; practice-only=3; no-content=2; result-numbers-unmatched=1,form an expectation before acting write down what i learn
R4_B_seed603,R4,0800,0768,19,19,19,0.0,0.0,,1.0,0.0,0.2631578947368421,0.3157894736842105,0.05263157894736842,0.3157894736842105,0.0,0.0,0.0,0.0,0.00990990990990991,0.00990990990990991,,,no-result-number=11; practice-only=6; prediction-only=2,initial passes <PASS> <PASS> <PASS> <PASS> reality learn adapt write test observe note score reality form theory reality learn adapt note write test obs
R4_B_seed603,R4,0832,0800,17,16,23,0.0,0.0,,1.0,0.0,0.2608695652173913,0.0,0.08695652173913043,0.34782608695652173,0.0,0.0,0.0,0.0,0.009708737864077669,0.009708737864077669,,,no-result-number=20; prediction-only=3,initial passes <PASS> <PASS> <PASS> <PASS> reality learn adapt write down test observe form theory reality feedback note score learn adapt test observe form the
R4_B_seed603,R4,0864,0832,18,18,24,0.0,0.0,0.0,0.9583333333333334,0.0,0.2916666666666667,0.20833333333333334,0.08333333333333333,0.5,0.0,0.0,0.0,0.0,0.00950734658599827,0.00950734658599827,,,no-result-number=16; practice-only=5; prediction-only=3,form an expectation before acting write down what i learn
R4_B_seed603,R4,0896,0864,15,14,18,0.0,0.0,,1.0,0.0,0.3333333333333333,0.2777777777777778,0.16666666666666666,0.4444444444444444,0.0,0.0,0.0,0.0,0.009361702127659575,0.009361702127659575,,,no-result-number=10; practice-only=5; prediction-only=3,form an expectation before acting write down what i learn
R4_B_seed603,R4,0928,0896,25,23,27,0.0,0.0,1.0,0.962962962962963,0.0,0.37037037037037035,0.14814814814814814,0.07407407407407407,0.5185185185185185,0.0,0.0,0.0,0.0,0.009151414309484194,0.009151414309484194,,,no-result-number=21; practice-only=4; prediction-only=2,initial passes <PASS> <PASS> <PASS> <PASS> reality learn adapt note score reality form theory test observe learn adapt note score reality form theory test obser
R4_B_seed603,R4,0960,0928,26,24,21,0.0,0.0,,1.0,0.0,0.3333333333333333,0.19047619047619047,0.047619047619047616,0.5238095238095238,0.0,0.0,0.0,0.0,0.008994276369582993,0.008994276369582993,,,no-result-number=17; practice-only=4,initial passes <PASS> <PASS> <PASS> <PASS> reality learn adapt note score reality feedback form theory test observe learn adapt note score reality feedback form
R4_B_seed603,R4,0992,0960,23,23,16,0.0,0.0,0.0,0.75,0.0,0.25,0.1875,0.125,0.25,0.0,0.0,0.0,0.0,0.00887812752219532,0.00887812752219532,,,no-result-number=10; result-numbers-unmatched=3; practice-only=3,initial passes <PASS> <PASS> <PASS> <PASS> reality learn adapt note score reality form theory test observe learn adapt note score reality form theory test obser
R4_B_seed603,R4,1024,0992,17,16,12,0.0,0.0,,1.0,0.0,0.08333333333333333,0.0,0.08333333333333333,0.4166666666666667,0.0,0.0,0.0,0.0,0.008792965627498001,0.008792965627498001,901,0.01220865704772475,no-result-number=12,initial passes <PASS> <PASS> <PASS> <PASS> reality learn adapt note score predict test observe form theory reality learn adapt note score predict test observe
RP_B_seed400,RP,0032,,134,41,19,0.0,0.05263157894736842,0.6666666666666666,0.8421052631578947,0.0,0.0,0.0,0.05263157894736842,0.0,0.0,0.0,0.0,0.0,0.0,0.0,,,no-content=13; no-result-number=2; prediction-only=1; not-adjacent=1; N-mismatch=1,starting
RP_B_seed400,RP,0064,0032,140,42,36,0.0,0.05555555555555555,1.0,0.8888888888888888,0.0,0.2222222222222222,0.1111111111111111,0.08333333333333333,0.25,0.05555555555555555,0.05555555555555555,0.0,0.0,0.03636363636363636,0.03636363636363636,,,no-content=25; no-result-number=5; practice-only=4,initial passes to try based on previous experience will observe the outcome and make adjustments if necessary
RP_B_seed400,RP,0096,0064,66,21,39,0.0,0.3076923076923077,0.8125,0.5897435897435898,0.02564102564102564,0.1794871794871795,0.0,0.05128205128205128,0.1794871794871795,0.28205128205128205,0.28205128205128205,0.02564102564102564,0.02564102564102564,0.13829787234042554,0.13829787234042554,,,no-result-number=14; no-content=9; result-numbers-unmatched=3; duplicate=1; no-pass-run-here=1,initial passes to apply based on past experience
RP_B_seed400,RP,0128,0096,54,22,53,0.0,0.3018867924528302,0.8636363636363636,0.5849056603773585,0.0,0.20754716981132076,0.05660377358490566,0.07547169811320754,0.20754716981132076,0.22641509433962265,0.22641509433962265,0.0,0.0,0.17006802721088435,0.17006802721088435,,,no-result-number=15; no-content=10; no-pass-run-here=4; prediction-only=3; practice-only=3,initial passes <PASS> <PASS> <PASS> <PASS> instructions <NUM> <NUM> <NUM> <NUM> reduction score <NUM> <NUM>
RP_B_seed400,RP,0160,0128,82,42,70,0.0,0.2714285714285714,0.782608695652174,0.6714285714285715,0.0,0.4,0.04285714285714286,0.14285714285714285,0.4142857142857143,0.15714285714285714,0.15714285714285714,0.0,0.0,0.16589861751152074,0.16589861751152074,,,no-result-number=28; prediction-only=9; no-content=7; duplicate=6; practice-only=3,initial passes <PASS> <PASS> <PASS> <PASS> <PASS>
RP_B_seed400,RP,0192,0160,63,45,93,0.0,0.021505376344086023,0.2857142857142857,0.9247311827956989,0.0,0.45161290322580644,0.5161290322580645,0.06451612903225806,0.5161290322580645,0.021505376344086023,0.021505376344086023,0.0,0.0,0.12258064516129032,0.12258064516129032,,,practice-only=48; no-result-number=27; prediction-only=8; no-content=6; no-pass-run-here=1,initial expectation is high for <PASS> <PASS> <PASS> <PASS> <PASS> based on past experience will observe outcome and adjust strategy accordingly
RP_B_seed400,RP,0224,0192,48,44,89,0.0,0.0,0.8,0.9438202247191011,0.0,0.5280898876404494,0.34831460674157305,0.10112359550561797,0.550561797752809,0.0,0.0,0.0,0.0,0.09523809523809523,0.09523809523809523,,,no-result-number=32; practice-only=31; prediction-only=19; no-content=6; result-numbers-unmatched=1,initial passes <PASS> <PASS> <PASS> <PASS> <PASS>
RP_B_seed400,RP,0256,0224,38,35,75,0.0,0.013333333333333334,0.4,0.9333333333333333,0.0,0.44,0.17333333333333334,0.12,0.49333333333333335,0.013333333333333334,0.013333333333333334,0.0,0.0,0.08227848101265822,0.08227848101265822,,,prediction-only=50; practice-only=13; no-result-number=5; result-numbers-unmatched=3; no-content=2,initial expectation is <NUM> reduction with <PASS> <PASS> <PASS> <PASS> <PASS> will compare reality to this prediction
RP_B_seed400,RP,0288,0256,34,30,72,0.0,0.0,,1.0,0.0,0.5,0.1111111111111111,0.125,0.5555555555555556,0.0,0.0,0.0,0.0,0.07142857142857142,0.07142857142857142,,,prediction-only=45; no-result-number=9; no-content=9; practice-only=8; no-pass-run-here=1,initial passes <PASS> <PASS> <PASS> <PASS> <PASS> expect <NUM> reduction will compare reality to prediction
RP_B_seed400,RP,0320,0288,41,35,66,0.0,0.030303030303030304,1.0,0.9545454545454546,0.0,0.36363636363636365,0.09090909090909091,0.06060606060606061,0.42424242424242425,0.030303030303030304,0.030303030303030304,0.0,0.0,0.06699346405228758,0.06699346405228758,,,prediction-only=34; no-result-number=12; no-content=11; practice-only=6; not-adjacent=1,initial passes <PASS> <PASS> <PASS> <PASS> <PASS> expect <NUM>-<NUM> reduction will compare reality to prediction
RP_B_seed400,RP,0352,0320,36,34,72,0.0,0.0,0.5,0.9722222222222222,0.0,0.4861111111111111,0.027777777777777776,0.1111111111111111,0.5694444444444444,0.0,0.0,0.0,0.0,0.059941520467836254,0.059941520467836254,,,prediction-only=42; no-content=21; no-result-number=5; practice-only=2; no-pass-run-here=1,initial expectation is <NUM> reduction with <PASS> <PASS> <PASS> <PASS> <PASS> will compare reality to this prediction
RP_B_seed400,RP,0384,0352,29,27,42,0.0,0.0,0.0,0.9761904761904762,0.0,0.30952380952380953,0.14285714285714285,0.047619047619047616,0.38095238095238093,0.0,0.0,0.0,0.0,0.05647382920110193,0.05647382920110193,,,no-content=16; no-result-number=10; prediction-only=8; practice-only=6; no-pass-run-here=1,initial expectation was <NUM> <NUM> will compare reality to this prediction form a new expectation based on this program s unique features
RP_B_seed400,RP,0416,0384,30,30,58,0.0,0.0,0.0,0.9827586206896551,0.0,0.29310344827586204,0.1896551724137931,0.1206896551724138,0.3793103448275862,0.0,0.0,0.0,0.0,0.05229591836734694,0.05229591836734694,,,no-content=26; prediction-only=17; practice-only=11; no-result-number=3; result-numbers-unmatched=1,initial expectation was <NUM> <NUM> will compare reality to predictio
RP_B_seed400,RP,0448,0416,28,27,50,0.0,0.0,,1.0,0.0,0.38,0.3,0.16,0.4,0.0,0.0,0.0,0.0,0.049160671462829736,0.049160671462829736,,,no-content=21; practice-only=15; no-result-number=8; no-pass-run-here=4; prediction-only=2,initial expectation was <NUM> <NUM> will compare reality to predictio
RP_B_seed400,RP,0480,0448,27,26,52,0.0,0.0,,1.0,0.0,0.19230769230769232,0.09615384615384616,0.057692307692307696,0.2692307692307692,0.0,0.0,0.0,0.0,0.046275395033860044,0.046275395033860044,,,no-result-number=32; no-content=12; practice-only=5; prediction-only=3,initial expectation was <NUM> <NUM> reduction with <PASS> <PASS> <PASS> <PASS> <PASS> w
RP_B_seed400,RP,0512,0480,27,27,53,0.0,0.0,,1.0,0.0,0.37735849056603776,0.2641509433962264,0.09433962264150944,0.4716981132075472,0.0,0.0,0.0,0.0,0.043663471778487756,0.043663471778487756,,,no-result-number=29; practice-only=14; no-content=6; prediction-only=3; no-pass-run-here=1,initial expectation was <NUM> <NUM> will compare reality to predictio
RP_B_seed400,RP,0544,0512,35,34,67,0.0,0.0,,1.0,0.0,0.19402985074626866,0.05970149253731343,0.04477611940298507,0.3582089552238806,0.0,0.0,0.0,0.0,0.040755467196819085,0.040755467196819085,,,no-result-number=50; no-content=10; practice-only=4; prediction-only=2; no-pass-run-here=1,forming expectation first then acting will test if reality matches my theory will compare this program to previous ones to see if <PASS> adds <NUM>-<NUM> extra 
RP_B_seed400,RP,0576,0544,34,34,59,0.0,0.0,0.0,0.9830508474576272,0.0,0.2542372881355932,0.15254237288135594,0.06779661016949153,0.3898305084745763,0.0,0.0,0.0,0.0,0.038497652582159626,0.038497652582159626,,,no-result-number=37; prediction-only=10; practice-only=9; no-content=2; result-numbers-unmatched=1,initial expectation was <NUM> <NUM> reduction with <PASS> <PASS> <PASS> <PASS> <PASS>
RP_B_seed400,RP,0608,0576,36,36,67,0.0,0.0,,1.0,0.0,0.26865671641791045,0.14925373134328357,0.08955223880597014,0.5373134328358209,0.0,0.0,0.0,0.0,0.036219081272084806,0.036219081272084806,,,no-result-number=49; practice-only=10; no-content=5; prediction-only=2; no-pass-run-here=1,initial expectation was <NUM> <NUM> reduction with <PASS> <PASS> <PASS> <PASS> <PASS> will compare reality to prediction
RP_B_seed400,RP,0640,0608,34,34,66,0.0,0.0,,1.0,0.0,0.3939393939393939,0.15151515151515152,0.19696969696969696,0.5303030303030303,0.0,0.0,0.0,0.0,0.034223706176961605,0.034223706176961605,,,no-result-number=46; practice-only=10; prediction-only=6; no-content=3; no-pass-run-here=1,initial expectation was <NUM> <NUM> reduction with <PASS> <PASS> <PASS> <PASS> <PASS> will compare reality to prediction
RP_B_seed400,RP,0672,0640,36,36,69,0.0,0.0,,1.0,0.0,0.37681159420289856,0.10144927536231885,0.17391304347826086,0.5942028985507246,0.0,0.0,0.0,0.0,0.03235990528808208,0.03235990528808208,,,no-result-number=60; practice-only=7; prediction-only=1; no-pass-run-here=1,initial expectation was <NUM> <NUM> reduction with <PASS> <PASS> <PASS> <PASS> <PASS> will compare reality to prediction
RP_B_seed400,RP,0704,0672,32,32,56,0.0,0.0,,1.0,0.0,0.4107142857142857,0.23214285714285715,0.17857142857142858,0.5357142857142857,0.0,0.0,0.0,0.0,0.030990173847316706,0.030990173847316706,,,no-result-number=36; practice-only=13; prediction-only=5; no-content=2,initial expectation was <NUM> <NUM> reduction with <PASS> <PASS> <PASS> <PASS> <PASS> will compare reality to prediction
RP_B_seed400,RP,0736,0704,35,34,48,0.0,0.0,,1.0,0.0,0.4375,0.5208333333333334,0.14583333333333334,0.4791666666666667,0.0,0.0,0.0,0.0,0.029905178701677606,0.029905178701677606,,,practice-only=25; no-result-number=18; no-content=3; prediction-only=1; no-pass-run-here=1,formed expectation before acting
RP_B_seed400,RP,0768,0736,36,36,45,0.0,0.0,,1.0,0.0,0.4888888888888889,0.6,0.2,0.5555555555555556,0.0,0.0,0.0,0.0,0.028954802259887006,0.028954802259887006,,,practice-only=27; no-result-number=15; prediction-only=3,formed expectation before acting <PASS> <PASS> <PASS> <PASS> <PASS> pred
RP_B_seed400,RP,0800,0768,23,23,36,0.0,0.0,,1.0,0.0,0.5277777777777778,0.7222222222222222,0.3055555555555556,0.5277777777777778,0.0,0.0,0.0,0.0,0.028236914600550965,0.028236914600550965,,,practice-only=26; no-result-number=8; prediction-only=1; no-content=1,formed expectation before acting <PASS> <PASS> <PASS> <PASS> <PASS> pred
RP_B_seed400,RP,0832,0800,25,22,33,0.0,0.030303030303030304,0.25,0.8787878787878788,0.0,0.6666666666666666,0.9393939393939394,0.2727272727272727,0.696969696969697,0.030303030303030304,0.030303030303030304,0.0,0.0,0.028282828282828285,0.028282828282828285,,,practice-only=31; no-result-number=1,formed expectation before acting
RP_B_seed400,RP,0864,0832,25,25,43,0.0,0.0,0.0,0.8372093023255813,0.0,0.4418604651162791,0.7209302325581395,0.13953488372093023,0.5348837209302325,0.0,0.0,0.0,0.0,0.0274869109947644,0.0274869109947644,,,practice-only=31; no-result-number=9; prediction-only=3,formed expectation before acting
RP_B_seed400,RP,0896,0864,28,27,49,0.0,0.04081632653061224,0.3333333333333333,0.8775510204081632,0.0,0.6530612244897959,0.8367346938775511,0.22448979591836735,0.6938775510204082,0.04081632653061224,0.04081632653061224,0.0,0.0,0.027901077996195307,0.027901077996195307,,,practice-only=41; no-result-number=5; no-content=1,formed expectation <NUM> <NUM> reduction with <PASS> <PASS> <PASS>
RP_B_seed400,RP,0928,0896,22,20,37,0.0,0.0,0.0,0.8108108108108107,0.0,0.5675675675675675,0.918918918918919,0.1891891891891892,0.6756756756756757,0.0,0.0,0.0,0.0,0.027261462205700124,0.027261462205700124,,,practice-only=34; no-result-number=2; prediction-only=1,formed expectation <NUM> <NUM> reduction with <PASS> <PASS> <PASS>
RP_B_seed400,RP,0960,0928,15,15,27,0.0,0.0,0.0,0.9259259259259259,0.0,0.7407407407407407,0.9629629629629629,0.18518518518518517,0.7777777777777778,0.0,0.0,0.0,0.0,0.02681291895185862,0.02681291895185862,,,practice-only=26; no-result-number=1,formed expectation <NUM> <NUM> reduction with <PASS> <PASS> <PASS> <PASS> <PASS>
RP_B_seed400,RP,0992,0960,30,30,56,0.0,0.0,0.0,0.9821428571428571,0.0,0.5178571428571429,0.9285714285714286,0.21428571428571427,0.5535714285714286,0.0,0.0,0.0,0.0,0.02592810842663524,0.02592810842663524,,,practice-only=52; no-result-number=3; no-content=1,formed expectation <NUM> <NUM> reduction with <PASS> <PASS> <PASS> <PASS> <PASS> <PASS> will compare reality to prediction
RP_B_seed400,RP,1024,0992,33,33,43,0.0,0.0,0.0,0.9302325581395349,0.0,0.46511627906976744,0.9069767441860465,0.11627906976744186,0.5116279069767442,0.0,0.0,0.0,0.0,0.02528735632183908,0.02528735632183908,999,0.04104104104104104,practice-only=39; no-content=2; result-numbers-unmatched=1; no-result-number=1,formed expectation <NUM> <NUM> reduction with <PASS> <PASS> <PASS> <PASS> <PASS> will compare reality to prediction
RP_B_seed401,RP,0032,,115,37,20,0.0,0.0,0.0,0.9,0.0,0.0,0.0,0.05,0.0,0.0,0.0,0.0,0.0,0.0,0.0,,,no-content=15; no-result-number=3; no-pass-run-here=2,this is a new program i expect that some initial optimization passes will reduce the instruction count but not drastically since this is a relatively simple pro
RP_B_seed401,RP,0064,0032,110,34,42,0.0,0.0,1.0,0.9047619047619048,0.0,0.09523809523809523,0.023809523809523808,0.047619047619047616,0.09523809523809523,0.0,0.0,0.0,0.0,0.0,0.0,,,no-content=24; no-result-number=13; no-pass-run-here=4; practice-only=1,initial passes are likely to provide significant reductions let s see the outcome
RP_B_seed401,RP,0096,0064,41,11,17,0.0,0.0,,1.0,0.0,0.17647058823529413,0.0,0.11764705882352941,0.17647058823529413,0.0,0.0,0.0,0.0,0.0,0.0,,,no-result-number=10; no-content=7,initial pass sequence <PASS> <PASS> <PASS> <PASS> expecting substantial instruction count reduction
RP_B_seed401,RP,0128,0096,34,11,27,0.0,0.0,,1.0,0.0,0.18518518518518517,0.0,0.07407407407407407,0.2222222222222222,0.0,0.0,0.0,0.0,0.0,0.0,,,no-result-number=20; no-content=7,initial pass sequence <PASS> <PASS> <PASS> <PASS> expect significant reduction in instruction count based on past experience
RP_B_seed401,RP,0160,0128,66,34,87,0.0,0.0,,1.0,0.0,0.2413793103448276,0.0,0.05747126436781609,0.27586206896551724,0.0,0.0,0.0,0.0,0.0,0.0,,,no-result-number=49; no-content=32; prediction-only=5; no-pass-run-here=1,initial passes <PASS> <PASS> <PASS> <PASS> expect significant reduction based on past experience will observe outcome before considering further actions
RP_B_seed401,RP,0192,0160,54,36,75,0.0,0.0,,1.0,0.0,0.28,0.0,0.08,0.30666666666666664,0.0,0.0,0.0,0.0,0.0,0.0,,,no-result-number=51; no-content=16; prediction-only=8,initial passes <PASS> <PASS> <PASS> <PASS> expect significant reduction based on past experience will observe outcome before considering further actions
RP_B_seed401,RP,0224,0192,42,36,81,0.0,0.0,,1.0,0.0,0.19753086419753085,0.0,0.04938271604938271,0.2345679012345679,0.0,0.0,0.0,0.0,0.0,0.0,,,no-result-number=43; no-content=26; prediction-only=11; no-pass-run-here=1,initial expectation is high based on past experience will observe outcome before considering further actions
RP_B_seed401,RP,0256,0224,35,27,59,0.0,0.0,,1.0,0.0,0.2033898305084746,0.0,0.1016949152542373,0.23728813559322035,0.0,0.0,0.0,0.0,0.0,0.0,,,no-result-number=38; prediction-only=14; no-content=7,initial passes <PASS> <PASS> <PASS> <PASS> expect significant reduction based on past experience will observe outcome before considering further actions
RP_B_seed401,RP,0288,0256,38,33,67,0.0,0.0,,1.0,0.0,0.11940298507462686,0.014925373134328358,0.04477611940298507,0.1791044776119403,0.0,0.0,0.0,0.0,0.0,0.0,,,prediction-only=29; no-result-number=24; no-content=13; practice-only=1,initial expectation is high based on past experience will observe outcome before considering further actions
RP_B_seed401,RP,0320,0288,36,31,68,0.0,0.0,,1.0,0.0,0.1323529411764706,0.0,0.04411764705882353,0.1323529411764706,0.0,0.0,0.0,0.0,0.0,0.0,,,prediction-only=44; no-result-number=18; no-content=6,initial passes <PASS> <PASS> <PASS> <PASS> consistent <NUM>-<NUM> reduction open to unexpected outcomes will be learning-focused
RP_B_seed401,RP,0352,0320,31,29,58,0.0,0.0,,1.0,0.0,0.1206896551724138,0.05172413793103448,0.05172413793103448,0.27586206896551724,0.0,0.0,0.0,0.0,0.0,0.0,,,prediction-only=42; no-result-number=11; practice-only=3; no-content=2,initial passes <PASS> <PASS> <PASS> <PASS> consistent <NUM>-<NUM> reduction expect significant benefit with initial passes new programs <PASS> <PASS> <PASS>
RP_B_seed401,RP,0384,0352,29,28,60,0.0,0.0,,1.0,0.0,0.05,0.016666666666666666,0.03333333333333333,0.15,0.0,0.0,0.0,0.0,0.0,0.0,,,prediction-only=50; no-result-number=7; no-content=2; practice-only=1,initial passes <PASS>
RP_B_seed401,RP,0416,0384,30,29,58,0.0,0.0,0.0,0.9482758620689655,0.0,0.06896551724137931,0.10344827586206896,0.034482758620689655,0.25862068965517243,0.0,0.0,0.0,0.0,0.0,0.0,,,prediction-only=47; practice-only=6; result-numbers-unmatched=3; no-content=1; no-result-number=1,initial passes <PASS> <PASS> <PASS> <PASS> significant reduction <NUM>-<NUM> expect significant benefit with new programs test first then form new hypotheses ba
RP_B_seed401,RP,0448,0416,31,30,60,0.0,0.0,,1.0,0.0,0.13333333333333333,0.3333333333333333,0.1,0.38333333333333336,0.0,0.0,0.0,0.0,0.0,0.0,,,prediction-only=36; practice-only=20; no-result-number=3; no-content=1,initial passes <PASS> <PASS> <PASS> <PASS> consistent <NUM>-<NUM> reduction expect significant benefit with new programs form expectation test learn
RP_B_seed401,RP,0480,0448,36,34,68,0.0,0.0,0.0,0.9558823529411765,0.0,0.10294117647058823,0.45588235294117646,0.04411764705882353,0.45588235294117646,0.0,0.0,0.0,0.0,0.0,0.0,,,prediction-only=32; practice-only=31; result-numbers-unmatched=3; no-content=1; no-result-number=1,initial passes <PASS> <PASS> <PASS> <PASS> consistent <NUM>-<NUM> reduction expect significant benefit with new programs form expectation t
RP_B_seed401,RP,0512,0480,34,32,64,0.0,0.0,,1.0,0.0,0.4375,0.71875,0.265625,0.671875,0.0,0.0,0.0,0.0,0.0,0.0,,,practice-only=46; prediction-only=17; no-content=1,initial passes <PASS> <PASS> <PASS> <PASS> consistent <NUM>-<NUM> reduction expect significant benefit with new programs form expectation write down what i lear
RP_B_seed401,RP,0544,0512,38,35,71,0.0,0.0,,1.0,0.0,0.5352112676056338,0.7605633802816901,0.23943661971830985,0.7887323943661971,0.0,0.0,0.0,0.0,0.0,0.0,,,practice-only=54; prediction-only=16; no-content=1,initial passes <PASS> <PASS> <PASS> <PASS> consistent <NUM>-<NUM> reduction expect significant benefit with new programs form expectation write down what i lear
RP_B_seed401,RP,0576,0544,38,34,69,0.0,0.0,,1.0,0.0,0.5652173913043478,0.6666666666666666,0.2753623188405797,0.8260869565217391,0.0,0.0,0.0,0.0,0.0,0.0,,,practice-only=46; prediction-only=21; no-content=2,initial passes <PASS> <PASS> <PASS> <PASS> consistent <NUM>-<NUM> reduction expect significant benefit with new programs form expectation write down what i lear
RP_B_seed401,RP,0608,0576,28,22,44,0.0,0.0,,1.0,0.0,0.5227272727272727,0.75,0.18181818181818182,0.8181818181818182,0.0,0.0,0.0,0.0,0.0,0.0,,,practice-only=33; prediction-only=11,initial passes <PASS> <PASS> <PASS> <PASS> consistent <NUM>-<NUM> reduction expect significant benefit with new programs form expectation write down what i lear
RP_B_seed401,RP,0640,0608,37,30,59,0.0,0.0,,1.0,0.0,0.6610169491525424,0.8305084745762712,0.3050847457627119,0.9152542372881356,0.0,0.0,0.0,0.0,0.0,0.0,,,practice-only=49; prediction-only=10,initial passes <PASS> <PASS> <PASS> <PASS> consistent <NUM>-<NUM> reduction expect significant benefit with new programs form expectation write down what i lear
RP_B_seed401,RP,0672,0640,31,30,60,0.0,0.0,,1.0,0.0,0.5666666666666667,0.75,0.25,0.8,0.0,0.0,0.0,0.0,0.0,0.0,,,practice-only=45; prediction-only=14; no-result-number=1,initial passes <PASS> <PASS> <PASS> <PASS> consistent <NUM>-<NUM> reduction expect significant benefit with new programs form expectation write down what i lear
RP_B_seed401,RP,0704,0672,22,20,39,0.0,0.0,,1.0,0.0,0.8461538461538461,0.9230769230769231,0.38461538461538464,0.9743589743589743,0.0,0.0,0.0,0.0,0.0,0.0,,,practice-only=36; prediction-only=3,initial passes <PASS> <PASS> <PASS> <PASS> consistent <NUM>-<NUM> reduction expect significant benefit with new programs form expectation write down what i lear
RP_B_seed401,RP,0736,0704,33,30,60,0.0,0.0,,1.0,0.0,0.8333333333333334,0.8833333333333333,0.4,0.8666666666666667,0.0,0.0,0.0,0.0,0.0,0.0,,,practice-only=53; prediction-only=4; no-result-number=3,initial passes <PASS> <PASS> <PASS> <PASS> consistent <NUM>-<NUM> reduction expect significant benefit with new programs form expectation write down what i lear
RP_B_seed401,RP,0768,0736,35,33,66,0.0,0.0,,1.0,0.0,0.803030303030303,0.7575757575757576,0.22727272727272727,0.8787878787878788,0.0,0.0,0.0,0.0,0.0,0.0,,,practice-only=50; no-result-number=11; prediction-only=5,initial passes <PASS> <PASS> <PASS> <PASS> consistent <NUM>-<NUM> reduction expect significant benefit with new programs form expectation write down what i lear
RP_B_seed401,RP,0800,0768,28,24,48,0.0,0.0,,1.0,0.0,0.7083333333333334,0.75,0.2916666666666667,0.8541666666666666,0.0,0.0,0.0,0.0,0.0,0.0,,,practice-only=36; prediction-only=9; no-result-number=3,initial passes <PASS> <PASS> <PASS> <PASS> consistent <NUM>-<NUM> reduction expect significant benefit with new programs form expectation write down what i lear
RP_B_seed401,RP,0832,0800,19,18,36,0.0,0.0,,1.0,0.0,0.6388888888888888,0.6944444444444444,0.19444444444444445,0.8055555555555556,0.0,0.0,0.0,0.0,0.0,0.0,,,practice-only=25; prediction-only=8; no-result-number=3,initial passes <PASS> <PASS> <PASS> <PASS> consistent <NUM>-<NUM> reduction expect significant benefit with new programs form expectation write
RP_B_seed401,RP,0864,0832,14,13,26,0.0,0.0,,1.0,0.0,0.7307692307692307,0.7307692307692307,0.23076923076923078,0.8461538461538461,0.0,0.0,0.0,0.0,0.0,0.0,,,practice-only=19; prediction-only=5; no-result-number=2,initial passes <PASS> <PASS> <PASS> <PASS> consistent <NUM>-<NUM> reduction expect significant benefit with new programs form expectation write down what i lear
RP_B_seed401,RP,0896,0864,4,4,6,0.0,0.0,,1.0,0.0,0.8333333333333334,0.8333333333333334,0.3333333333333333,1.0,0.0,0.0,0.0,0.0,0.0,0.0,,,practice-only=5; prediction-only=1,initial passes <PASS> <PASS> <PASS> <PASS> consistent <NUM>-<NUM> reduction expect significant benefit with new programs form expectation write
RP_B_seed401,RP,0928,0896,4,3,6,0.0,0.0,,1.0,0.0,0.5,1.0,0.3333333333333333,0.6666666666666666,0.0,0.0,0.0,0.0,0.0,0.0,,,practice-only=6,initial passes <PASS> <PASS> <PASS> <PASS> consistent <NUM>-<NUM> reduction expect significant benefit with new programs form expectation write down what i lear
RP_B_seed401,RP,0960,0928,9,5,10,0.0,0.0,,1.0,0.0,0.7,0.8,0.3,0.9,0.0,0.0,0.0,0.0,0.0,0.0,,,practice-only=8; no-result-number=1; prediction-only=1,initial passes <PASS> <PASS> <PASS> <PASS> consistent <NUM>-<NUM> reduction expect significant benefit with new programs form expectation write
RP_B_seed401,RP,0992,0960,4,2,3,0.0,0.0,,1.0,0.0,0.3333333333333333,0.6666666666666666,0.3333333333333333,0.3333333333333333,0.0,0.0,0.0,0.0,0.0,0.0,,,practice-only=2; prediction-only=1,initial passes <PASS> <PASS> <PASS> <PASS> consistent <NUM>-<NUM> reduction expect significant be
RP_B_seed401,RP,1024,0992,5,3,4,0.0,0.0,,1.0,0.0,0.25,0.25,0.25,0.25,0.0,0.0,0.0,0.0,0.0,0.0,778,0.0,no-pass-run-here=2; prediction-only=1; practice-only=1,initial passes <PASS> initial passes consistent expect significant benefit
