life,arm,sleep,n_items,n_thinking,n_qa,n_episodic,n_reflection,n_principle,n_other,n_notes,first_person,prospective,retrospective,generic,specific,mean_note_words,prev_sleep,cumulative,n_new,n_dropped,new_n_notes,new_first_person,new_prospective,new_retrospective,new_generic,new_specific,new_mean_note_words
R2_B_seed2,R2,0032,127,39,41,8,0,0,39,19,0.42105263157894735,0.5263157894736842,0.05263157894736842,0.05263157894736842,0.42105263157894735,28.31578947368421,,,,,,,,,,,
R2_B_seed2,R2,0064,240,73,83,10,0,0,74,53,0.20754716981132076,0.2641509433962264,0.03773584905660377,0.018867924528301886,0.5283018867924528,19.20754716981132,0032,True,113,0,34,0.08823529411764706,0.11764705882352941,0.029411764705882353,0.0,0.5882352941176471,14.117647058823529
R2_B_seed2,R2,0096,297,91,96,14,0,0,96,70,0.17142857142857143,0.2,0.04285714285714286,0.014285714285714285,0.5428571428571428,18.514285714285716,0064,True,57,0,17,0.058823529411764705,0.0,0.058823529411764705,0.0,0.5882352941176471,16.352941176470587
R2_B_seed2,R2,0128,306,97,96,14,0,0,99,76,0.15789473684210525,0.18421052631578946,0.039473684210526314,0.013157894736842105,0.5657894736842105,18.36842105263158,0096,True,9,0,6,0.0,0.0,0.0,0.0,0.8333333333333334,16.666666666666668
R2_B_seed2,R2,0160,360,137,96,20,0,0,107,116,0.10344827586206896,0.1206896551724138,0.034482758620689655,0.008620689655172414,0.6206896551724138,17.637931034482758,0128,True,54,0,40,0.0,0.0,0.025,0.0,0.725,16.25
R2_B_seed2,R2,0192,406,175,97,20,0,0,114,154,0.07792207792207792,0.09090909090909091,0.045454545454545456,0.006493506493506494,0.6103896103896104,17.38961038961039,0160,True,46,0,38,0.0,0.0,0.07894736842105263,0.0,0.5789473684210527,16.63157894736842
R2_B_seed2,R2,0224,451,215,98,20,0,0,118,194,0.061855670103092786,0.07216494845360824,0.041237113402061855,0.010309278350515464,0.6030927835051546,16.989690721649485,0192,True,45,0,40,0.0,0.0,0.025,0.025,0.575,15.45
R2_B_seed2,R2,0256,495,252,98,20,0,0,125,231,0.05627705627705628,0.06060606060606061,0.03896103896103896,0.008658008658008658,0.6493506493506493,17.051948051948052,0224,True,44,0,37,0.02702702702702703,0.0,0.02702702702702703,0.0,0.8918918918918919,17.37837837837838
R2_B_seed2,R2,0288,543,292,98,20,0,0,133,269,0.055762081784386616,0.05204460966542751,0.03717472118959108,0.007434944237918215,0.6765799256505576,17.185873605947954,0256,True,48,0,38,0.05263157894736842,0.0,0.02631578947368421,0.0,0.8421052631578947,18.0
R2_B_seed2,R2,0320,588,333,99,20,0,0,136,308,0.048701298701298704,0.045454545454545456,0.032467532467532464,0.006493506493506494,0.698051948051948,17.01298701298701,0288,True,45,0,39,0.0,0.0,0.0,0.0,0.8461538461538461,15.820512820512821
R2_B_seed2,R2,0352,632,373,99,21,0,0,139,347,0.043227665706051875,0.040345821325648415,0.02881844380403458,0.005763688760806916,0.7146974063400576,16.93371757925072,0320,True,44,0,39,0.0,0.0,0.0,0.0,0.8461538461538461,16.307692307692307
R2_B_seed2,R2,0384,678,413,100,21,0,0,144,386,0.038860103626943004,0.03626943005181347,0.025906735751295335,0.0051813471502590676,0.7202072538860104,16.94559585492228,0352,True,46,0,39,0.0,0.0,0.0,0.0,0.7692307692307693,17.05128205128205
R2_B_seed2,R2,0416,722,450,101,22,0,0,149,423,0.037825059101654845,0.03309692671394799,0.02364066193853428,0.004728132387706856,0.7423167848699763,17.21276595744681,0384,True,44,0,37,0.02702702702702703,0.0,0.0,0.0,0.972972972972973,20.0
R2_B_seed2,R2,0448,768,490,101,22,0,0,155,460,0.034782608695652174,0.030434782608695653,0.021739130434782608,0.004347826086956522,0.7630434782608696,17.2,0416,True,46,0,37,0.0,0.0,0.0,0.0,1.0,17.054054054054053
R2_B_seed2,R2,0480,808,529,101,22,0,0,156,496,0.036290322580645164,0.03024193548387097,0.020161290322580645,0.004032258064516129,0.7741935483870968,17.574596774193548,0448,True,40,0,36,0.05555555555555555,0.027777777777777776,0.0,0.0,0.9166666666666666,22.36111111111111
R2_B_seed2,R2,0512,855,569,103,22,0,0,161,530,0.04150943396226415,0.035849056603773584,0.018867924528301886,0.0037735849056603774,0.7867924528301887,18.024528301886793,0480,True,47,0,34,0.11764705882352941,0.11764705882352941,0.0,0.0,0.9705882352941176,24.58823529411765
R2_B_seed2,R2,0544,891,605,103,22,0,0,161,559,0.04293381037567084,0.03756708407871199,0.017889087656529516,0.0035778175313059034,0.7960644007155635,18.37567084078712,0512,True,36,0,29,0.06896551724137931,0.06896551724137931,0.0,0.0,0.9655172413793104,24.79310344827586
R2_B_seed2,R2,0576,930,644,103,22,0,0,161,587,0.044293015332197615,0.039182282793867124,0.017035775127768313,0.0034071550255536627,0.8040885860306644,18.66098807495741,0544,True,39,0,28,0.07142857142857142,0.07142857142857142,0.0,0.0,0.9642857142857143,24.357142857142858
R2_B_seed2,R2,0608,964,674,104,22,0,0,164,608,0.04276315789473684,0.03782894736842105,0.01644736842105263,0.003289473684210526,0.8092105263157895,18.88486842105263,0576,True,34,0,21,0.0,0.0,0.0,0.0,0.9523809523809523,25.142857142857142
R2_B_seed2,R2,0640,1005,711,105,22,0,0,167,640,0.0421875,0.0375,0.015625,0.003125,0.8171875,19.040625,0608,True,41,0,32,0.03125,0.03125,0.0,0.0,0.96875,22.0
R2_B_seed2,R2,0672,1047,743,108,22,0,0,174,665,0.0406015037593985,0.03609022556390978,0.015037593984962405,0.0030075187969924814,0.8210526315789474,19.049624060150375,0640,True,42,0,25,0.0,0.0,0.0,0.0,0.92,19.28
R2_B_seed2,R2,0704,1096,778,112,22,0,0,184,700,0.03857142857142857,0.03428571428571429,0.014285714285714285,0.002857142857142857,0.83,19.22714285714286,0672,True,49,0,35,0.0,0.0,0.0,0.0,1.0,22.6
R2_B_seed2,R2,0736,1128,810,112,22,0,0,184,732,0.03825136612021858,0.03415300546448088,0.01366120218579235,0.00273224043715847,0.837431693989071,19.508196721311474,0704,True,32,0,32,0.03125,0.03125,0.0,0.0,1.0,25.65625
R2_B_seed2,R2,0768,1159,841,112,22,0,0,184,763,0.03800786369593709,0.03407601572739188,0.01310615989515072,0.002621231979030144,0.8440366972477065,19.838794233289647,0736,True,31,0,31,0.03225806451612903,0.03225806451612903,0.0,0.0,1.0,27.64516129032258
R2_B_seed2,R2,0800,1210,870,119,22,0,0,199,792,0.03787878787878788,0.03282828282828283,0.012626262626262626,0.0025252525252525255,0.8497474747474747,19.981060606060606,0768,True,51,0,29,0.034482758620689655,0.0,0.0,0.0,1.0,23.724137931034484
R2_B_seed2,R2,0832,1239,896,120,22,0,0,201,811,0.03822441430332922,0.03329223181257707,0.012330456226880395,0.002466091245376079,0.8508014796547472,19.844636251541306,0800,True,29,0,19,0.05263157894736842,0.05263157894736842,0.0,0.0,0.8947368421052632,14.157894736842104
R2_B_seed2,R2,0864,1264,920,120,22,0,0,202,827,0.03869407496977025,0.03385731559854897,0.012091898428053204,0.0024183796856106408,0.8536880290205562,19.941958887545344,0832,True,25,0,16,0.0625,0.0625,0.0,0.0,1.0,24.875
R2_B_seed2,R2,0896,1307,953,123,22,0,0,209,855,0.03859649122807018,0.03391812865497076,0.011695906432748537,0.0023391812865497076,0.8538011695906432,20.105263157894736,0864,True,43,0,28,0.03571428571428571,0.03571428571428571,0.0,0.0,0.8571428571428571,24.928571428571427
R2_B_seed2,R2,0928,1332,977,123,22,0,0,210,865,0.03815028901734104,0.03352601156069364,0.011560693641618497,0.0023121387283236996,0.8554913294797688,20.292485549132948,0896,True,25,0,10,0.0,0.0,0.0,0.0,1.0,36.3
R2_B_seed2,R2,0960,1368,1005,125,22,0,0,216,889,0.03824521934758155,0.03374578177727784,0.01124859392575928,0.0022497187851518562,0.8537682789651294,20.19910011248594,0928,True,36,0,24,0.041666666666666664,0.041666666666666664,0.0,0.0,0.7916666666666666,16.833333333333332
R2_B_seed2,R2,0992,1397,1028,127,22,0,0,220,912,0.03728070175438596,0.03289473684210526,0.010964912280701754,0.0021929824561403508,0.8574561403508771,20.092105263157894,0960,True,29,0,23,0.0,0.0,0.0,0.0,1.0,15.956521739130435
R2_B_seed2,R2,1024,1427,1052,127,22,0,0,226,928,0.03771551724137931,0.032327586206896554,0.010775862068965518,0.0021551724137931034,0.8545258620689655,20.191810344827587,0992,True,30,0,16,0.0625,0.0,0.0,0.0,0.6875,25.875
R2_B_seed3,R2,0032,115,36,37,8,0,0,34,14,0.5,0.42857142857142855,0.07142857142857142,0.14285714285714285,0.35714285714285715,27.142857142857142,,,,,,,,,,,
R2_B_seed3,R2,0064,229,71,76,11,0,0,71,49,0.16326530612244897,0.14285714285714285,0.061224489795918366,0.061224489795918366,0.5510204081632653,15.020408163265307,0032,True,114,0,35,0.02857142857142857,0.02857142857142857,0.05714285714285714,0.02857142857142857,0.6285714285714286,10.17142857142857
R2_B_seed3,R2,0096,285,83,89,12,0,0,101,59,0.13559322033898305,0.11864406779661017,0.06779661016949153,0.05084745762711865,0.5254237288135594,14.084745762711865,0064,True,56,0,10,0.0,0.0,0.1,0.0,0.4,9.5
R2_B_seed3,R2,0128,327,98,96,12,0,0,121,74,0.10810810810810811,0.10810810810810811,0.05405405405405406,0.04054054054054054,0.5135135135135135,13.45945945945946,0096,True,42,0,15,0.0,0.06666666666666667,0.0,0.0,0.4666666666666667,11.0
R2_B_seed3,R2,0160,426,135,116,12,0,0,163,111,0.07207207207207207,0.11711711711711711,0.036036036036036036,0.02702702702702703,0.5765765765765766,13.18018018018018,0128,True,99,0,37,0.0,0.13513513513513514,0.0,0.0,0.7027027027027027,12.621621621621621
R2_B_seed3,R2,0192,503,176,128,12,0,0,187,152,0.05263157894736842,0.1118421052631579,0.03289473684210526,0.019736842105263157,0.5526315789473685,13.177631578947368,0160,True,77,0,41,0.0,0.0975609756097561,0.024390243902439025,0.0,0.4878048780487805,13.170731707317072
R2_B_seed3,R2,0224,553,217,128,13,0,0,195,193,0.04145077720207254,0.08808290155440414,0.025906735751295335,0.015544041450777202,0.5492227979274611,13.031088082901555,0192,True,50,0,41,0.0,0.0,0.0,0.0,0.5365853658536586,12.487804878048781
R2_B_seed3,R2,0256,607,258,129,13,0,0,207,234,0.03418803418803419,0.07692307692307693,0.021367521367521368,0.01282051282051282,0.5042735042735043,12.974358974358974,0224,True,54,0,41,0.0,0.024390243902439025,0.0,0.0,0.2926829268292683,12.707317073170731
R2_B_seed3,R2,0288,667,302,133,13,0,0,219,278,0.02877697841726619,0.07194244604316546,0.017985611510791366,0.01079136690647482,0.5071942446043165,13.258992805755396,0256,True,60,0,44,0.0,0.045454545454545456,0.0,0.0,0.5227272727272727,14.772727272727273
R2_B_seed3,R2,0320,724,344,134,16,0,0,230,320,0.025,0.065625,0.015625,0.009375,0.5125,13.45625,0288,True,57,0,42,0.0,0.023809523809523808,0.0,0.0,0.5476190476190477,14.761904761904763
R2_B_seed3,R2,0352,785,385,139,16,0,0,245,361,0.0221606648199446,0.06371191135734072,0.013850415512465374,0.008310249307479225,0.5373961218836565,13.573407202216066,0320,True,61,0,41,0.0,0.04878048780487805,0.0,0.0,0.7317073170731707,14.487804878048781
R2_B_seed3,R2,0384,838,425,141,16,0,0,256,401,0.0199501246882793,0.057356608478802994,0.012468827930174564,0.007481296758104738,0.5610972568578554,13.805486284289277,0352,True,53,0,40,0.0,0.0,0.0,0.0,0.775,15.9
R2_B_seed3,R2,0416,872,457,141,16,0,0,258,433,0.018475750577367205,0.053117782909930716,0.011547344110854504,0.006928406466512702,0.5866050808314087,13.928406466512701,0384,True,34,0,32,0.0,0.0,0.0,0.0,0.90625,15.46875
R2_B_seed3,R2,0448,906,487,141,16,0,0,262,463,0.017278617710583154,0.04967602591792657,0.01079913606911447,0.0064794816414686825,0.6090712742980562,14.101511879049676,0416,True,34,0,30,0.0,0.0,0.0,0.0,0.9333333333333333,16.6
R2_B_seed3,R2,0480,936,513,141,17,0,0,265,489,0.016359918200409,0.04703476482617587,0.010224948875255624,0.006134969325153374,0.621676891615542,14.094069529652351,0448,True,30,0,26,0.0,0.0,0.0,0.0,0.8461538461538461,13.961538461538462
R2_B_seed3,R2,0512,970,542,141,19,0,0,268,518,0.015444015444015444,0.0444015444015444,0.009652509652509652,0.005791505791505791,0.638996138996139,14.11003861003861,0480,True,34,0,29,0.0,0.0,0.0,0.0,0.9310344827586207,14.379310344827585
R2_B_seed3,R2,0544,993,562,142,19,0,0,270,538,0.01486988847583643,0.04275092936802974,0.00929368029739777,0.0055762081784386614,0.6524163568773235,14.306691449814126,0512,True,23,0,20,0.0,0.0,0.0,0.0,1.0,19.4
R2_B_seed3,R2,0576,1017,580,143,19,0,0,275,556,0.014388489208633094,0.04136690647482014,0.008992805755395683,0.00539568345323741,0.6636690647482014,14.368705035971223,0544,True,24,0,18,0.0,0.0,0.0,0.0,1.0,16.22222222222222
R2_B_seed3,R2,0608,1048,602,146,19,0,0,281,578,0.01384083044982699,0.039792387543252594,0.00865051903114187,0.005190311418685121,0.6747404844290658,14.45847750865052,0576,True,31,0,22,0.0,0.0,0.0,0.0,0.9545454545454546,16.727272727272727
R2_B_seed3,R2,0640,1090,622,153,20,0,0,295,594,0.013468013468013467,0.03872053872053872,0.008417508417508417,0.005050505050505051,0.6835016835016835,14.511784511784512,0608,True,42,0,16,0.0,0.0,0.0,0.0,1.0,16.4375
R2_B_seed3,R2,0672,1118,639,156,20,0,0,303,611,0.01309328968903437,0.03764320785597381,0.008183306055646482,0.004909983633387889,0.6873977086743044,14.661211129296236,0640,True,28,0,17,0.0,0.0,0.0,0.0,0.8235294117647058,19.88235294117647
R2_B_seed3,R2,0704,1136,650,157,20,0,0,309,619,0.012924071082390954,0.03715670436187399,0.008077544426494346,0.004846526655896607,0.6898222940226171,14.665589660743134,0672,True,18,0,8,0.0,0.0,0.0,0.0,0.875,15.0
R2_B_seed3,R2,0736,1151,658,159,20,0,0,314,623,0.012841091492776886,0.03691813804173355,0.008025682182985553,0.004815409309791332,0.6918138041733547,14.666131621187802,0704,True,15,0,4,0.0,0.0,0.0,0.0,1.0,14.75
R2_B_seed3,R2,0768,1157,661,159,20,0,0,317,625,0.0128,0.0368,0.008,0.0048,0.6896,14.6416,0736,True,6,0,2,0.0,0.0,0.0,0.0,0.0,7.0
R2_B_seed3,R2,0800,1172,671,159,20,0,0,322,631,0.012678288431061807,0.03645007923930269,0.00792393026941363,0.004754358161648178,0.6893819334389857,14.61648177496038,0768,True,15,0,6,0.0,0.0,0.0,0.0,0.6666666666666666,12.0
R2_B_seed3,R2,0832,1178,672,159,21,0,0,326,632,0.012658227848101266,0.03639240506329114,0.007911392405063292,0.004746835443037975,0.689873417721519,14.61867088607595,0800,True,6,0,1,0.0,0.0,0.0,0.0,1.0,16.0
R2_B_seed3,R2,0864,1182,675,159,21,0,0,327,633,0.01263823064770932,0.036334913112164295,0.007898894154818325,0.004739336492890996,0.6903633491311216,14.639810426540285,0832,True,4,0,1,0.0,0.0,0.0,0.0,1.0,28.0
R2_B_seed3,R2,0896,1185,677,159,22,0,0,327,635,0.012598425196850394,0.03622047244094488,0.007874015748031496,0.004724409448818898,0.6897637795275591,14.61732283464567,0864,True,3,0,2,0.0,0.0,0.0,0.0,0.5,7.5
R2_B_seed3,R2,0928,1200,684,161,22,0,0,333,641,0.0124804992199688,0.0358814352574103,0.0078003120124804995,0.0046801872074883,0.6895475819032761,14.585023400936038,0896,True,15,0,6,0.0,0.0,0.0,0.0,0.6666666666666666,11.166666666666666
R2_B_seed3,R2,0960,1206,687,161,23,0,0,335,643,0.013996889580093312,0.03576982892690513,0.007776049766718507,0.004665629860031105,0.6889580093312597,14.562986003110419,0928,True,6,0,2,0.5,0.0,0.0,0.0,0.5,7.5
R2_B_seed3,R2,0992,1222,701,161,23,0,0,337,652,0.013803680981595092,0.0352760736196319,0.007668711656441718,0.004601226993865031,0.6901840490797546,14.529141104294478,0960,True,16,0,9,0.0,0.0,0.0,0.0,0.7777777777777778,12.11111111111111
R2_B_seed3,R2,1024,1234,712,161,23,0,0,338,661,0.01361573373676248,0.03479576399394856,0.007564296520423601,0.0045385779122541605,0.6928895612708018,14.494704992435704,0992,True,12,0,9,0.0,0.0,0.0,0.0,0.8888888888888888,12.0
R2_B_seed4,R2,0032,125,37,44,7,0,0,37,22,0.45454545454545453,0.5,0.18181818181818182,0.36363636363636365,0.5,32.5,,,,,,,,,,,
R2_B_seed4,R2,0064,253,76,92,7,0,0,78,59,0.3220338983050847,0.3559322033898305,0.23728813559322035,0.13559322033898305,0.5932203389830508,24.050847457627118,0032,True,128,0,37,0.24324324324324326,0.2702702702702703,0.2702702702702703,0.0,0.6486486486486487,19.027027027027028
R2_B_seed4,R2,0096,306,92,103,7,0,0,104,75,0.26666666666666666,0.30666666666666664,0.18666666666666668,0.10666666666666667,0.6533333333333333,22.946666666666665,0064,True,53,0,16,0.0625,0.125,0.0,0.0,0.875,18.875
R2_B_seed4,R2,0128,327,105,104,7,0,0,111,88,0.25,0.2727272727272727,0.17045454545454544,0.09090909090909091,0.6818181818181818,22.397727272727273,0096,True,21,0,13,0.15384615384615385,0.07692307692307693,0.07692307692307693,0.0,0.8461538461538461,19.23076923076923
R2_B_seed4,R2,0160,366,138,104,7,0,0,117,121,0.21487603305785125,0.2231404958677686,0.1322314049586777,0.0743801652892562,0.71900826446281,21.68595041322314,0128,True,39,0,33,0.12121212121212122,0.09090909090909091,0.030303030303030304,0.030303030303030304,0.8181818181818182,19.78787878787879
R2_B_seed4,R2,0192,427,180,107,7,0,0,133,161,0.18012422360248448,0.18633540372670807,0.10559006211180125,0.055900621118012424,0.7888198757763976,21.832298136645964,0160,True,61,0,40,0.075,0.075,0.025,0.0,1.0,22.275
R2_B_seed4,R2,0224,465,215,107,7,0,0,136,195,0.14871794871794872,0.15897435897435896,0.08717948717948718,0.046153846153846156,0.8256410256410256,21.846153846153847,0192,True,38,0,34,0.0,0.029411764705882353,0.0,0.0,1.0,21.91176470588235
R2_B_seed4,R2,0256,517,255,111,7,0,0,144,235,0.12340425531914893,0.14042553191489363,0.07659574468085106,0.03829787234042553,0.851063829787234,21.919148936170213,0224,True,52,0,40,0.0,0.05,0.025,0.0,0.975,22.275
R2_B_seed4,R2,0288,557,291,112,7,0,0,147,271,0.1070110701107011,0.12177121771217712,0.06642066420664207,0.03690036900369004,0.8708487084870848,22.280442804428045,0256,True,40,0,36,0.0,0.0,0.0,0.027777777777777776,1.0,24.63888888888889
R2_B_seed4,R2,0320,604,333,113,7,0,0,151,313,0.0926517571884984,0.10543130990415335,0.05750798722044728,0.03194888178913738,0.8881789137380192,22.80511182108626,0288,True,47,0,42,0.0,0.0,0.0,0.0,1.0,26.19047619047619
R2_B_seed4,R2,0352,640,366,113,7,0,0,154,346,0.0838150289017341,0.0953757225433526,0.05202312138728324,0.028901734104046242,0.8988439306358381,23.254335260115607,0320,True,36,0,33,0.0,0.0,0.0,0.0,1.0,27.515151515151516
R2_B_seed4,R2,0384,688,405,115,7,0,0,161,385,0.07532467532467532,0.08571428571428572,0.046753246753246755,0.03116883116883117,0.9090909090909091,24.30909090909091,0352,True,48,0,39,0.0,0.0,0.0,0.05128205128205128,1.0,33.666666666666664
R2_B_seed4,R2,0416,726,436,117,7,0,0,166,416,0.07211538461538461,0.07932692307692307,0.04326923076923077,0.028846153846153848,0.9158653846153846,24.973557692307693,0384,True,38,0,31,0.03225806451612903,0.0,0.0,0.0,1.0,33.225806451612904
R2_B_seed4,R2,0448,761,467,118,7,0,0,169,447,0.07158836689038031,0.0738255033557047,0.040268456375838924,0.026845637583892617,0.9194630872483222,25.90380313199105,0416,True,35,0,31,0.06451612903225806,0.0,0.0,0.0,0.967741935483871,38.38709677419355
R2_B_seed4,R2,0480,809,502,122,7,0,0,178,482,0.06639004149377593,0.06846473029045644,0.03734439834024896,0.024896265560165973,0.9253112033195021,27.217842323651453,0448,True,48,0,35,0.0,0.0,0.0,0.0,1.0,44.0
R2_B_seed4,R2,0512,854,540,124,7,0,0,183,520,0.06153846153846154,0.06346153846153846,0.03461538461538462,0.023076923076923078,0.9307692307692308,28.265384615384615,0480,True,45,0,38,0.0,0.0,0.0,0.0,1.0,41.55263157894737
R2_B_seed4,R2,0544,904,577,129,7,0,0,191,557,0.05745062836624776,0.059245960502693,0.03231597845601436,0.02154398563734291,0.9353680430879713,29.344703770197487,0512,True,50,0,37,0.0,0.0,0.0,0.0,1.0,44.513513513513516
R2_B_seed4,R2,0576,954,616,133,7,0,0,198,596,0.053691275167785234,0.05536912751677853,0.030201342281879196,0.020134228187919462,0.9395973154362416,30.159395973154364,0544,True,50,0,39,0.0,0.0,0.0,0.0,1.0,41.794871794871796
R2_B_seed4,R2,0608,989,650,133,7,0,0,199,630,0.050793650793650794,0.05396825396825397,0.02857142857142857,0.020634920634920634,0.9428571428571428,30.93968253968254,0576,True,35,0,34,0.0,0.029411764705882353,0.0,0.029411764705882353,1.0,44.61764705882353
R2_B_seed4,R2,0640,1022,683,133,7,0,0,199,663,0.048265460030165915,0.05128205128205128,0.027149321266968326,0.0196078431372549,0.9457013574660633,31.67269984917044,0608,True,33,0,33,0.0,0.0,0.0,0.0,1.0,45.666666666666664
R2_B_seed4,R2,0672,1053,711,133,7,0,0,202,691,0.04630969609261939,0.049204052098408106,0.02604920405209841,0.01881331403762663,0.9479015918958031,32.27496382054993,0640,True,31,0,28,0.0,0.0,0.0,0.0,1.0,46.535714285714285
R2_B_seed4,R2,0704,1083,741,133,7,0,0,202,721,0.044382801664355064,0.04854368932038835,0.024965325936199722,0.018030513176144243,0.9500693481276006,32.86407766990291,0672,True,30,0,30,0.0,0.03333333333333333,0.0,0.0,1.0,46.43333333333333
R2_B_seed4,R2,0736,1102,760,133,7,0,0,202,740,0.043243243243243246,0.0472972972972973,0.024324324324324326,0.01756756756756757,0.9513513513513514,33.23243243243243,0704,True,19,0,19,0.0,0.0,0.0,0.0,1.0,47.21052631578947
R2_B_seed4,R2,0768,1121,779,133,7,0,0,202,759,0.04216073781291173,0.0461133069828722,0.023715415019762844,0.017127799736495388,0.9525691699604744,33.57707509881423,0736,True,19,0,19,0.0,0.0,0.0,0.0,1.0,47.0
R2_B_seed4,R2,0800,1142,799,133,7,0,0,203,779,0.0410783055198973,0.044929396662387676,0.023106546854942234,0.01668806161745828,0.9537869062901155,33.91655969191271,0768,True,21,0,20,0.0,0.0,0.0,0.0,1.0,46.8
R2_B_seed4,R2,0832,1163,818,133,7,0,0,205,798,0.040100250626566414,0.045112781954887216,0.022556390977443608,0.016290726817042606,0.9548872180451128,34.340852130325814,0800,True,21,0,19,0.0,0.05263157894736842,0.0,0.0,1.0,51.73684210526316
R2_B_seed4,R2,0864,1185,839,133,7,0,0,206,819,0.03907203907203907,0.04395604395604396,0.02197802197802198,0.015873015873015872,0.9560439560439561,34.64835164835165,0832,True,22,0,21,0.0,0.0,0.0,0.0,1.0,46.333333333333336
R2_B_seed4,R2,0896,1207,861,133,7,0,0,206,841,0.03804994054696789,0.04280618311533888,0.02140309155766944,0.015457788347205707,0.9571938168846611,34.96195005945303,0864,True,22,0,22,0.0,0.0,0.0,0.0,1.0,46.63636363636363
R2_B_seed4,R2,0928,1228,882,133,7,0,0,206,862,0.037122969837587005,0.04176334106728538,0.02088167053364269,0.015081206496519721,0.9582366589327146,35.28190255220418,0896,True,21,0,21,0.0,0.0,0.0,0.0,1.0,48.095238095238095
R2_B_seed4,R2,0960,1245,899,133,7,0,0,206,879,0.03640500568828214,0.040955631399317405,0.020477815699658702,0.01478953356086462,0.9590443686006825,35.50170648464164,0928,True,17,0,17,0.0,0.0,0.0,0.0,1.0,46.64705882352941
R2_B_seed4,R2,0992,1268,920,133,7,0,0,208,900,0.035555555555555556,0.04,0.02,0.014444444444444444,0.96,35.81,0960,True,23,0,21,0.0,0.0,0.0,0.0,1.0,48.714285714285715
R2_B_seed4,R2,1024,1284,935,133,7,0,0,209,915,0.034972677595628415,0.03934426229508197,0.019672131147540985,0.014207650273224045,0.9606557377049181,35.967213114754095,0992,True,16,0,15,0.0,0.0,0.0,0.0,1.0,45.4
R2_B_seed7,R2,0032,114,34,38,8,0,0,34,18,0.3333333333333333,0.4444444444444444,0.05555555555555555,0.2222222222222222,0.16666666666666666,20.944444444444443,,,,,,,,,,,
R2_B_seed7,R2,0064,243,72,85,11,0,0,75,53,0.39622641509433965,0.39622641509433965,0.3018867924528302,0.11320754716981132,0.49056603773584906,23.169811320754718,0032,True,129,0,35,0.42857142857142855,0.37142857142857144,0.42857142857142855,0.05714285714285714,0.6571428571428571,24.314285714285713
R2_B_seed7,R2,0096,299,89,97,11,0,0,102,70,0.35714285714285715,0.37142857142857144,0.3142857142857143,0.08571428571428572,0.5571428571428572,23.057142857142857,0064,True,56,0,17,0.23529411764705882,0.29411764705882354,0.35294117647058826,0.0,0.7647058823529411,22.705882352941178
R2_B_seed7,R2,0128,335,106,101,11,0,0,117,85,0.29411764705882354,0.3176470588235294,0.27058823529411763,0.07058823529411765,0.6352941176470588,22.88235294117647,0096,True,36,0,15,0.0,0.06666666666666667,0.06666666666666667,0.0,1.0,22.066666666666666
R2_B_seed7,R2,0160,400,135,113,11,0,0,141,114,0.24561403508771928,0.2543859649122807,0.23684210526315788,0.05263157894736842,0.6491228070175439,21.973684210526315,0128,True,65,0,29,0.10344827586206896,0.06896551724137931,0.13793103448275862,0.0,0.6896551724137931,19.310344827586206
R2_B_seed7,R2,0192,473,173,125,11,0,0,164,152,0.19078947368421054,0.19078947368421054,0.19736842105263158,0.039473684210526314,0.7236842105263158,21.585526315789473,0160,True,73,0,38,0.02631578947368421,0.0,0.07894736842105263,0.0,0.9473684210526315,20.42105263157895
R2_B_seed7,R2,0224,518,208,127,11,0,0,172,187,0.16042780748663102,0.16042780748663102,0.16042780748663102,0.03208556149732621,0.7593582887700535,21.60427807486631,0192,True,45,0,35,0.02857142857142857,0.02857142857142857,0.0,0.0,0.9142857142857143,21.685714285714287
R2_B_seed7,R2,0256,573,245,131,11,0,0,186,224,0.13392857142857142,0.13392857142857142,0.13392857142857142,0.026785714285714284,0.7991071428571429,21.767857142857142,0224,True,55,0,37,0.0,0.0,0.0,0.0,1.0,22.594594594594593
R2_B_seed7,R2,0288,615,278,132,11,0,0,194,257,0.11673151750972763,0.11673151750972763,0.11673151750972763,0.023346303501945526,0.8249027237354085,21.976653696498055,0256,True,42,0,33,0.0,0.0,0.0,0.0,1.0,23.393939393939394
R2_B_seed7,R2,0320,664,318,133,11,0,0,202,297,0.10101010101010101,0.10101010101010101,0.10101010101010101,0.020202020202020204,0.8484848484848485,22.04713804713805,0288,True,49,0,40,0.0,0.0,0.0,0.0,1.0,22.5
R2_B_seed7,R2,0352,706,352,134,11,0,0,209,331,0.09365558912386707,0.09063444108761329,0.09063444108761329,0.01812688821752266,0.8640483383685801,22.145015105740182,0320,True,42,0,34,0.029411764705882353,0.0,0.0,0.0,1.0,23.0
R2_B_seed7,R2,0384,757,392,137,11,0,0,217,370,0.08378378378378379,0.08108108108108109,0.08108108108108109,0.016216216216216217,0.8783783783783784,22.105405405405406,0352,True,51,0,39,0.0,0.0,0.0,0.0,1.0,21.76923076923077
R2_B_seed7,R2,0416,803,427,140,11,0,0,225,404,0.07673267326732673,0.07425742574257425,0.07425742574257425,0.01485148514851485,0.8886138613861386,21.93811881188119,0384,True,46,0,34,0.0,0.0,0.0,0.0,1.0,20.11764705882353
R2_B_seed7,R2,0448,849,463,140,17,0,0,229,440,0.07045454545454545,0.06818181818181818,0.06818181818181818,0.013636363636363636,0.8954545454545455,21.745454545454546,0416,True,46,0,36,0.0,0.0,0.0,0.0,0.9722222222222222,19.583333333333332
R2_B_seed7,R2,0480,898,506,141,17,0,0,234,482,0.06431535269709543,0.06224066390041494,0.06224066390041494,0.012448132780082987,0.9024896265560166,21.630705394190873,0448,True,49,0,42,0.0,0.0,0.0,0.0,0.9761904761904762,20.428571428571427
R2_B_seed7,R2,0512,937,541,142,17,0,0,237,517,0.059961315280464215,0.058027079303675046,0.058027079303675046,0.01160541586073501,0.90715667311412,21.330754352030947,0480,True,39,0,35,0.0,0.0,0.0,0.0,0.9714285714285714,17.2
R2_B_seed7,R2,0544,985,579,145,17,0,0,244,555,0.05765765765765766,0.05405405405405406,0.05405405405405406,0.010810810810810811,0.9117117117117117,21.10810810810811,0512,True,48,0,38,0.02631578947368421,0.0,0.0,0.0,0.9736842105263158,18.07894736842105
R2_B_seed7,R2,0576,1028,615,147,17,0,0,249,591,0.05414551607445008,0.050761421319796954,0.050761421319796954,0.01015228426395939,0.9153976311336718,20.82233502538071,0544,True,43,0,36,0.0,0.0,0.0,0.0,0.9722222222222222,16.416666666666668
R2_B_seed7,R2,0608,1075,659,147,17,0,0,252,634,0.050473186119873815,0.0473186119873817,0.0473186119873817,0.00946372239747634,0.919558359621451,20.58044164037855,0576,True,47,0,43,0.0,0.0,0.0,0.0,0.9767441860465116,17.25581395348837
R2_B_seed7,R2,0640,1118,701,147,17,0,0,253,676,0.047337278106508875,0.04437869822485207,0.04437869822485207,0.008875739644970414,0.9245562130177515,20.171597633136095,0608,True,43,0,42,0.0,0.0,0.0,0.0,1.0,14.0
R2_B_seed7,R2,0672,1157,740,147,17,0,0,253,715,0.044755244755244755,0.04195804195804196,0.04195804195804196,0.008391608391608392,0.9244755244755245,19.763636363636362,0640,True,39,0,39,0.0,0.0,0.0,0.0,0.9230769230769231,12.692307692307692
R2_B_seed7,R2,0704,1195,777,147,17,0,0,254,752,0.0425531914893617,0.0398936170212766,0.0398936170212766,0.007978723404255319,0.9228723404255319,19.44148936170213,0672,True,38,0,37,0.0,0.0,0.0,0.0,0.8918918918918919,13.216216216216216
R2_B_seed7,R2,0736,1235,816,147,17,0,0,255,791,0.04298356510745891,0.039190897597977246,0.03792667509481669,0.007585335018963337,0.9241466498103666,19.342604298356513,0704,True,40,0,39,0.05128205128205128,0.02564102564102564,0.0,0.0,0.9487179487179487,17.435897435897434
R2_B_seed7,R2,0768,1273,852,147,17,0,0,257,824,0.044902912621359224,0.03762135922330097,0.03640776699029126,0.007281553398058253,0.9259708737864077,19.20752427184466,0736,True,38,0,33,0.09090909090909091,0.0,0.0,0.0,0.9696969696969697,15.969696969696969
R2_B_seed7,R2,0800,1312,888,147,17,0,0,260,858,0.05128205128205128,0.04079254079254079,0.03613053613053613,0.006993006993006993,0.9277389277389277,19.31002331002331,0768,True,39,0,34,0.20588235294117646,0.11764705882352941,0.029411764705882353,0.0,0.9705882352941176,21.794117647058822
R2_B_seed7,R2,0832,1351,924,147,17,0,0,263,894,0.06375838926174497,0.042505592841163314,0.035794183445190156,0.006711409395973154,0.9284116331096197,19.231543624161073,0800,True,39,0,36,0.3611111111111111,0.08333333333333333,0.027777777777777776,0.0,0.9444444444444444,17.36111111111111
R2_B_seed7,R2,0864,1388,960,147,17,0,0,264,930,0.08172043010752689,0.05913978494623656,0.035483870967741936,0.0064516129032258064,0.9311827956989247,19.288172043010753,0832,True,37,0,36,0.5277777777777778,0.4722222222222222,0.027777777777777776,0.0,1.0,20.694444444444443
R2_B_seed7,R2,0896,1421,992,147,17,0,0,265,962,0.10914760914760915,0.07588357588357589,0.034303534303534305,0.006237006237006237,0.9334719334719335,19.31081081081081,0864,True,33,0,32,0.90625,0.5625,0.0,0.0,1.0,19.96875
R2_B_seed7,R2,0928,1444,1015,147,17,0,0,265,983,0.12512716174974567,0.08240081383519837,0.03458799593082401,0.006103763987792472,0.9348931841302136,19.37232960325534,0896,True,23,0,21,0.8571428571428571,0.38095238095238093,0.047619047619047616,0.0,1.0,22.19047619047619
R2_B_seed7,R2,0960,1470,1039,147,17,0,0,267,1004,0.14143426294820718,0.09262948207171315,0.036852589641434265,0.00597609561752988,0.9342629482071713,19.649402390438247,0928,True,26,0,21,0.9047619047619048,0.5714285714285714,0.14285714285714285,0.0,0.9047619047619048,32.61904761904762
R2_B_seed7,R2,0992,1504,1073,147,17,0,0,267,1027,0.15676728334956183,0.09931840311587146,0.0379746835443038,0.005842259006815969,0.9328140214216164,20.01168451801363,0960,True,34,0,23,0.8260869565217391,0.391304347826087,0.08695652173913043,0.0,0.8695652173913043,35.82608695652174
R2_B_seed7,R2,1024,1537,1106,147,17,0,0,267,1048,0.17080152671755724,0.10782442748091603,0.04103053435114504,0.0057251908396946565,0.9284351145038168,20.49618320610687,0992,True,33,0,21,0.8571428571428571,0.5238095238095238,0.19047619047619047,0.0,0.7142857142857143,44.19047619047619
R2_B_seed8,R2,0032,114,35,36,8,0,0,35,19,0.5789473684210527,0.631578947368421,0.05263157894736842,0.21052631578947367,0.2631578947368421,28.526315789473685,,,,,,,,,,,
R2_B_seed8,R2,0064,214,67,69,11,0,0,67,51,0.35294117647058826,0.37254901960784315,0.09803921568627451,0.0784313725490196,0.49019607843137253,21.0,0032,True,100,0,32,0.21875,0.21875,0.125,0.0,0.625,16.53125
R2_B_seed8,R2,0096,251,75,78,13,0,0,85,59,0.3220338983050847,0.3728813559322034,0.1016949152542373,0.06779661016949153,0.4915254237288136,20.864406779661017,0064,True,37,0,8,0.125,0.375,0.125,0.0,0.5,20.0
R2_B_seed8,R2,0128,268,78,79,14,0,0,97,62,0.3064516129032258,0.3548387096774194,0.11290322580645161,0.06451612903225806,0.5161290322580645,21.258064516129032,0096,True,17,0,3,0.0,0.0,0.3333333333333333,0.0,1.0,29.0
R2_B_seed8,R2,0160,325,107,85,17,0,0,116,91,0.2087912087912088,0.24175824175824176,0.10989010989010989,0.04395604395604396,0.5714285714285714,18.846153846153847,0128,True,57,0,29,0.0,0.0,0.10344827586206896,0.0,0.6896551724137931,13.689655172413794
R2_B_seed8,R2,0192,385,142,92,17,0,0,134,125,0.16,0.184,0.088,0.032,0.672,17.912,0160,True,60,0,34,0.029411764705882353,0.029411764705882353,0.029411764705882353,0.0,0.9411764705882353,15.411764705882353
R2_B_seed8,R2,0224,432,179,93,19,0,0,141,161,0.12422360248447205,0.14906832298136646,0.09937888198757763,0.024844720496894408,0.7391304347826086,17.503105590062113,0192,True,47,0,36,0.0,0.027777777777777776,0.1388888888888889,0.0,0.9722222222222222,16.083333333333332
R2_B_seed8,R2,0256,487,215,98,19,0,0,155,196,0.10204081632653061,0.12244897959183673,0.08163265306122448,0.02040816326530612,0.7755102040816326,17.43877551020408,0224,True,55,0,35,0.0,0.0,0.0,0.0,0.9428571428571428,17.142857142857142
R2_B_seed8,R2,0288,543,251,103,20,0,0,169,232,0.08620689655172414,0.10344827586206896,0.06896551724137931,0.017241379310344827,0.8103448275862069,17.461206896551722,0256,True,56,0,36,0.0,0.0,0.0,0.0,1.0,17.583333333333332
R2_B_seed8,R2,0320,590,288,106,20,0,0,176,269,0.07434944237918216,0.08921933085501858,0.05947955390334572,0.01486988847583643,0.8364312267657993,17.53531598513011,0288,True,47,0,37,0.0,0.0,0.0,0.0,1.0,18.0
R2_B_seed8,R2,0352,626,320,107,21,0,0,178,301,0.0664451827242525,0.07973421926910298,0.053156146179401995,0.013289036544850499,0.8538205980066446,17.6046511627907,0320,True,36,0,32,0.0,0.0,0.0,0.0,1.0,18.1875
R2_B_seed8,R2,0384,671,361,108,21,0,0,181,341,0.05865102639296188,0.07038123167155426,0.0469208211143695,0.011730205278592375,0.8709677419354839,17.639296187683286,0352,True,45,0,40,0.0,0.0,0.0,0.0,1.0,17.9
R2_B_seed8,R2,0416,723,400,111,21,0,0,191,379,0.052770448548812667,0.0633245382585752,0.04221635883905013,0.010554089709762533,0.8812664907651715,17.736147757255935,0384,True,52,0,38,0.0,0.0,0.0,0.0,0.9736842105263158,18.605263157894736
R2_B_seed8,R2,0448,764,438,111,21,0,0,194,417,0.047961630695443645,0.05755395683453238,0.03836930455635491,0.009592326139088728,0.8896882494004796,17.836930455635493,0416,True,41,0,38,0.0,0.0,0.0,0.0,0.9736842105263158,18.842105263157894
R2_B_seed8,R2,0480,804,474,112,21,0,0,197,453,0.046357615894039736,0.05518763796909492,0.03532008830022075,0.008830022075055188,0.8984547461368654,17.805739514348787,0448,True,40,0,36,0.027777777777777776,0.027777777777777776,0.0,0.0,1.0,17.444444444444443
R2_B_seed8,R2,0512,843,508,113,21,0,0,201,487,0.043121149897330596,0.0513347022587269,0.03285420944558522,0.008213552361396304,0.9034907597535934,17.636550308008214,0480,True,39,0,34,0.0,0.0,0.0,0.0,0.9705882352941176,15.382352941176471
R2_B_seed8,R2,0544,882,545,113,22,0,0,202,518,0.0444015444015444,0.052123552123552123,0.03088803088803089,0.007722007722007722,0.9092664092664092,17.866795366795365,0512,True,39,0,31,0.06451612903225806,0.06451612903225806,0.0,0.0,1.0,21.483870967741936
R2_B_seed8,R2,0576,921,580,114,22,0,0,205,542,0.042435424354243544,0.04981549815498155,0.02952029520295203,0.007380073800738007,0.9077490774907749,17.78782287822878,0544,True,39,0,24,0.0,0.0,0.0,0.0,0.875,16.083333333333332
R2_B_seed8,R2,0608,958,615,114,22,0,0,207,556,0.04316546762589928,0.048561151079136694,0.02877697841726619,0.007194244604316547,0.9028776978417267,17.694244604316548,0576,True,37,0,14,0.07142857142857142,0.0,0.0,0.0,0.7142857142857143,14.071428571428571
R2_B_seed8,R2,0640,1000,653,115,22,0,0,210,575,0.04521739130434783,0.04695652173913043,0.02782608695652174,0.006956521739130435,0.8991304347826087,17.493913043478262,0608,True,42,0,19,0.10526315789473684,0.0,0.0,0.0,0.7894736842105263,11.631578947368421
R2_B_seed8,R2,0672,1034,686,115,22,0,0,211,589,0.04753820033955857,0.04584040747028863,0.027164685908319185,0.006791171477079796,0.8981324278438031,17.41595925297114,0640,True,34,0,14,0.14285714285714285,0.0,0.0,0.0,0.8571428571428571,14.214285714285714
R2_B_seed8,R2,0704,1066,717,115,22,0,0,212,604,0.048013245033112585,0.046357615894039736,0.026490066225165563,0.006622516556291391,0.8956953642384106,17.43708609271523,0672,True,32,0,15,0.06666666666666667,0.06666666666666667,0.0,0.0,0.8,18.266666666666666
R2_B_seed8,R2,0736,1097,747,115,22,0,0,213,625,0.0496,0.048,0.0256,0.0064,0.8992,17.5328,0704,True,31,0,21,0.09523809523809523,0.09523809523809523,0.0,0.0,1.0,20.285714285714285
R2_B_seed8,R2,0768,1125,775,115,22,0,0,213,648,0.047839506172839504,0.046296296296296294,0.024691358024691357,0.006172839506172839,0.9012345679012346,17.368827160493826,0736,True,28,0,23,0.0,0.0,0.0,0.0,0.9565217391304348,12.91304347826087
R2_B_seed8,R2,0800,1148,797,115,22,0,0,214,665,0.0481203007518797,0.04661654135338346,0.02406015037593985,0.006015037593984963,0.9022556390977443,17.39248120300752,0768,True,23,0,17,0.058823529411764705,0.058823529411764705,0.0,0.0,0.9411764705882353,18.294117647058822
R2_B_seed8,R2,0832,1161,810,115,22,0,0,214,675,0.04888888888888889,0.047407407407407405,0.023703703703703703,0.005925925925925926,0.9037037037037037,17.441481481481482,0800,True,13,0,10,0.1,0.1,0.0,0.0,1.0,20.7
R2_B_seed8,R2,0864,1185,834,115,22,0,0,214,692,0.0476878612716763,0.046242774566473986,0.023121387283236993,0.005780346820809248,0.9060693641618497,17.356936416184972,0832,True,24,0,17,0.0,0.0,0.0,0.0,1.0,14.0
R2_B_seed8,R2,0896,1203,851,115,22,0,0,215,702,0.04700854700854701,0.045584045584045586,0.022792022792022793,0.005698005698005698,0.9045584045584045,17.293447293447294,0864,True,18,0,10,0.0,0.0,0.0,0.0,0.8,12.9
R2_B_seed8,R2,0928,1225,872,115,22,0,0,216,714,0.046218487394957986,0.04481792717086835,0.022408963585434174,0.0056022408963585435,0.9047619047619048,17.176470588235293,0896,True,22,0,12,0.0,0.0,0.0,0.0,0.9166666666666666,10.333333333333334
R2_B_seed8,R2,0960,1253,899,115,22,0,0,217,730,0.04657534246575343,0.045205479452054796,0.021917808219178082,0.005479452054794521,0.9068493150684932,17.160273972602738,0928,True,28,0,16,0.0625,0.0625,0.0,0.0,1.0,16.4375
R2_B_seed8,R2,0992,1272,918,115,22,0,0,217,741,0.04588394062078273,0.044534412955465584,0.021592442645074223,0.005398110661268556,0.9068825910931174,17.072874493927124,0960,True,19,0,11,0.0,0.0,0.0,0.0,0.9090909090909091,11.272727272727273
R2_B_seed8,R2,1024,1283,929,115,22,0,0,217,745,0.04563758389261745,0.04429530201342282,0.021476510067114093,0.005369127516778523,0.9073825503355705,17.051006711409396,0992,True,11,0,4,0.0,0.0,0.0,0.0,1.0,13.0
R3_B_seed503,R3,0032,121,36,40,6,0,0,39,18,0.6111111111111112,0.6666666666666666,0.05555555555555555,0.1111111111111111,0.2777777777777778,25.22222222222222,,,,,,,,,,,
R3_B_seed503,R3,0064,227,70,74,8,0,0,75,50,0.3,0.32,0.06,0.08,0.54,19.02,0032,True,106,0,32,0.125,0.125,0.0625,0.0625,0.6875,15.53125
R3_B_seed503,R3,0096,273,81,82,11,0,0,99,61,0.2459016393442623,0.26229508196721313,0.08196721311475409,0.06557377049180328,0.5573770491803278,18.327868852459016,0064,True,46,0,11,0.0,0.0,0.18181818181818182,0.0,0.6363636363636364,15.181818181818182
R3_B_seed503,R3,0128,285,85,83,11,0,0,106,65,0.23076923076923078,0.24615384615384617,0.07692307692307693,0.06153846153846154,0.5692307692307692,18.16923076923077,0096,True,12,0,4,0.0,0.0,0.0,0.0,0.75,15.75
R3_B_seed503,R3,0160,321,113,83,11,0,0,114,93,0.16129032258064516,0.17204301075268819,0.053763440860215055,0.043010752688172046,0.6774193548387096,17.548387096774192,0128,True,36,0,28,0.0,0.0,0.0,0.0,0.9285714285714286,16.107142857142858
R3_B_seed503,R3,0192,383,145,93,11,0,0,134,125,0.12,0.136,0.04,0.032,0.744,17.28,0160,True,62,0,32,0.0,0.03125,0.0,0.0,0.9375,16.5
R3_B_seed503,R3,0224,417,175,93,11,0,0,138,155,0.0967741935483871,0.10967741935483871,0.03870967741935484,0.025806451612903226,0.7935483870967742,17.083870967741934,0192,True,34,0,30,0.0,0.0,0.03333333333333333,0.0,1.0,16.266666666666666
R3_B_seed503,R3,0256,450,205,93,11,0,0,141,185,0.08108108108108109,0.0918918918918919,0.032432432432432434,0.021621621621621623,0.827027027027027,17.0,0224,True,33,0,30,0.0,0.0,0.0,0.0,1.0,16.566666666666666
R3_B_seed503,R3,0288,486,236,93,11,0,0,146,216,0.06944444444444445,0.0787037037037037,0.027777777777777776,0.018518518518518517,0.8518518518518519,17.050925925925927,0256,True,36,0,31,0.0,0.0,0.0,0.0,1.0,17.35483870967742
R3_B_seed503,R3,0320,519,266,93,11,0,0,149,246,0.06097560975609756,0.06910569105691057,0.024390243902439025,0.016260162601626018,0.8699186991869918,16.9390243902439,0288,True,33,0,30,0.0,0.0,0.0,0.0,1.0,16.133333333333333
R3_B_seed503,R3,0352,544,290,93,11,0,0,150,270,0.05555555555555555,0.06296296296296296,0.022222222222222223,0.014814814814814815,0.8814814814814815,16.81111111111111,0320,True,25,0,24,0.0,0.0,0.0,0.0,1.0,15.5
R3_B_seed503,R3,0384,573,315,93,11,0,0,154,295,0.05084745762711865,0.0576271186440678,0.020338983050847456,0.013559322033898305,0.8915254237288136,16.772881355932203,0352,True,29,0,25,0.0,0.0,0.0,0.0,1.0,16.36
R3_B_seed503,R3,0416,596,334,93,11,0,0,158,314,0.04777070063694268,0.054140127388535034,0.01910828025477707,0.012738853503184714,0.8980891719745223,16.74203821656051,0384,True,23,0,19,0.0,0.0,0.0,0.0,1.0,16.263157894736842
R3_B_seed503,R3,0448,616,353,93,11,0,0,159,333,0.04504504504504504,0.05105105105105105,0.018018018018018018,0.012012012012012012,0.9039039039039038,16.70870870870871,0416,True,20,0,19,0.0,0.0,0.0,0.0,1.0,16.157894736842106
R3_B_seed503,R3,0480,629,365,93,11,0,0,160,345,0.043478260869565216,0.04927536231884058,0.017391304347826087,0.011594202898550725,0.9072463768115943,16.669565217391305,0448,True,13,0,12,0.0,0.0,0.0,0.0,1.0,15.583333333333334
R3_B_seed503,R3,0512,642,377,93,11,0,0,161,357,0.04201680672268908,0.047619047619047616,0.01680672268907563,0.011204481792717087,0.9103641456582633,16.705882352941178,0480,True,13,0,12,0.0,0.0,0.0,0.0,1.0,17.75
R3_B_seed503,R3,0544,648,382,93,11,0,0,162,362,0.04143646408839779,0.04696132596685083,0.016574585635359115,0.011049723756906077,0.9116022099447514,16.712707182320443,0512,True,6,0,5,0.0,0.0,0.0,0.0,1.0,17.2
R3_B_seed503,R3,0576,654,388,93,11,0,0,162,368,0.04076086956521739,0.04619565217391304,0.016304347826086956,0.010869565217391304,0.9130434782608695,16.70923913043478,0544,True,6,0,6,0.0,0.0,0.0,0.0,1.0,16.5
R3_B_seed503,R3,0608,660,392,93,11,0,0,164,372,0.04032258064516129,0.0456989247311828,0.016129032258064516,0.010752688172043012,0.9139784946236559,16.731182795698924,0576,True,6,0,4,0.0,0.0,0.0,0.0,1.0,18.75
R3_B_seed503,R3,0640,664,396,93,11,0,0,164,376,0.0398936170212766,0.04521276595744681,0.015957446808510637,0.010638297872340425,0.9148936170212766,16.768617021276597,0608,True,4,0,4,0.0,0.0,0.0,0.0,1.0,20.25
R3_B_seed503,R3,0672,675,407,93,11,0,0,164,387,0.03875968992248062,0.04392764857881137,0.015503875968992248,0.0103359173126615,0.917312661498708,16.7984496124031,0640,True,11,0,11,0.0,0.0,0.0,0.0,1.0,17.818181818181817
R3_B_seed503,R3,0704,687,419,93,11,0,0,164,399,0.03759398496240601,0.042606516290726815,0.015037593984962405,0.010025062656641603,0.9197994987468672,16.842105263157894,0672,True,12,0,12,0.0,0.0,0.0,0.0,1.0,18.25
R3_B_seed503,R3,0736,698,427,93,11,0,0,167,407,0.036855036855036855,0.04176904176904177,0.014742014742014743,0.009828009828009828,0.9213759213759214,16.87960687960688,0704,True,11,0,8,0.0,0.0,0.0,0.0,1.0,18.75
R3_B_seed503,R3,0768,705,430,93,11,0,0,171,410,0.036585365853658534,0.041463414634146344,0.014634146341463415,0.00975609756097561,0.9219512195121952,16.86829268292683,0736,True,7,0,3,0.0,0.0,0.0,0.0,1.0,15.333333333333334
R3_B_seed503,R3,0800,716,438,93,11,0,0,174,418,0.03588516746411483,0.04066985645933014,0.014354066985645933,0.009569377990430622,0.9234449760765551,16.913875598086126,0768,True,11,0,8,0.0,0.0,0.0,0.0,1.0,19.25
R3_B_seed503,R3,0832,728,447,93,11,0,0,177,427,0.0351288056206089,0.03981264637002342,0.01405152224824356,0.00936768149882904,0.9227166276346604,16.94613583138173,0800,True,12,0,9,0.0,0.0,0.0,0.0,0.8888888888888888,18.444444444444443
R3_B_seed503,R3,0864,745,461,93,12,0,0,179,441,0.034013605442176874,0.03854875283446712,0.013605442176870748,0.009070294784580499,0.9251700680272109,17.006802721088434,0832,True,17,0,14,0.0,0.0,0.0,0.0,1.0,18.857142857142858
R3_B_seed503,R3,0896,759,470,93,12,0,0,184,450,0.03333333333333333,0.03777777777777778,0.013333333333333334,0.008888888888888889,0.9266666666666666,17.033333333333335,0864,True,14,0,9,0.0,0.0,0.0,0.0,1.0,18.333333333333332
R3_B_seed503,R3,0928,778,486,93,13,0,0,186,466,0.032188841201716736,0.03648068669527897,0.012875536480686695,0.008583690987124463,0.9291845493562232,17.13733905579399,0896,True,19,0,16,0.0,0.0,0.0,0.0,1.0,20.0625
R3_B_seed503,R3,0960,795,499,93,14,0,0,189,479,0.031315240083507306,0.03549060542797495,0.012526096033402923,0.008350730688935281,0.9311064718162839,17.20876826722338,0928,True,17,0,13,0.0,0.0,0.0,0.0,1.0,19.76923076923077
R3_B_seed503,R3,0992,813,511,93,19,0,0,190,491,0.03054989816700611,0.034623217922606926,0.012219959266802444,0.008146639511201629,0.9327902240325866,17.28513238289206,0960,True,18,0,12,0.0,0.0,0.0,0.0,1.0,20.333333333333332
R3_B_seed503,R3,1024,826,521,93,21,0,0,191,501,0.029940119760479042,0.033932135728542916,0.011976047904191617,0.007984031936127744,0.9341317365269461,17.36127744510978,0992,True,13,0,10,0.0,0.0,0.0,0.0,1.0,21.1
R3_B_seed504,R3,0032,121,36,36,8,0,0,41,17,0.29411764705882354,0.35294117647058826,0.17647058823529413,0.17647058823529413,0.5294117647058824,30.176470588235293,,,,,,,,,,,
R3_B_seed504,R3,0064,262,79,86,12,0,0,85,57,0.10526315789473684,0.10526315789473684,0.12280701754385964,0.08771929824561403,0.543859649122807,19.45614035087719,0032,True,141,0,40,0.025,0.0,0.1,0.05,0.55,14.9
R3_B_seed504,R3,0096,301,91,96,12,0,0,102,68,0.08823529411764706,0.08823529411764706,0.11764705882352941,0.07352941176470588,0.5882352941176471,19.073529411764707,0064,True,39,0,11,0.0,0.0,0.09090909090909091,0.0,0.8181818181818182,17.09090909090909
R3_B_seed504,R3,0128,341,109,102,12,0,0,118,85,0.07058823529411765,0.07058823529411765,0.09411764705882353,0.07058823529411765,0.6352941176470588,17.75294117647059,0096,True,40,0,17,0.0,0.0,0.0,0.058823529411764705,0.8235294117647058,12.470588235294118
R3_B_seed504,R3,0160,429,157,116,12,0,0,144,131,0.05343511450381679,0.04580152671755725,0.06870229007633588,0.04580152671755725,0.7099236641221374,15.549618320610687,0128,True,88,0,46,0.021739130434782608,0.0,0.021739130434782608,0.0,0.8478260869565217,11.478260869565217
R3_B_seed504,R3,0192,475,199,116,13,0,0,147,173,0.04046242774566474,0.03468208092485549,0.05202312138728324,0.03468208092485549,0.7398843930635838,14.832369942196532,0160,True,46,0,42,0.0,0.0,0.0,0.0,0.8333333333333334,12.595238095238095
R3_B_seed504,R3,0224,512,235,116,13,0,0,148,209,0.03349282296650718,0.028708133971291867,0.0430622009569378,0.028708133971291867,0.7751196172248804,14.421052631578947,0192,True,37,0,36,0.0,0.0,0.0,0.0,0.9444444444444444,12.444444444444445
R3_B_seed504,R3,0256,549,268,116,13,0,0,152,242,0.028925619834710745,0.024793388429752067,0.04132231404958678,0.024793388429752067,0.8016528925619835,14.433884297520661,0224,True,37,0,33,0.0,0.0,0.030303030303030304,0.0,0.9696969696969697,14.515151515151516
R3_B_seed504,R3,0288,592,304,116,13,0,0,159,278,0.025179856115107913,0.02158273381294964,0.03597122302158273,0.02158273381294964,0.8237410071942446,14.586330935251798,0256,True,43,0,36,0.0,0.0,0.0,0.0,0.9722222222222222,15.61111111111111
R3_B_seed504,R3,0320,656,345,123,13,0,0,175,319,0.025078369905956112,0.018808777429467086,0.03134796238244514,0.018808777429467086,0.8401253918495298,14.724137931034482,0288,True,64,0,41,0.024390243902439025,0.0,0.0,0.0,0.9512195121951219,15.658536585365853
R3_B_seed504,R3,0352,694,382,123,13,0,0,176,356,0.02247191011235955,0.016853932584269662,0.028089887640449437,0.016853932584269662,0.8567415730337079,15.03370786516854,0320,True,38,0,37,0.0,0.0,0.0,0.0,1.0,17.7027027027027
R3_B_seed504,R3,0384,729,409,125,13,0,0,182,383,0.020887728459530026,0.015665796344647518,0.02610966057441253,0.015665796344647518,0.8642297650130548,15.133159268929504,0352,True,35,0,27,0.0,0.0,0.0,0.0,0.9629629629629629,16.444444444444443
R3_B_seed504,R3,0416,765,437,128,13,0,0,187,411,0.019464720194647202,0.014598540145985401,0.024330900243309004,0.014598540145985401,0.8734793187347932,15.221411192214111,0384,True,36,0,28,0.0,0.0,0.0,0.0,1.0,16.428571428571427
R3_B_seed504,R3,0448,793,462,128,13,0,0,190,436,0.01834862385321101,0.013761467889908258,0.022935779816513763,0.013761467889908258,0.8807339449541285,15.309633027522937,0416,True,28,0,25,0.0,0.0,0.0,0.0,1.0,16.76
R3_B_seed504,R3,0480,821,483,129,13,0,0,196,457,0.0175054704595186,0.01312910284463895,0.02188183807439825,0.01312910284463895,0.8862144420131292,15.415754923413568,0448,True,28,0,21,0.0,0.0,0.0,0.0,1.0,17.61904761904762
R3_B_seed504,R3,0512,847,498,132,13,0,0,204,472,0.01694915254237288,0.012711864406779662,0.0211864406779661,0.012711864406779662,0.8898305084745762,15.44915254237288,0480,True,26,0,15,0.0,0.0,0.0,0.0,1.0,16.466666666666665
R3_B_seed504,R3,0544,869,515,133,13,0,0,208,489,0.016359918200409,0.012269938650306749,0.02044989775051125,0.012269938650306749,0.8936605316973415,15.554192229038854,0512,True,22,0,17,0.0,0.0,0.0,0.0,1.0,18.470588235294116
R3_B_seed504,R3,0576,903,534,138,13,0,0,218,508,0.015748031496062992,0.013779527559055118,0.01968503937007874,0.011811023622047244,0.8976377952755905,15.661417322834646,0544,True,34,0,19,0.0,0.05263157894736842,0.0,0.0,1.0,18.42105263157895
R3_B_seed504,R3,0608,938,554,142,13,0,0,229,527,0.015180265654648957,0.013282732447817837,0.018975332068311195,0.011385199240986717,0.9013282732447818,15.772296015180265,0576,True,35,0,19,0.0,0.0,0.0,0.0,1.0,18.736842105263158
R3_B_seed504,R3,0640,972,568,148,13,0,0,243,541,0.014787430683918669,0.018484288354898338,0.018484288354898338,0.011090573012939002,0.9038817005545287,15.89648798521257,0608,True,34,0,14,0.0,0.21428571428571427,0.0,0.0,1.0,20.571428571428573
R3_B_seed504,R3,0672,988,580,150,13,0,0,245,553,0.014466546112115732,0.019891500904159132,0.018083182640144666,0.0108499095840868,0.9059674502712477,15.954792043399639,0640,True,16,0,12,0.0,0.08333333333333333,0.0,0.0,1.0,18.583333333333332
R3_B_seed504,R3,0704,998,585,152,13,0,0,248,558,0.014336917562724014,0.01971326164874552,0.017921146953405017,0.010752688172043012,0.9068100358422939,15.99641577060932,0672,True,10,0,5,0.0,0.0,0.0,0.0,1.0,20.6
R3_B_seed504,R3,0736,1010,591,154,13,0,0,252,563,0.014209591474245116,0.019538188277087035,0.017761989342806393,0.010657193605683837,0.9076376554174067,16.05861456483126,0704,True,12,0,5,0.0,0.0,0.0,0.0,1.0,23.0
R3_B_seed504,R3,0768,1030,604,156,13,0,0,257,575,0.01565217391304348,0.022608695652173914,0.017391304347826087,0.010434782608695653,0.9095652173913044,16.14782608695652,0736,True,20,0,12,0.08333333333333333,0.16666666666666666,0.0,0.0,1.0,20.333333333333332
R3_B_seed504,R3,0800,1036,609,156,13,0,0,258,580,0.017241379310344827,0.022413793103448276,0.017241379310344827,0.010344827586206896,0.9103448275862069,16.167241379310344,0768,True,6,0,5,0.2,0.0,0.0,0.0,1.0,18.4
R3_B_seed504,R3,0832,1043,616,156,13,0,0,258,586,0.017064846416382253,0.02218430034129693,0.017064846416382253,0.010238907849829351,0.9112627986348123,16.197952218430036,0800,True,7,0,6,0.0,0.0,0.0,0.0,1.0,19.166666666666668
R3_B_seed504,R3,0864,1050,621,157,13,0,0,259,591,0.01692047377326565,0.021996615905245348,0.01692047377326565,0.01015228426395939,0.9120135363790186,16.2165820642978,0832,True,7,0,5,0.0,0.0,0.0,0.0,1.0,18.4
R3_B_seed504,R3,0896,1062,626,160,13,0,0,263,595,0.01680672268907563,0.021848739495798318,0.01680672268907563,0.010084033613445379,0.9126050420168067,16.25546218487395,0864,True,12,0,4,0.0,0.0,0.0,0.0,1.0,22.0
R3_B_seed504,R3,0928,1076,638,160,13,0,0,265,607,0.016474464579901153,0.0214168039538715,0.016474464579901153,0.009884678747940691,0.914332784184514,16.372322899505765,0896,True,14,0,12,0.0,0.0,0.0,0.0,1.0,22.166666666666668
R3_B_seed504,R3,0960,1085,646,160,13,0,0,266,615,0.016260162601626018,0.02113821138211382,0.016260162601626018,0.00975609756097561,0.9154471544715447,16.4,0928,True,9,0,8,0.0,0.0,0.0,0.0,1.0,18.5
R3_B_seed504,R3,0992,1097,656,161,13,0,0,267,623,0.016051364365971106,0.02086677367576244,0.016051364365971106,0.009630818619582664,0.9165329052969502,16.457463884430176,0960,True,12,0,8,0.0,0.0,0.0,0.0,1.0,20.875
R3_B_seed504,R3,1024,1105,657,163,13,0,0,272,624,0.016025641025641024,0.020833333333333332,0.016025641025641024,0.009615384615384616,0.9166666666666666,16.453525641025642,0992,True,8,0,1,0.0,0.0,0.0,0.0,1.0,14.0
R3_B_seed505,R3,0032,128,37,45,6,0,0,40,17,0.35294117647058826,0.35294117647058826,0.058823529411764705,0.17647058823529413,0.4117647058823529,25.352941176470587,,,,,,,,,,,
R3_B_seed505,R3,0064,248,73,89,6,0,0,80,52,0.28846153846153844,0.25,0.11538461538461539,0.07692307692307693,0.8076923076923077,20.596153846153847,0032,True,120,0,35,0.2571428571428571,0.2,0.14285714285714285,0.02857142857142857,1.0,18.285714285714285
R3_B_seed505,R3,0096,305,91,99,6,0,0,109,69,0.2608695652173913,0.2318840579710145,0.08695652173913043,0.07246376811594203,0.8405797101449275,21.463768115942027,0064,True,57,0,17,0.17647058823529413,0.17647058823529413,0.0,0.058823529411764705,0.9411764705882353,24.11764705882353
R3_B_seed505,R3,0128,353,105,105,6,0,0,137,83,0.21686746987951808,0.1927710843373494,0.07228915662650602,0.060240963855421686,0.8674698795180723,21.19277108433735,0096,True,48,0,14,0.0,0.0,0.0,0.0,1.0,19.857142857142858
R3_B_seed505,R3,0160,407,139,109,6,0,0,153,117,0.15384615384615385,0.13675213675213677,0.05128205128205128,0.042735042735042736,0.905982905982906,20.4017094017094,0128,True,54,0,34,0.0,0.0,0.0,0.0,1.0,18.470588235294116
R3_B_seed505,R3,0192,460,172,114,6,0,0,168,149,0.12751677852348994,0.11409395973154363,0.040268456375838924,0.03355704697986577,0.9261744966442953,19.953020134228186,0160,True,53,0,32,0.03125,0.03125,0.0,0.0,1.0,18.3125
R3_B_seed505,R3,0224,531,210,123,6,0,0,192,187,0.11229946524064172,0.09090909090909091,0.03208556149732621,0.026737967914438502,0.9358288770053476,19.60427807486631,0192,True,71,0,38,0.05263157894736842,0.0,0.0,0.0,0.9736842105263158,18.236842105263158
R3_B_seed505,R3,0256,596,243,130,12,0,0,211,220,0.1,0.08181818181818182,0.02727272727272727,0.022727272727272728,0.9454545454545454,19.577272727272728,0224,True,65,0,33,0.030303030303030304,0.030303030303030304,0.0,0.0,1.0,19.424242424242426
R3_B_seed505,R3,0288,642,274,134,13,0,0,221,251,0.10358565737051793,0.07569721115537849,0.02390438247011952,0.0199203187250996,0.952191235059761,19.334661354581673,0256,True,46,0,31,0.12903225806451613,0.03225806451612903,0.0,0.0,1.0,17.612903225806452
R3_B_seed505,R3,0320,681,308,135,14,0,0,224,285,0.0912280701754386,0.06666666666666667,0.021052631578947368,0.017543859649122806,0.9578947368421052,19.343859649122805,0288,True,39,0,34,0.0,0.0,0.0,0.0,1.0,19.41176470588235
R3_B_seed505,R3,0352,719,342,135,14,0,0,228,319,0.0877742946708464,0.05956112852664577,0.018808777429467086,0.01567398119122257,0.9623824451410659,19.141065830721004,0320,True,38,0,34,0.058823529411764705,0.0,0.0,0.0,1.0,17.441176470588236
R3_B_seed505,R3,0384,747,369,135,15,0,0,228,346,0.08670520231213873,0.05491329479768786,0.017341040462427744,0.014450867052023121,0.9624277456647399,19.034682080924856,0352,True,28,0,27,0.07407407407407407,0.0,0.0,0.0,0.9629629629629629,17.77777777777778
R3_B_seed505,R3,0416,769,387,136,15,0,0,231,364,0.08241758241758242,0.0521978021978022,0.016483516483516484,0.013736263736263736,0.9642857142857143,18.925824175824175,0384,True,22,0,18,0.0,0.0,0.0,0.0,1.0,16.833333333333332
R3_B_seed505,R3,0448,795,412,136,16,0,0,231,389,0.07969151670951156,0.04884318766066838,0.015424164524421594,0.012853470437017995,0.9665809768637532,18.925449871465297,0416,True,26,0,25,0.04,0.0,0.0,0.0,1.0,18.92
R3_B_seed505,R3,0480,824,438,137,16,0,0,233,415,0.07710843373493977,0.04578313253012048,0.014457831325301205,0.012048192771084338,0.963855421686747,18.954216867469878,0448,True,29,0,26,0.038461538461538464,0.0,0.0,0.0,0.9230769230769231,19.384615384615383
R3_B_seed505,R3,0512,844,458,137,16,0,0,233,435,0.07586206896551724,0.04367816091954023,0.013793103448275862,0.011494252873563218,0.9632183908045977,18.914942528735633,0480,True,20,0,20,0.05,0.0,0.0,0.0,0.95,18.1
R3_B_seed505,R3,0544,864,477,137,16,0,0,234,454,0.07268722466960352,0.04185022026431718,0.013215859030837005,0.011013215859030838,0.9647577092511013,18.922907488986784,0512,True,20,0,19,0.0,0.0,0.0,0.0,1.0,19.105263157894736
R3_B_seed505,R3,0576,874,486,137,17,0,0,234,463,0.07127429805615551,0.04103671706263499,0.012958963282937365,0.01079913606911447,0.9654427645788337,18.896328293736502,0544,True,10,0,9,0.0,0.0,0.0,0.0,1.0,17.555555555555557
R3_B_seed505,R3,0608,901,512,137,17,0,0,235,489,0.06952965235173825,0.03885480572597137,0.012269938650306749,0.010224948875255624,0.967280163599182,18.971370143149283,0576,True,27,0,26,0.038461538461538464,0.0,0.0,0.0,1.0,20.307692307692307
R3_B_seed505,R3,0640,915,526,137,17,0,0,235,503,0.07157057654075547,0.039761431411530816,0.011928429423459244,0.009940357852882704,0.9681908548707754,18.944333996023857,0608,True,14,0,14,0.14285714285714285,0.07142857142857142,0.0,0.0,1.0,18.0
R3_B_seed505,R3,0672,932,543,137,17,0,0,235,520,0.06923076923076923,0.038461538461538464,0.011538461538461539,0.009615384615384616,0.9692307692307692,18.926923076923078,0640,True,17,0,17,0.0,0.0,0.0,0.0,1.0,18.41176470588235
R3_B_seed505,R3,0704,951,562,137,17,0,0,235,539,0.06679035250463822,0.03710575139146568,0.011131725417439703,0.00927643784786642,0.9703153988868275,18.97031539888683,0672,True,19,0,19,0.0,0.0,0.0,0.0,1.0,20.157894736842106
R3_B_seed505,R3,0736,971,582,137,17,0,0,235,559,0.06440071556350627,0.03577817531305903,0.01073345259391771,0.008944543828264758,0.9695885509838998,18.9391771019678,0704,True,20,0,20,0.0,0.0,0.0,0.0,0.95,18.1
R3_B_seed505,R3,0768,996,606,137,17,0,0,236,583,0.0634648370497427,0.03430531732418525,0.010291595197255575,0.008576329331046312,0.9708404802744426,18.969125214408233,0736,True,25,0,24,0.041666666666666664,0.0,0.0,0.0,1.0,19.666666666666668
R3_B_seed505,R3,0800,1017,627,137,17,0,0,236,604,0.06456953642384106,0.033112582781456956,0.009933774834437087,0.008278145695364239,0.9718543046357616,18.93211920529801,0768,True,21,0,21,0.09523809523809523,0.0,0.0,0.0,1.0,17.904761904761905
R3_B_seed505,R3,0832,1037,646,137,17,0,0,237,623,0.06420545746388442,0.03210272873194221,0.009630818619582664,0.008025682182985553,0.9727126805778491,18.8892455858748,0800,True,20,0,19,0.05263157894736842,0.0,0.0,0.0,1.0,17.526315789473685
R3_B_seed505,R3,0864,1063,671,137,17,0,0,238,648,0.06635802469135803,0.030864197530864196,0.009259259259259259,0.007716049382716049,0.9737654320987654,18.84104938271605,0832,True,26,0,25,0.12,0.0,0.0,0.0,1.0,17.64
R3_B_seed505,R3,0896,1084,690,137,17,0,0,240,667,0.06896551724137931,0.029985007496251874,0.008995502248875561,0.0074962518740629685,0.974512743628186,18.794602698650674,0864,True,21,0,19,0.15789473684210525,0.0,0.0,0.0,1.0,17.210526315789473
R3_B_seed505,R3,0928,1106,712,137,17,0,0,240,689,0.06966618287373004,0.02902757619738752,0.008708272859216255,0.00725689404934688,0.9753265602322206,18.706821480406386,0896,True,22,0,22,0.09090909090909091,0.0,0.0,0.0,1.0,16.045454545454547
R3_B_seed505,R3,0960,1124,730,137,17,0,0,240,707,0.06930693069306931,0.028288543140028287,0.008486562942008486,0.007072135785007072,0.9759547383309759,18.654879773691654,0928,True,18,0,18,0.05555555555555555,0.0,0.0,0.0,1.0,16.666666666666668
R3_B_seed505,R3,0992,1142,747,137,17,0,0,241,724,0.06767955801104972,0.027624309392265192,0.008287292817679558,0.006906077348066298,0.9765193370165746,18.617403314917127,0960,True,18,0,17,0.0,0.0,0.0,0.0,1.0,17.058823529411764
R3_B_seed505,R3,1024,1159,764,137,17,0,0,241,741,0.06612685560053981,0.02699055330634278,0.008097165991902834,0.006747638326585695,0.9770580296896086,18.592442645074225,0992,True,17,0,17,0.0,0.0,0.0,0.0,1.0,17.529411764705884
R4_B_seed600,R4,0032,113,36,39,3,0,0,35,18,0.3333333333333333,0.1111111111111111,0.05555555555555555,0.16666666666666666,0.4444444444444444,26.555555555555557,,,,,,,,,,,
R4_B_seed600,R4,0064,225,72,76,4,0,0,73,50,0.18,0.1,0.14,0.08,0.54,19.0,0032,True,112,0,32,0.09375,0.09375,0.1875,0.03125,0.59375,14.75
R4_B_seed600,R4,0096,268,85,84,4,0,0,95,63,0.14285714285714285,0.07936507936507936,0.19047619047619047,0.06349206349206349,0.5238095238095238,17.285714285714285,0064,True,43,0,13,0.0,0.0,0.38461538461538464,0.0,0.46153846153846156,10.692307692307692
R4_B_seed600,R4,0128,305,97,90,5,0,0,113,75,0.12,0.08,0.17333333333333334,0.05333333333333334,0.5466666666666666,16.28,0096,True,37,0,12,0.0,0.08333333333333333,0.08333333333333333,0.0,0.6666666666666666,11.0
R4_B_seed600,R4,0160,338,127,90,5,0,0,116,104,0.08653846153846154,0.057692307692307696,0.14423076923076922,0.038461538461538464,0.5673076923076923,14.98076923076923,0128,True,33,0,29,0.0,0.0,0.06896551724137931,0.0,0.6206896551724138,11.620689655172415
R4_B_seed600,R4,0192,379,163,91,5,0,0,120,137,0.08029197080291971,0.051094890510948905,0.1386861313868613,0.029197080291970802,0.6204379562043796,14.613138686131387,0160,True,41,0,33,0.06060606060606061,0.030303030303030304,0.12121212121212122,0.0,0.7878787878787878,13.454545454545455
R4_B_seed600,R4,0224,411,194,91,5,0,0,121,163,0.0736196319018405,0.04294478527607362,0.1165644171779141,0.03067484662576687,0.6687116564417178,14.840490797546012,0192,True,32,0,26,0.038461538461538464,0.0,0.0,0.038461538461538464,0.9230769230769231,16.03846153846154
R4_B_seed600,R4,0256,443,226,91,5,0,0,121,190,0.06315789473684211,0.03684210526315789,0.1,0.02631578947368421,0.7052631578947368,14.9,0224,True,32,0,27,0.0,0.0,0.0,0.0,0.9259259259259259,15.25925925925926
R4_B_seed600,R4,0288,483,264,91,5,0,0,123,212,0.0660377358490566,0.03773584905660377,0.08962264150943396,0.02358490566037736,0.7311320754716981,15.056603773584905,0256,True,40,0,22,0.09090909090909091,0.045454545454545456,0.0,0.0,0.9545454545454546,16.40909090909091
R4_B_seed600,R4,0320,521,301,91,5,0,0,124,228,0.06578947368421052,0.039473684210526314,0.08333333333333333,0.021929824561403508,0.7412280701754386,15.057017543859649,0288,True,38,0,16,0.0625,0.0625,0.0,0.0,0.875,15.0625
R4_B_seed600,R4,0352,562,334,91,10,0,0,127,244,0.06147540983606557,0.036885245901639344,0.09016393442622951,0.020491803278688523,0.7459016393442623,14.959016393442623,0320,True,41,0,16,0.0,0.0,0.1875,0.0,0.8125,13.5625
R4_B_seed600,R4,0384,601,371,91,11,0,0,128,247,0.06072874493927125,0.03643724696356275,0.0931174089068826,0.020242914979757085,0.7449392712550608,14.97165991902834,0352,True,39,0,3,0.0,0.0,0.3333333333333333,0.0,0.6666666666666666,16.0
R4_B_seed600,R4,0416,637,405,91,11,0,0,130,255,0.058823529411764705,0.03529411764705882,0.09019607843137255,0.0196078431372549,0.7450980392156863,14.666666666666666,0384,True,36,0,8,0.0,0.0,0.0,0.0,0.75,5.25
R4_B_seed600,R4,0448,674,439,91,11,0,0,133,272,0.05514705882352941,0.03308823529411765,0.08823529411764706,0.01838235294117647,0.7573529411764706,14.628676470588236,0416,True,37,0,17,0.0,0.0,0.058823529411764705,0.0,0.9411764705882353,14.058823529411764
R4_B_seed600,R4,0480,706,471,91,11,0,0,133,277,0.05415162454873646,0.032490974729241874,0.08664259927797834,0.018050541516245487,0.7581227436823105,14.588447653429602,0448,True,32,0,5,0.0,0.0,0.0,0.0,0.8,12.4
R4_B_seed600,R4,0512,743,502,92,11,0,0,138,280,0.05357142857142857,0.03214285714285714,0.08571428571428572,0.017857142857142856,0.7607142857142857,14.54642857142857,0480,True,37,0,3,0.0,0.0,0.0,0.0,1.0,10.666666666666666
R4_B_seed600,R4,0544,772,530,92,11,0,0,139,286,0.05244755244755245,0.03146853146853147,0.08391608391608392,0.017482517482517484,0.7657342657342657,14.555944055944057,0512,True,29,0,6,0.0,0.0,0.0,0.0,1.0,15.0
R4_B_seed600,R4,0576,801,554,93,11,0,0,143,290,0.05172413793103448,0.03103448275862069,0.08275862068965517,0.017241379310344827,0.7689655172413793,14.575862068965517,0544,True,29,0,4,0.0,0.0,0.0,0.0,1.0,16.0
R4_B_seed600,R4,0608,825,577,93,11,0,0,144,294,0.05102040816326531,0.030612244897959183,0.08163265306122448,0.017006802721088437,0.7721088435374149,14.571428571428571,0576,True,24,0,4,0.0,0.0,0.0,0.0,1.0,14.25
R4_B_seed600,R4,0640,847,597,93,11,0,0,146,299,0.05016722408026756,0.030100334448160536,0.0802675585284281,0.016722408026755852,0.7725752508361204,14.57190635451505,0608,True,22,0,5,0.0,0.0,0.0,0.0,0.8,14.6
R4_B_seed600,R4,0672,881,624,95,11,0,0,151,302,0.04966887417218543,0.029801324503311258,0.07947019867549669,0.016556291390728478,0.7748344370860927,14.62251655629139,0640,True,34,0,3,0.0,0.0,0.0,0.0,1.0,19.666666666666668
R4_B_seed600,R4,0704,915,656,95,11,0,0,153,305,0.04918032786885246,0.029508196721311476,0.07868852459016394,0.01639344262295082,0.7737704918032787,14.583606557377049,0672,True,34,0,3,0.0,0.0,0.0,0.0,0.6666666666666666,10.666666666666666
R4_B_seed600,R4,0736,948,689,95,11,0,0,153,308,0.048701298701298704,0.02922077922077922,0.07792207792207792,0.016233766233766232,0.775974025974026,14.642857142857142,0704,True,33,0,3,0.0,0.0,0.0,0.0,1.0,20.666666666666668
R4_B_seed600,R4,0768,976,716,95,11,0,0,154,313,0.04792332268370607,0.02875399361022364,0.07667731629392971,0.01597444089456869,0.7795527156549521,14.731629392971247,0736,True,28,0,5,0.0,0.0,0.0,0.0,1.0,20.2
R4_B_seed600,R4,0800,1000,739,95,11,0,0,155,317,0.0473186119873817,0.028391167192429023,0.07570977917981073,0.015772870662460567,0.7823343848580442,14.864353312302839,0768,True,24,0,4,0.0,0.0,0.0,0.0,1.0,25.25
R4_B_seed600,R4,0832,1020,757,95,11,0,0,157,318,0.04716981132075472,0.02830188679245283,0.07547169811320754,0.015723270440251572,0.7830188679245284,14.89937106918239,0800,True,20,0,1,0.0,0.0,0.0,0.0,1.0,26.0
R4_B_seed600,R4,0864,1040,777,95,11,0,0,157,325,0.046153846153846156,0.027692307692307693,0.07384615384615385,0.015384615384615385,0.7876923076923077,14.984615384615385,0832,True,20,0,7,0.0,0.0,0.0,0.0,1.0,18.857142857142858
R4_B_seed600,R4,0896,1061,797,95,11,0,0,158,330,0.045454545454545456,0.02727272727272727,0.07272727272727272,0.015151515151515152,0.7909090909090909,15.1,0864,True,21,0,5,0.0,0.0,0.0,0.0,1.0,22.6
R4_B_seed600,R4,0928,1082,816,95,11,0,0,160,332,0.045180722891566265,0.02710843373493976,0.07228915662650602,0.015060240963855422,0.7891566265060241,15.05421686746988,0896,True,21,0,2,0.0,0.0,0.0,0.0,0.5,7.5
R4_B_seed600,R4,0960,1103,837,95,11,0,0,160,336,0.044642857142857144,0.026785714285714284,0.07142857142857142,0.01488095238095238,0.7916666666666666,15.163690476190476,0928,True,21,0,4,0.0,0.0,0.0,0.0,1.0,24.25
R4_B_seed600,R4,0992,1126,858,95,11,0,0,162,341,0.04398826979472141,0.026392961876832845,0.07038123167155426,0.01466275659824047,0.7947214076246334,15.249266862170089,0960,True,23,0,5,0.0,0.0,0.0,0.0,1.0,21.0
R4_B_seed600,R4,1024,1150,882,95,11,0,0,162,341,0.04398826979472141,0.026392961876832845,0.07038123167155426,0.01466275659824047,0.7947214076246334,15.249266862170089,0992,True,24,0,0,,,,,,
R4_B_seed601,R4,0032,121,36,42,4,0,0,39,15,0.6,0.4666666666666667,0.06666666666666667,0.26666666666666666,0.4666666666666667,26.6,,,,,,,,,,,
R4_B_seed601,R4,0064,243,73,82,7,0,0,81,50,0.34,0.3,0.08,0.14,0.58,18.04,0032,True,122,0,35,0.22857142857142856,0.22857142857142856,0.08571428571428572,0.08571428571428572,0.6285714285714286,14.371428571428572
R4_B_seed601,R4,0096,317,94,99,8,0,0,116,71,0.36619718309859156,0.2535211267605634,0.09859154929577464,0.09859154929577464,0.4507042253521127,18.774647887323944,0064,True,74,0,21,0.42857142857142855,0.14285714285714285,0.14285714285714285,0.0,0.14285714285714285,20.523809523809526
R4_B_seed601,R4,0128,358,107,107,9,0,0,135,84,0.3333333333333333,0.2261904761904762,0.08333333333333333,0.08333333333333333,0.39285714285714285,18.726190476190474,0096,True,41,0,13,0.15384615384615385,0.07692307692307693,0.0,0.0,0.07692307692307693,18.46153846153846
R4_B_seed601,R4,0160,427,151,114,11,0,0,151,127,0.2755905511811024,0.1732283464566929,0.06299212598425197,0.05511811023622047,0.2755905511811024,18.1496062992126,0128,True,69,0,43,0.16279069767441862,0.06976744186046512,0.023255813953488372,0.0,0.046511627906976744,17.023255813953487
R4_B_seed601,R4,0192,497,195,122,11,0,0,169,169,0.24260355029585798,0.15384615384615385,0.047337278106508875,0.04142011834319527,0.22485207100591717,17.54437869822485,0160,True,70,0,42,0.14285714285714285,0.09523809523809523,0.0,0.0,0.07142857142857142,15.714285714285714
R4_B_seed601,R4,0224,561,240,126,11,0,0,184,211,0.21800947867298578,0.13270142180094788,0.037914691943127965,0.03317535545023697,0.1848341232227488,16.677725118483412,0192,True,64,0,42,0.11904761904761904,0.047619047619047616,0.0,0.0,0.023809523809523808,13.19047619047619
R4_B_seed601,R4,0256,617,281,129,11,0,0,196,248,0.21774193548387097,0.11290322580645161,0.03225806451612903,0.028225806451612902,0.16532258064516128,16.108870967741936,0224,True,56,0,37,0.21621621621621623,0.0,0.0,0.0,0.05405405405405406,12.864864864864865
R4_B_seed601,R4,0288,668,320,133,11,0,0,204,279,0.23655913978494625,0.11469534050179211,0.03225806451612903,0.025089605734767026,0.15770609318996415,16.799283154121863,0256,True,51,0,31,0.3870967741935484,0.12903225806451613,0.03225806451612903,0.0,0.0967741935483871,22.322580645161292
R4_B_seed601,R4,0320,730,363,140,12,0,0,215,309,0.2686084142394822,0.11003236245954692,0.02912621359223301,0.022653721682847898,0.1715210355987055,17.22653721682848,0288,True,62,0,30,0.5666666666666667,0.06666666666666667,0.0,0.0,0.3,21.2
R4_B_seed601,R4,0352,774,403,141,12,0,0,218,337,0.29376854599406527,0.10979228486646884,0.026706231454005934,0.020771513353115726,0.17507418397626112,17.658753709198812,0320,True,44,0,28,0.5714285714285714,0.10714285714285714,0.0,0.0,0.21428571428571427,22.428571428571427
R4_B_seed601,R4,0384,823,445,142,12,0,0,224,363,0.325068870523416,0.11019283746556474,0.030303030303030304,0.01928374655647383,0.1790633608815427,17.856749311294767,0352,True,49,0,26,0.7307692307692307,0.11538461538461539,0.07692307692307693,0.0,0.23076923076923078,20.423076923076923
R4_B_seed601,R4,0416,866,486,142,12,0,0,226,387,0.3359173126614987,0.11369509043927649,0.028423772609819122,0.01808785529715762,0.1834625322997416,18.10594315245478,0384,True,43,0,24,0.5,0.16666666666666666,0.0,0.0,0.25,21.875
R4_B_seed601,R4,0448,909,528,142,12,0,0,227,410,0.3439024390243902,0.11219512195121951,0.026829268292682926,0.01707317073170732,0.1975609756097561,18.529268292682925,0416,True,43,0,23,0.4782608695652174,0.08695652173913043,0.0,0.0,0.43478260869565216,25.652173913043477
R4_B_seed601,R4,0480,941,560,142,12,0,0,227,423,0.34988179669030733,0.1111111111111111,0.026004728132387706,0.016548463356973995,0.2033096926713948,18.77068557919622,0448,True,32,0,13,0.5384615384615384,0.07692307692307693,0.0,0.0,0.38461538461538464,26.384615384615383
R4_B_seed601,R4,0512,988,604,142,12,0,0,230,442,0.3552036199095023,0.1085972850678733,0.024886877828054297,0.01583710407239819,0.21266968325791855,18.846153846153847,0480,True,47,0,19,0.47368421052631576,0.05263157894736842,0.0,0.0,0.42105263157894735,20.526315789473685
R4_B_seed601,R4,0544,1026,642,142,12,0,0,230,464,0.3599137931034483,0.10991379310344827,0.023706896551724137,0.015086206896551725,0.21982758620689655,19.122844827586206,0512,True,38,0,22,0.45454545454545453,0.13636363636363635,0.0,0.0,0.36363636363636365,24.681818181818183
R4_B_seed601,R4,0576,1065,680,142,12,0,0,231,484,0.36363636363636365,0.1115702479338843,0.024793388429752067,0.014462809917355372,0.2231404958677686,19.326446280991735,0544,True,39,0,20,0.45,0.15,0.05,0.0,0.3,24.05
R4_B_seed601,R4,0608,1098,713,142,12,0,0,231,505,0.36633663366336633,0.11089108910891089,0.023762376237623763,0.013861386138613862,0.22772277227722773,19.522772277227723,0576,True,33,0,21,0.42857142857142855,0.09523809523809523,0.0,0.0,0.3333333333333333,24.047619047619047
R4_B_seed601,R4,0640,1140,749,144,12,0,0,235,522,0.36590038314176243,0.1111111111111111,0.022988505747126436,0.013409961685823755,0.23754789272030652,19.74712643678161,0608,True,42,0,17,0.35294117647058826,0.11764705882352941,0.0,0.0,0.5294117647058824,26.41176470588235
R4_B_seed601,R4,0672,1162,771,144,12,0,0,235,536,0.3694029850746269,0.10820895522388059,0.022388059701492536,0.013059701492537313,0.23694029850746268,19.611940298507463,0640,True,22,0,14,0.5,0.0,0.0,0.0,0.21428571428571427,14.571428571428571
R4_B_seed601,R4,0704,1188,797,144,12,0,0,235,549,0.37340619307832423,0.11293260473588343,0.02185792349726776,0.012750455373406194,0.2459016393442623,19.863387978142075,0672,True,26,0,13,0.5384615384615384,0.3076923076923077,0.0,0.0,0.6153846153846154,30.23076923076923
R4_B_seed601,R4,0736,1198,806,144,12,0,0,236,553,0.37251356238698013,0.11211573236889692,0.0216998191681736,0.012658227848101266,0.24773960216998192,19.801084990958408,0704,True,10,0,4,0.25,0.0,0.0,0.0,0.5,11.25
R4_B_seed601,R4,0768,1228,834,145,12,0,0,237,559,0.3756708407871199,0.11449016100178891,0.02146690518783542,0.012522361359570662,0.2504472271914132,20.008944543828264,0736,True,30,0,6,0.6666666666666666,0.3333333333333333,0.0,0.0,0.5,39.166666666666664
R4_B_seed601,R4,0800,1246,852,145,12,0,0,237,565,0.3769911504424779,0.11504424778761062,0.021238938053097345,0.012389380530973451,0.25663716814159293,20.276106194690264,0768,True,18,0,6,0.5,0.16666666666666666,0.0,0.0,0.8333333333333334,45.166666666666664
R4_B_seed601,R4,0832,1277,882,145,12,0,0,238,573,0.38219895287958117,0.1169284467713787,0.020942408376963352,0.012216404886561954,0.2582897033158813,20.37870855148342,0800,True,31,0,8,0.75,0.25,0.0,0.0,0.375,27.625
R4_B_seed601,R4,0864,1297,902,145,12,0,0,238,579,0.385146804835924,0.11744386873920552,0.022452504317789293,0.012089810017271158,0.26424870466321243,20.471502590673577,0832,True,20,0,6,0.6666666666666666,0.16666666666666666,0.16666666666666666,0.0,0.8333333333333334,29.333333333333332
R4_B_seed601,R4,0896,1313,918,145,12,0,0,238,586,0.3873720136518771,0.11774744027303755,0.02218430034129693,0.011945392491467578,0.2645051194539249,20.511945392491466,0864,True,16,0,7,0.5714285714285714,0.14285714285714285,0.0,0.0,0.2857142857142857,23.857142857142858
R4_B_seed601,R4,0928,1328,932,145,12,0,0,239,592,0.3902027027027027,0.11655405405405406,0.02195945945945946,0.011824324324324325,0.2668918918918919,20.4847972972973,0896,True,15,0,6,0.6666666666666666,0.0,0.0,0.0,0.5,17.833333333333332
R4_B_seed601,R4,0960,1348,952,145,12,0,0,239,599,0.39565943238731216,0.11853088480801335,0.021702838063439065,0.011686143572621035,0.2687813021702838,20.62771285475793,0928,True,20,0,7,0.8571428571428571,0.2857142857142857,0.0,0.0,0.42857142857142855,32.714285714285715
R4_B_seed601,R4,0992,1366,969,145,12,0,0,240,602,0.3953488372093023,0.11794019933554817,0.02159468438538206,0.011627906976744186,0.2707641196013289,20.654485049833887,0960,True,18,0,3,0.3333333333333333,0.0,0.0,0.0,0.6666666666666666,26.0
R4_B_seed601,R4,1024,1396,999,145,12,0,0,240,617,0.39708265802269044,0.1166936790923825,0.02106969205834684,0.011345218800648298,0.27228525121555913,20.641815235008103,0992,True,30,0,15,0.4666666666666667,0.06666666666666667,0.0,0.0,0.3333333333333333,20.133333333333333
R4_B_seed602,R4,0032,131,40,46,7,0,0,38,23,0.30434782608695654,0.43478260869565216,0.13043478260869565,0.13043478260869565,0.43478260869565216,28.26086956521739,,,,,,,,,,,
R4_B_seed602,R4,0064,230,72,82,11,0,0,65,55,0.14545454545454545,0.2545454545454545,0.07272727272727272,0.05454545454545454,0.4909090909090909,22.09090909090909,0032,True,99,0,32,0.03125,0.125,0.03125,0.0,0.53125,17.65625
R4_B_seed602,R4,0096,275,86,92,12,0,0,85,69,0.14492753623188406,0.21739130434782608,0.07246376811594203,0.057971014492753624,0.4927536231884058,21.73913043478261,0064,True,45,0,14,0.14285714285714285,0.07142857142857142,0.07142857142857142,0.07142857142857142,0.5,20.357142857142858
R4_B_seed602,R4,0128,290,90,92,12,0,0,96,73,0.136986301369863,0.2054794520547945,0.0684931506849315,0.0547945205479452,0.5068493150684932,21.589041095890412,0096,True,15,0,4,0.0,0.0,0.0,0.0,0.75,19.0
R4_B_seed602,R4,0160,328,121,94,12,0,0,101,103,0.0970873786407767,0.14563106796116504,0.0970873786407767,0.038834951456310676,0.5533980582524272,19.844660194174757,0128,True,38,0,30,0.0,0.0,0.16666666666666666,0.0,0.6666666666666666,15.6
R4_B_seed602,R4,0192,362,152,94,12,0,0,104,134,0.08208955223880597,0.11194029850746269,0.08208955223880597,0.03731343283582089,0.6343283582089553,19.186567164179106,0160,True,34,0,31,0.03225806451612903,0.0,0.03225806451612903,0.03225806451612903,0.9032258064516129,17.0
R4_B_seed602,R4,0224,426,188,102,12,0,0,124,170,0.07647058823529412,0.09411764705882353,0.07058823529411765,0.029411764705882353,0.7058823529411765,19.04705882352941,0192,True,64,0,36,0.05555555555555555,0.027777777777777776,0.027777777777777776,0.0,0.9722222222222222,18.52777777777778
R4_B_seed602,R4,0256,481,227,106,12,0,0,136,208,0.0625,0.07692307692307693,0.057692307692307696,0.02403846153846154,0.75,18.610576923076923,0224,True,55,0,38,0.0,0.0,0.0,0.0,0.9473684210526315,16.657894736842106
R4_B_seed602,R4,0288,523,266,106,12,0,0,139,247,0.05263157894736842,0.06477732793522267,0.048582995951417005,0.020242914979757085,0.7854251012145749,18.732793522267208,0256,True,42,0,39,0.0,0.0,0.0,0.0,0.9743589743589743,19.384615384615383
R4_B_seed602,R4,0320,574,302,109,16,0,0,147,282,0.04964539007092199,0.05673758865248227,0.04609929078014184,0.01773049645390071,0.8120567375886525,18.865248226950353,0288,True,51,0,35,0.02857142857142857,0.0,0.02857142857142857,0.0,1.0,19.8
R4_B_seed602,R4,0352,620,340,111,16,0,0,153,320,0.05,0.053125,0.040625,0.015625,0.834375,19.98125,0320,True,46,0,38,0.05263157894736842,0.02631578947368421,0.0,0.0,1.0,28.263157894736842
R4_B_seed602,R4,0384,684,378,119,16,0,0,171,358,0.04748603351955307,0.05027932960893855,0.04189944134078212,0.013966480446927373,0.8519553072625698,21.217877094972067,0352,True,64,0,38,0.02631578947368421,0.02631578947368421,0.05263157894736842,0.0,1.0,31.63157894736842
R4_B_seed602,R4,0416,739,416,124,16,0,0,183,395,0.043037974683544304,0.04556962025316456,0.04050632911392405,0.012658227848101266,0.8658227848101265,22.51645569620253,0384,True,55,0,37,0.0,0.0,0.02702702702702703,0.0,1.0,35.08108108108108
R4_B_seed602,R4,0448,785,451,127,16,0,0,191,430,0.03953488372093023,0.04186046511627907,0.037209302325581395,0.011627906976744186,0.8767441860465116,24.01860465116279,0416,True,46,0,35,0.0,0.0,0.0,0.0,1.0,40.97142857142857
R4_B_seed602,R4,0480,834,487,129,16,0,0,202,466,0.0407725321888412,0.04291845493562232,0.03648068669527897,0.01072961373390558,0.8841201716738197,25.221030042918454,0448,True,49,0,36,0.05555555555555555,0.05555555555555555,0.027777777777777776,0.0,0.9722222222222222,39.583333333333336
R4_B_seed602,R4,0512,886,525,132,16,0,0,213,503,0.041749502982107355,0.039761431411530816,0.033797216699801194,0.011928429423459244,0.8926441351888668,26.180914512922467,0480,True,52,0,37,0.05405405405405406,0.0,0.0,0.02702702702702703,1.0,38.270270270270274
R4_B_seed602,R4,0544,911,550,132,16,0,0,213,528,0.043560606060606064,0.03787878787878788,0.03409090909090909,0.011363636363636364,0.8977272727272727,26.770833333333332,0512,True,25,0,25,0.08,0.0,0.04,0.0,1.0,38.64
R4_B_seed602,R4,0576,937,574,132,16,0,0,215,552,0.041666666666666664,0.03804347826086957,0.03260869565217391,0.010869565217391304,0.9021739130434783,27.11413043478261,0544,True,26,0,24,0.0,0.041666666666666664,0.0,0.0,1.0,34.666666666666664
R4_B_seed602,R4,0608,958,595,132,16,0,0,215,573,0.04013961605584642,0.03664921465968586,0.031413612565445025,0.010471204188481676,0.9057591623036649,27.668411867364746,0576,True,21,0,21,0.0,0.0,0.0,0.0,1.0,42.23809523809524
R4_B_seed602,R4,0640,975,609,132,16,0,0,218,587,0.039182282793867124,0.03577512776831346,0.030664395229982964,0.010221465076660987,0.9080068143100511,28.045996592844975,0608,True,17,0,14,0.0,0.0,0.0,0.0,1.0,43.5
R4_B_seed602,R4,0672,989,622,132,16,0,0,219,600,0.03833333333333333,0.035,0.03,0.01,0.91,28.43166666666667,0640,True,14,0,13,0.0,0.0,0.0,0.0,1.0,45.84615384615385
R4_B_seed602,R4,0704,1001,633,132,16,0,0,220,611,0.03764320785597381,0.03436988543371522,0.029459901800327332,0.009819967266775777,0.911620294599018,28.65139116202946,0672,True,12,0,11,0.0,0.0,0.0,0.0,1.0,40.63636363636363
R4_B_seed602,R4,0736,1011,643,132,16,0,0,220,621,0.037037037037037035,0.033816425120772944,0.028985507246376812,0.00966183574879227,0.9130434782608695,28.806763285024154,0704,True,10,0,10,0.0,0.0,0.0,0.0,1.0,38.3
R4_B_seed602,R4,0768,1019,651,132,16,0,0,220,629,0.03656597774244833,0.033386327503974564,0.028616852146263912,0.009538950715421303,0.9141494435612083,29.034976152623212,0736,True,8,0,8,0.0,0.0,0.0,0.0,1.0,46.75
R4_B_seed602,R4,0800,1024,656,132,16,0,0,220,633,0.037914691943127965,0.03317535545023697,0.02843601895734597,0.009478672985781991,0.9146919431279621,29.151658767772513,0768,True,5,0,4,0.25,0.0,0.0,0.0,1.0,47.5
R4_B_seed602,R4,0832,1036,668,132,16,0,0,220,645,0.037209302325581395,0.03255813953488372,0.027906976744186046,0.009302325581395349,0.9162790697674419,29.37519379844961,0800,True,12,0,12,0.0,0.0,0.0,0.0,1.0,41.166666666666664
R4_B_seed602,R4,0864,1053,684,132,16,0,0,221,659,0.036418816388467376,0.03186646433990895,0.027314112291350532,0.009104704097116844,0.9180576631259484,29.638846737481032,0832,True,17,0,14,0.0,0.0,0.0,0.0,1.0,41.785714285714285
R4_B_seed602,R4,0896,1064,695,132,16,0,0,221,669,0.03587443946188341,0.0343796711509716,0.026905829596412557,0.008968609865470852,0.9192825112107623,29.923766816143498,0864,True,11,0,10,0.0,0.2,0.0,0.0,1.0,48.7
R4_B_seed602,R4,0928,1074,705,132,16,0,0,221,678,0.035398230088495575,0.03392330383480826,0.02654867256637168,0.008849557522123894,0.9203539823008849,30.11061946902655,0896,True,10,0,9,0.0,0.0,0.0,0.0,1.0,44.0
R4_B_seed602,R4,0960,1085,716,132,16,0,0,221,689,0.03483309143686502,0.033381712626995644,0.026124818577648767,0.008708272859216255,0.9216255442670537,30.18722786647315,0928,True,11,0,11,0.0,0.0,0.0,0.0,1.0,34.90909090909091
R4_B_seed602,R4,0992,1098,729,132,16,0,0,221,702,0.03418803418803419,0.03276353276353276,0.027065527065527065,0.008547008547008548,0.9230769230769231,30.41025641025641,0960,True,13,0,13,0.0,0.0,0.07692307692307693,0.0,1.0,42.23076923076923
R4_B_seed602,R4,1024,1108,739,132,16,0,0,221,711,0.03375527426160337,0.03234880450070324,0.026722925457102673,0.008438818565400843,0.9240506329113924,30.374120956399437,0992,True,10,0,9,0.0,0.0,0.0,0.0,1.0,27.555555555555557
R4_B_seed603,R4,0032,128,40,44,7,0,0,37,26,0.4230769230769231,0.46153846153846156,0.0,0.2692307692307692,0.4230769230769231,24.807692307692307,,,,,,,,,,,
R4_B_seed603,R4,0064,238,75,83,7,0,0,73,61,0.21311475409836064,0.26229508196721313,0.04918032786885246,0.14754098360655737,0.6885245901639344,18.295081967213115,0032,True,110,0,35,0.05714285714285714,0.11428571428571428,0.08571428571428572,0.05714285714285714,0.8857142857142857,13.457142857142857
R4_B_seed603,R4,0096,294,90,93,7,0,0,104,75,0.17333333333333334,0.21333333333333335,0.04,0.12,0.7333333333333333,18.2,0064,True,56,0,14,0.0,0.0,0.0,0.0,0.9285714285714286,17.785714285714285
R4_B_seed603,R4,0128,332,100,98,8,0,0,126,84,0.15476190476190477,0.19047619047619047,0.03571428571428571,0.11904761904761904,0.7619047619047619,18.226190476190474,0096,True,38,0,9,0.0,0.0,0.0,0.1111111111111111,1.0,18.444444444444443
R4_B_seed603,R4,0160,370,128,98,14,0,0,130,110,0.11818181818181818,0.14545454545454545,0.02727272727272727,0.09090909090909091,0.8181818181818182,17.172727272727272,0128,True,38,0,26,0.0,0.0,0.0,0.0,1.0,13.76923076923077
R4_B_seed603,R4,0192,418,168,98,17,0,0,135,150,0.09333333333333334,0.12,0.02,0.06666666666666667,0.8466666666666667,17.626666666666665,0160,True,48,0,40,0.025,0.05,0.0,0.0,0.925,18.875
R4_B_seed603,R4,0224,461,202,98,21,0,0,140,182,0.07692307692307693,0.0989010989010989,0.016483516483516484,0.054945054945054944,0.8626373626373627,17.593406593406595,0192,True,43,0,32,0.0,0.0,0.0,0.0,0.9375,17.4375
R4_B_seed603,R4,0256,505,239,98,21,0,0,147,216,0.06944444444444445,0.08333333333333333,0.018518518518518517,0.046296296296296294,0.8796296296296297,18.5,0224,True,44,0,34,0.029411764705882353,0.0,0.029411764705882353,0.0,0.9705882352941176,23.352941176470587
R4_B_seed603,R4,0288,546,274,98,21,0,0,153,249,0.07228915662650602,0.08032128514056225,0.01606425702811245,0.040160642570281124,0.8955823293172691,19.598393574297187,0256,True,41,0,33,0.09090909090909091,0.06060606060606061,0.0,0.0,1.0,26.78787878787879
R4_B_seed603,R4,0320,585,310,98,21,0,0,156,282,0.07092198581560284,0.07092198581560284,0.014184397163120567,0.03546099290780142,0.9078014184397163,20.4822695035461,0288,True,39,0,33,0.06060606060606061,0.0,0.0,0.0,1.0,27.151515151515152
R4_B_seed603,R4,0352,614,338,98,21,0,0,157,308,0.06493506493506493,0.06493506493506493,0.012987012987012988,0.032467532467532464,0.9155844155844156,20.795454545454547,0320,True,29,0,26,0.0,0.0,0.0,0.0,1.0,24.192307692307693
R4_B_seed603,R4,0384,644,367,98,22,0,0,157,333,0.06606606606606606,0.06006006006006006,0.012012012012012012,0.03003003003003003,0.9219219219219219,20.90990990990991,0352,True,30,0,25,0.08,0.0,0.0,0.0,1.0,22.32
R4_B_seed603,R4,0416,677,399,98,22,0,0,158,361,0.060941828254847646,0.055401662049861494,0.0110803324099723,0.027700831024930747,0.925207756232687,21.105263157894736,0384,True,33,0,28,0.0,0.0,0.0,0.0,0.9642857142857143,23.428571428571427
R4_B_seed603,R4,0448,714,434,98,22,0,0,160,389,0.056555269922879174,0.05141388174807198,0.010282776349614395,0.02570694087403599,0.9280205655526992,21.388174807197945,0416,True,37,0,28,0.0,0.0,0.0,0.0,0.9642857142857143,25.035714285714285
R4_B_seed603,R4,0480,749,469,98,22,0,0,160,415,0.05542168674698795,0.04819277108433735,0.00963855421686747,0.024096385542168676,0.9301204819277108,22.09156626506024,0448,True,35,0,26,0.038461538461538464,0.0,0.0,0.0,0.9615384615384616,32.61538461538461
R4_B_seed603,R4,0512,789,509,98,22,0,0,160,438,0.05707762557077625,0.045662100456621,0.0091324200913242,0.0228310502283105,0.9269406392694064,22.230593607305938,0480,True,40,0,23,0.08695652173913043,0.0,0.0,0.0,0.8695652173913043,24.73913043478261
R4_B_seed603,R4,0544,824,544,98,22,0,0,160,465,0.053763440860215055,0.043010752688172046,0.008602150537634409,0.021505376344086023,0.9311827956989247,22.387096774193548,0512,True,35,0,27,0.0,0.0,0.0,0.0,1.0,24.925925925925927
R4_B_seed603,R4,0576,857,577,98,22,0,0,160,495,0.052525252525252523,0.04040404040404041,0.00808080808080808,0.020202020202020204,0.9333333333333333,22.95959595959596,0544,True,33,0,30,0.03333333333333333,0.0,0.0,0.0,0.9666666666666667,31.833333333333332
R4_B_seed603,R4,0608,887,606,98,22,0,0,161,520,0.05384615384615385,0.04038461538461539,0.007692307692307693,0.019230769230769232,0.9346153846153846,24.073076923076922,0576,True,30,0,25,0.08,0.04,0.0,0.0,0.96,46.12
R4_B_seed603,R4,0640,921,639,98,22,0,0,162,549,0.052823315118397086,0.03825136612021858,0.007285974499089253,0.018214936247723135,0.9344262295081968,25.19672131147541,0608,True,34,0,29,0.034482758620689655,0.0,0.0,0.0,0.9310344827586207,45.3448275862069
R4_B_seed603,R4,0672,953,669,98,22,0,0,164,574,0.059233449477351915,0.03832752613240418,0.006968641114982578,0.017421602787456445,0.9372822299651568,26.21080139372822,0640,True,32,0,25,0.2,0.04,0.0,0.0,1.0,48.48
R4_B_seed603,R4,0704,979,695,98,22,0,0,164,592,0.0777027027027027,0.04054054054054054,0.006756756756756757,0.016891891891891893,0.9375,27.569256756756758,0672,True,26,0,18,0.6666666666666666,0.1111111111111111,0.0,0.0,0.9444444444444444,70.88888888888889
R4_B_seed603,R4,0736,1004,720,98,22,0,0,164,611,0.08019639934533551,0.04091653027823241,0.006546644844517185,0.016366612111292964,0.939443535188216,28.378068739770868,0704,True,25,0,19,0.15789473684210525,0.05263157894736842,0.0,0.0,1.0,53.578947368421055
R4_B_seed603,R4,0768,1034,748,98,22,0,0,166,634,0.083596214511041,0.03943217665615142,0.006309148264984227,0.015772870662460567,0.9384858044164038,28.941640378548897,0736,True,30,0,23,0.17391304347826086,0.0,0.0,0.0,0.9130434782608695,43.91304347826087
R4_B_seed603,R4,0800,1053,767,98,22,0,0,166,647,0.08809891808346214,0.03863987635239567,0.0061823802163833074,0.015455950540958269,0.9366306027820711,29.24420401854714,0768,True,19,0,13,0.3076923076923077,0.0,0.0,0.0,0.8461538461538461,44.0
R4_B_seed603,R4,0832,1070,783,98,22,0,0,167,660,0.0893939393939394,0.03787878787878788,0.006060606060606061,0.015151515151515152,0.9378787878787879,29.48181818181818,0800,True,17,0,13,0.15384615384615385,0.0,0.0,0.0,1.0,41.30769230769231
R4_B_seed603,R4,0864,1088,801,98,22,0,0,167,674,0.09347181008902077,0.037091988130563795,0.005934718100890208,0.01483679525222552,0.9376854599406528,29.827893175074184,0832,True,18,0,14,0.2857142857142857,0.0,0.0,0.0,0.9285714285714286,46.142857142857146
R4_B_seed603,R4,0896,1103,815,98,22,0,0,168,686,0.09620991253644315,0.03644314868804665,0.0058309037900874635,0.014577259475218658,0.9358600583090378,30.071428571428573,0864,True,15,0,12,0.25,0.0,0.0,0.0,0.8333333333333334,43.75
R4_B_seed603,R4,0928,1128,838,98,22,0,0,170,702,0.09829059829059829,0.03561253561253561,0.005698005698005698,0.014245014245014245,0.9373219373219374,30.623931623931625,0896,True,25,0,16,0.1875,0.0,0.0,0.0,1.0,54.3125
R4_B_seed603,R4,0960,1154,862,98,22,0,0,172,716,0.10195530726256984,0.034916201117318434,0.00558659217877095,0.013966480446927373,0.9371508379888268,31.047486033519554,0928,True,26,0,14,0.2857142857142857,0.0,0.0,0.0,0.9285714285714286,52.285714285714285
R4_B_seed603,R4,0992,1177,885,98,22,0,0,172,731,0.1039671682626539,0.03419972640218878,0.005471956224350205,0.013679890560875513,0.9384404924760602,31.954856361149112,0960,True,23,0,15,0.2,0.0,0.0,0.0,1.0,75.26666666666667
R4_B_seed603,R4,1024,1194,901,98,22,0,0,173,741,0.10256410256410256,0.033738191632928474,0.005398110661268556,0.01349527665317139,0.9392712550607287,32.064777327935225,0992,True,17,0,10,0.0,0.0,0.0,0.0,1.0,40.1
RP_B_seed400,RP,0032,134,41,46,8,0,0,39,19,0.42105263157894735,0.3157894736842105,0.05263157894736842,0.15789473684210525,0.3684210526315789,25.105263157894736,,,,,,,,,,,
RP_B_seed400,RP,0064,274,83,95,10,0,0,86,45,0.3333333333333333,0.28888888888888886,0.2222222222222222,0.13333333333333333,0.35555555555555557,23.933333333333334,0032,True,140,0,26,0.2692307692307692,0.2692307692307692,0.34615384615384615,0.11538461538461539,0.34615384615384615,23.076923076923077
RP_B_seed400,RP,0096,340,104,111,10,0,0,115,65,0.38461538461538464,0.3076923076923077,0.18461538461538463,0.12307692307692308,0.49230769230769234,27.307692307692307,0064,True,66,0,20,0.5,0.35,0.1,0.1,0.8,34.9
RP_B_seed400,RP,0128,394,126,121,10,0,0,137,87,0.3218390804597701,0.25287356321839083,0.20689655172413793,0.10344827586206896,0.5747126436781609,25.586206896551722,0096,True,54,0,22,0.13636363636363635,0.09090909090909091,0.2727272727272727,0.045454545454545456,0.8181818181818182,20.5
RP_B_seed400,RP,0160,476,168,131,10,0,0,167,127,0.25196850393700787,0.2125984251968504,0.15748031496062992,0.07086614173228346,0.6614173228346457,23.173228346456693,0128,True,82,0,40,0.1,0.125,0.05,0.0,0.85,17.925
RP_B_seed400,RP,0192,539,213,136,10,0,0,180,172,0.19186046511627908,0.1744186046511628,0.12209302325581395,0.05232558139534884,0.7441860465116279,22.00581395348837,0160,True,63,0,45,0.022222222222222223,0.06666666666666667,0.022222222222222223,0.0,0.9777777777777777,18.711111111111112
RP_B_seed400,RP,0224,587,257,136,10,0,0,184,216,0.1574074074074074,0.14351851851851852,0.1111111111111111,0.041666666666666664,0.7870370370370371,21.087962962962962,0192,True,48,0,44,0.022727272727272728,0.022727272727272728,0.06818181818181818,0.0,0.9545454545454546,17.5
RP_B_seed400,RP,0256,625,292,136,10,0,0,187,251,0.1394422310756972,0.12749003984063745,0.10358565737051793,0.035856573705179286,0.8167330677290837,20.756972111553786,0224,True,38,0,35,0.02857142857142857,0.02857142857142857,0.05714285714285714,0.0,1.0,18.714285714285715
RP_B_seed400,RP,0288,659,322,137,10,0,0,190,281,0.12455516014234876,0.11387900355871886,0.09608540925266904,0.03202846975088968,0.8362989323843416,20.466192170818506,0256,True,34,0,30,0.0,0.0,0.03333333333333333,0.0,1.0,18.033333333333335
RP_B_seed400,RP,0320,700,357,137,10,0,0,196,313,0.11182108626198083,0.10223642172523961,0.10862619808306709,0.02875399361022364,0.853035143769968,20.338658146964857,0288,True,41,0,32,0.0,0.0,0.21875,0.0,1.0,19.21875
RP_B_seed400,RP,0352,736,391,137,10,0,0,198,347,0.10086455331412104,0.09221902017291066,0.14121037463976946,0.02881844380403458,0.8674351585014409,20.14985590778098,0320,True,36,0,34,0.0,0.0,0.4411764705882353,0.029411764705882353,1.0,18.41176470588235
RP_B_seed400,RP,0384,765,418,137,10,0,0,200,369,0.0975609756097561,0.08672086720867209,0.17073170731707318,0.02710027100271003,0.8753387533875339,20.040650406504064,0352,True,29,0,22,0.045454545454545456,0.0,0.6363636363636364,0.0,1.0,18.318181818181817
RP_B_seed400,RP,0416,795,448,137,10,0,0,200,399,0.09523809523809523,0.08521303258145363,0.20802005012531327,0.02506265664160401,0.8796992481203008,19.949874686716793,0384,True,30,0,30,0.06666666666666667,0.06666666666666667,0.6666666666666666,0.0,0.9333333333333333,18.833333333333332
RP_B_seed400,RP,0448,823,475,137,10,0,0,201,425,0.08941176470588236,0.08235294117647059,0.2447058823529412,0.023529411764705882,0.8847058823529412,19.825882352941175,0416,True,28,0,26,0.0,0.038461538461538464,0.8076923076923077,0.0,0.9615384615384616,17.923076923076923
RP_B_seed400,RP,0480,850,501,137,10,0,0,202,451,0.08647450110864745,0.082039911308204,0.2838137472283814,0.022172949002217297,0.8913525498891353,19.86917960088692,0448,True,27,0,26,0.038461538461538464,0.07692307692307693,0.9230769230769231,0.0,1.0,20.576923076923077
RP_B_seed400,RP,0512,877,528,137,10,0,0,202,478,0.08368200836820083,0.0794979079497908,0.3179916317991632,0.02092050209205021,0.897489539748954,19.83682008368201,0480,True,27,0,27,0.037037037037037035,0.037037037037037035,0.8888888888888888,0.0,1.0,19.296296296296298
RP_B_seed400,RP,0544,912,562,137,10,0,0,203,512,0.08203125,0.076171875,0.35546875,0.01953125,0.904296875,19.859375,0512,True,35,0,34,0.058823529411764705,0.029411764705882353,0.8823529411764706,0.0,1.0,20.176470588235293
RP_B_seed400,RP,0576,946,596,137,10,0,0,203,543,0.07734806629834254,0.0718232044198895,0.3812154696132597,0.01841620626151013,0.9097605893186004,19.876611418047883,0544,True,34,0,31,0.0,0.0,0.8064516129032258,0.0,1.0,20.161290322580644
RP_B_seed400,RP,0608,982,632,137,10,0,0,203,578,0.07612456747404844,0.06920415224913495,0.4031141868512111,0.01903114186851211,0.9152249134948097,19.89446366782007,0576,True,36,0,35,0.05714285714285714,0.02857142857142857,0.7428571428571429,0.02857142857142857,1.0,20.17142857142857
RP_B_seed400,RP,0640,1016,666,137,10,0,0,203,611,0.07364975450081833,0.06546644844517185,0.42716857610474634,0.019639934533551555,0.9198036006546645,19.970540098199674,0608,True,34,0,33,0.030303030303030304,0.0,0.8484848484848485,0.030303030303030304,1.0,21.303030303030305
RP_B_seed400,RP,0672,1052,702,137,10,0,0,203,645,0.07286821705426356,0.06201550387596899,0.4434108527131783,0.020155038759689922,0.9224806201550387,19.95813953488372,0640,True,36,0,34,0.058823529411764705,0.0,0.7352941176470589,0.029411764705882353,0.9705882352941176,19.735294117647058
RP_B_seed400,RP,0704,1084,734,137,10,0,0,203,673,0.07280832095096583,0.05943536404160475,0.45468053491827637,0.022288261515601784,0.924219910846954,19.909361069836553,0672,True,32,0,28,0.07142857142857142,0.0,0.7142857142857143,0.07142857142857142,0.9642857142857143,18.785714285714285
RP_B_seed400,RP,0736,1119,768,137,10,0,0,204,698,0.07306590257879657,0.05873925501432665,0.46275071633237824,0.024355300859598854,0.9226361031518625,19.75644699140401,0704,True,35,0,25,0.08,0.04,0.68,0.08,0.88,15.64
RP_B_seed400,RP,0768,1155,804,137,10,0,0,204,725,0.07310344827586207,0.05655172413793103,0.4579310344827586,0.02482758620689655,0.9186206896551724,19.591724137931035,0736,True,36,0,27,0.07407407407407407,0.0,0.3333333333333333,0.037037037037037035,0.8148148148148148,15.333333333333334
RP_B_seed400,RP,0800,1178,827,137,10,0,0,204,744,0.07123655913978495,0.05510752688172043,0.4489247311827957,0.024193548387096774,0.918010752688172,19.452956989247312,0768,True,23,0,19,0.0,0.0,0.10526315789473684,0.0,0.8947368421052632,14.157894736842104
RP_B_seed400,RP,0832,1203,849,137,10,0,0,207,762,0.06955380577427822,0.05380577427821522,0.43832020997375326,0.023622047244094488,0.9146981627296588,19.271653543307085,0800,True,25,0,18,0.0,0.0,0.0,0.0,0.7777777777777778,11.777777777777779
RP_B_seed400,RP,0864,1228,874,137,10,0,0,207,787,0.06734434561626429,0.052096569250317665,0.4256670902160102,0.022871664548919948,0.9085133418043202,19.00381194409149,0832,True,25,0,25,0.0,0.0,0.04,0.0,0.72,10.84
RP_B_seed400,RP,0896,1256,901,137,10,0,0,208,813,0.06519065190651907,0.05043050430504305,0.4132841328413284,0.02214022140221402,0.9089790897908979,18.782287822878228,0864,True,28,0,26,0.0,0.0,0.038461538461538464,0.0,0.9230769230769231,12.076923076923077
RP_B_seed400,RP,0928,1278,921,137,10,0,0,210,833,0.06482593037214886,0.04921968787515006,0.40456182472989194,0.021608643457382955,0.9099639855942377,18.661464585834334,0896,True,22,0,20,0.05,0.0,0.05,0.0,0.95,13.75
RP_B_seed400,RP,0960,1293,936,137,10,0,0,210,848,0.06485849056603774,0.04834905660377359,0.39740566037735847,0.02122641509433962,0.910377358490566,18.515330188679247,0928,True,15,0,15,0.06666666666666667,0.0,0.0,0.0,0.9333333333333333,10.4
RP_B_seed400,RP,0992,1323,966,137,10,0,0,210,877,0.06271379703534778,0.046750285062713795,0.38426453819840367,0.020524515393386546,0.9133409350057012,18.401368301026224,0960,True,30,0,29,0.0,0.0,0.0,0.0,1.0,15.068965517241379
RP_B_seed400,RP,1024,1356,999,137,10,0,0,210,903,0.06090808416389812,0.04540420819490587,0.37320044296788485,0.019933554817275746,0.9136212624584718,18.303433001107418,0992,True,33,0,26,0.0,0.0,0.0,0.0,0.9230769230769231,15.0
RP_B_seed401,RP,0032,115,37,39,7,0,0,32,19,0.3157894736842105,0.2631578947368421,0.0,0.21052631578947367,0.3157894736842105,21.473684210526315,,,,,,,,,,,
RP_B_seed401,RP,0064,225,71,74,13,0,0,67,52,0.1346153846153846,0.21153846153846154,0.057692307692307696,0.09615384615384616,0.40384615384615385,18.846153846153847,0032,True,110,0,33,0.030303030303030304,0.18181818181818182,0.09090909090909091,0.030303030303030304,0.45454545454545453,17.333333333333332
RP_B_seed401,RP,0096,266,82,83,13,0,0,88,63,0.1111111111111111,0.1746031746031746,0.047619047619047616,0.07936507936507936,0.4603174603174603,18.174603174603174,0064,True,41,0,11,0.0,0.0,0.0,0.0,0.7272727272727273,15.0
RP_B_seed401,RP,0128,300,93,89,13,0,0,105,74,0.0945945945945946,0.14864864864864866,0.08108108108108109,0.06756756756756757,0.5,17.716216216216218,0096,True,34,0,11,0.0,0.0,0.2727272727272727,0.0,0.7272727272727273,15.090909090909092
RP_B_seed401,RP,0160,366,127,93,13,0,0,133,108,0.06481481481481481,0.10185185185185185,0.07407407407407407,0.046296296296296294,0.5370370370370371,17.5,0128,True,66,0,34,0.0,0.0,0.058823529411764705,0.0,0.6176470588235294,17.029411764705884
RP_B_seed401,RP,0192,420,163,95,13,0,0,149,144,0.04861111111111111,0.0763888888888889,0.06944444444444445,0.034722222222222224,0.5694444444444444,17.3125,0160,True,54,0,36,0.0,0.0,0.05555555555555555,0.0,0.6666666666666666,16.75
RP_B_seed401,RP,0224,462,199,95,13,0,0,155,180,0.03888888888888889,0.06666666666666667,0.05555555555555555,0.027777777777777776,0.6222222222222222,17.272222222222222,0192,True,42,0,36,0.0,0.027777777777777776,0.0,0.0,0.8333333333333334,17.11111111111111
RP_B_seed401,RP,0256,497,226,97,13,0,0,161,207,0.033816425120772944,0.057971014492753624,0.04830917874396135,0.024154589371980676,0.6618357487922706,17.642512077294686,0224,True,35,0,27,0.0,0.0,0.0,0.0,0.9259259259259259,20.11111111111111
RP_B_seed401,RP,0288,535,259,97,13,0,0,166,240,0.03333333333333333,0.05,0.041666666666666664,0.020833333333333332,0.6666666666666666,17.770833333333332,0256,True,38,0,33,0.030303030303030304,0.0,0.0,0.0,0.696969696969697,18.575757575757574
RP_B_seed401,RP,0320,571,290,98,13,0,0,170,271,0.02952029520295203,0.04428044280442804,0.03690036900369004,0.01845018450184502,0.6937269372693727,17.88560885608856,0288,True,36,0,31,0.0,0.0,0.0,0.0,0.9032258064516129,18.774193548387096
RP_B_seed401,RP,0352,602,319,98,13,0,0,172,300,0.02666666666666667,0.04,0.03333333333333333,0.016666666666666666,0.72,18.296666666666667,0320,True,31,0,29,0.0,0.0,0.0,0.0,0.9655172413793104,22.137931034482758
RP_B_seed401,RP,0384,631,347,98,13,0,0,173,328,0.024390243902439025,0.036585365853658534,0.03048780487804878,0.01524390243902439,0.7439024390243902,18.597560975609756,0352,True,29,0,28,0.0,0.0,0.0,0.0,1.0,21.821428571428573
RP_B_seed401,RP,0416,661,376,98,13,0,0,174,357,0.022408963585434174,0.03361344537815126,0.028011204481792718,0.014005602240896359,0.7647058823529411,19.218487394957982,0384,True,30,0,29,0.0,0.0,0.0,0.0,1.0,26.24137931034483
RP_B_seed401,RP,0448,692,406,98,13,0,0,175,387,0.020671834625323,0.031007751937984496,0.025839793281653745,0.012919896640826873,0.7829457364341085,19.41860465116279,0416,True,31,0,30,0.0,0.0,0.0,0.0,1.0,21.8
RP_B_seed401,RP,0480,728,440,98,13,0,0,177,421,0.019002375296912115,0.028503562945368172,0.023752969121140142,0.011876484560570071,0.8004750593824228,19.68171021377672,0448,True,36,0,34,0.0,0.0,0.0,0.0,1.0,22.676470588235293
RP_B_seed401,RP,0512,762,472,98,13,0,0,179,453,0.03090507726269316,0.026490066225165563,0.02207505518763797,0.011037527593818985,0.8145695364238411,19.82560706401766,0480,True,34,0,32,0.1875,0.0,0.0,0.0,1.0,21.71875
RP_B_seed401,RP,0544,800,507,98,14,0,0,181,488,0.05327868852459016,0.02459016393442623,0.020491803278688523,0.010245901639344262,0.8278688524590164,20.047131147540984,0512,True,38,0,35,0.34285714285714286,0.0,0.0,0.0,1.0,22.914285714285715
RP_B_seed401,RP,0576,838,541,98,18,0,0,181,522,0.08812260536398467,0.022988505747126436,0.019157088122605363,0.009578544061302681,0.8390804597701149,20.233716475095786,0544,True,38,0,34,0.5882352941176471,0.0,0.0,0.0,1.0,22.91176470588235
RP_B_seed401,RP,0608,866,563,98,20,0,0,185,544,0.10845588235294118,0.022058823529411766,0.01838235294117647,0.009191176470588236,0.8455882352941176,20.332720588235293,0576,True,28,0,22,0.5909090909090909,0.0,0.0,0.0,1.0,22.681818181818183
RP_B_seed401,RP,0640,903,593,98,23,0,0,189,574,0.13763066202090593,0.020905923344947737,0.017421602787456445,0.008710801393728223,0.8536585365853658,20.475609756097562,0608,True,37,0,30,0.6666666666666666,0.0,0.0,0.0,1.0,23.066666666666666
RP_B_seed401,RP,0672,934,623,98,24,0,0,189,604,0.1456953642384106,0.019867549668874173,0.016556291390728478,0.008278145695364239,0.8609271523178808,20.52980132450331,0640,True,31,0,30,0.3,0.0,0.0,0.0,1.0,21.566666666666666
RP_B_seed401,RP,0704,956,643,98,24,0,0,191,624,0.16025641025641027,0.019230769230769232,0.016025641025641024,0.008012820512820512,0.8653846153846154,20.60096153846154,0672,True,22,0,20,0.6,0.0,0.0,0.0,1.0,22.75
RP_B_seed401,RP,0736,989,673,98,25,0,0,193,654,0.18501529051987767,0.01834862385321101,0.01529051987767584,0.00764525993883792,0.8715596330275229,20.671253822629968,0704,True,33,0,30,0.7,0.0,0.0,0.0,1.0,22.133333333333333
RP_B_seed401,RP,0768,1024,706,98,25,0,0,195,687,0.2052401746724891,0.017467248908296942,0.01455604075691412,0.00727802037845706,0.8777292576419214,20.746724890829693,0736,True,35,0,33,0.6060606060606061,0.0,0.0,0.0,1.0,22.242424242424242
RP_B_seed401,RP,0800,1052,730,98,25,0,0,199,711,0.21518987341772153,0.016877637130801686,0.014064697609001406,0.007032348804500703,0.8818565400843882,20.722925457102672,0768,True,28,0,24,0.5,0.0,0.0,0.0,1.0,20.041666666666668
RP_B_seed401,RP,0832,1071,748,98,25,0,0,200,729,0.22085048010973937,0.01646090534979424,0.013717421124828532,0.006858710562414266,0.8847736625514403,20.710562414266118,0800,True,19,0,18,0.4444444444444444,0.0,0.0,0.0,1.0,20.22222222222222
RP_B_seed401,RP,0864,1085,761,98,25,0,0,201,742,0.22641509433962265,0.016172506738544475,0.013477088948787063,0.006738544474393531,0.8867924528301887,20.703504043126685,0832,True,14,0,13,0.5384615384615384,0.0,0.0,0.0,1.0,20.307692307692307
RP_B_seed401,RP,0896,1089,765,98,25,0,0,201,745,0.22818791946308725,0.016107382550335572,0.013422818791946308,0.006711409395973154,0.887248322147651,20.708724832214767,0864,True,4,0,3,0.6666666666666666,0.0,0.0,0.0,1.0,22.0
RP_B_seed401,RP,0928,1093,768,98,25,0,0,202,748,0.22994652406417113,0.016042780748663103,0.013368983957219251,0.0066844919786096255,0.8877005347593583,20.72459893048128,0896,True,4,0,3,0.6666666666666666,0.0,0.0,0.0,1.0,24.666666666666668
RP_B_seed401,RP,0960,1102,773,98,27,0,0,204,753,0.2297476759628154,0.01593625498007968,0.013280212483399735,0.006640106241699867,0.8884462151394422,20.713147410358566,0928,True,9,0,5,0.2,0.0,0.0,0.0,1.0,19.0
RP_B_seed401,RP,0992,1106,775,98,28,0,0,205,755,0.2304635761589404,0.015894039735099338,0.013245033112582781,0.006622516556291391,0.8887417218543047,20.703311258278145,0960,True,4,0,2,0.5,0.0,0.0,0.0,1.0,17.0
RP_B_seed401,RP,1024,1111,778,98,28,0,0,207,757,0.22985468956406868,0.015852047556142668,0.013210039630118891,0.0066050198150594455,0.8890356671070013,20.689564068692206,0992,True,5,0,2,0.0,0.0,0.0,0.0,1.0,15.5
