test_base_and_adapter_identity_bind_configured_files (tests.test_generation_identity.GenerationIdentityTests.test_base_and_adapter_identity_bind_configured_files) ... ok
test_missing_weights_fail_before_loading (tests.test_generation_identity.GenerationIdentityTests.test_missing_weights_fail_before_loading) ... ok
test_slot_wake_records_real_call_hashes_and_seed (tests.test_generation_identity.GenerationIdentityTests.test_slot_wake_records_real_call_hashes_and_seed) ... ok
test_wrong_wake_cardinality_never_executes_an_action (tests.test_generation_identity.GenerationIdentityTests.test_wrong_wake_cardinality_never_executes_an_action) ... ok
test_actual_matching_record_accepted_but_no_forced_update (tests.test_preschool_provenance.PreschoolProvenanceTests.test_actual_matching_record_accepted_but_no_forced_update) ... ok
test_cache_rejects_changed_weights_and_adapter_config (tests.test_preschool_provenance.PreschoolProvenanceTests.test_cache_rejects_changed_weights_and_adapter_config) ... ok
test_cache_roundtrip_and_requested_config_mismatch (tests.test_preschool_provenance.PreschoolProvenanceTests.test_cache_roundtrip_and_requested_config_mismatch) ... ok
test_corrupt_occurrence_index_fails_without_rewriting (tests.test_preschool_provenance.PreschoolProvenanceTests.test_corrupt_occurrence_index_fails_without_rewriting) ... ok
test_cumulative_admission_is_rechecked (tests.test_preschool_provenance.PreschoolProvenanceTests.test_cumulative_admission_is_rechecked) ... ok
test_delivered_example_echo_rejected_even_with_matching_act (tests.test_preschool_provenance.PreschoolProvenanceTests.test_delivered_example_echo_rejected_even_with_matching_act) ... ok
test_delivered_paragraph_echo_and_full_lesson_rejected (tests.test_preschool_provenance.PreschoolProvenanceTests.test_delivered_paragraph_echo_and_full_lesson_rejected) ... ok
test_duplicate_and_conflicting_acts_are_rejected (tests.test_preschool_provenance.PreschoolProvenanceTests.test_duplicate_and_conflicting_acts_are_rejected) ... ok
test_duplicate_notes_are_rejected (tests.test_preschool_provenance.PreschoolProvenanceTests.test_duplicate_notes_are_rejected) ... ok
test_exact_b0_diverse_records_train_and_reload (tests.test_preschool_provenance.PreschoolProvenanceTests.test_exact_b0_diverse_records_train_and_reload) ... ok
test_exact_b0_low_diversity_still_skips (tests.test_preschool_provenance.PreschoolProvenanceTests.test_exact_b0_low_diversity_still_skips) ... ok
test_forged_join_and_measurements_fail_closed (tests.test_preschool_provenance.PreschoolProvenanceTests.test_forged_join_and_measurements_fail_closed) ... ok
test_ids_are_deterministic_for_matching_append_histories (tests.test_preschool_provenance.PreschoolProvenanceTests.test_ids_are_deterministic_for_matching_append_histories) ... ok
test_interrupted_reservations_and_acts_are_never_reused (tests.test_preschool_provenance.PreschoolProvenanceTests.test_interrupted_reservations_and_acts_are_never_reused) ... ok
test_legacy_cache_and_unhashed_adapter_refused (tests.test_preschool_provenance.PreschoolProvenanceTests.test_legacy_cache_and_unhashed_adapter_refused) ... ok
test_legacy_ledger_preserved_and_slot_off_has_no_new_fields (tests.test_preschool_provenance.PreschoolProvenanceTests.test_legacy_ledger_preserved_and_slot_off_has_no_new_fields) ... ok
test_malformed_delivery_fails_closed (tests.test_preschool_provenance.PreschoolProvenanceTests.test_malformed_delivery_fails_closed) ... ok
test_normalized_example_and_refresher_echo_rejected (tests.test_preschool_provenance.PreschoolProvenanceTests.test_normalized_example_and_refresher_echo_rejected) ... ok
test_occurrence_mismatch_is_rejected (tests.test_preschool_provenance.PreschoolProvenanceTests.test_occurrence_mismatch_is_rejected) ... ok
test_orphan_is_rejected_with_default_threshold (tests.test_preschool_provenance.PreschoolProvenanceTests.test_orphan_is_rejected_with_default_threshold) ... ok
test_partial_neutral_ledger_is_preserved (tests.test_preschool_provenance.PreschoolProvenanceTests.test_partial_neutral_ledger_is_preserved) ... ok
test_prior_echo_cannot_survive_new_delivery_receipt (tests.test_preschool_provenance.PreschoolProvenanceTests.test_prior_echo_cannot_survive_new_delivery_receipt) ... ok
test_repeated_visits_and_restart_have_unique_shared_ids (tests.test_preschool_provenance.PreschoolProvenanceTests.test_repeated_visits_and_restart_have_unique_shared_ids) ... ok
test_shadow_exposes_orphan_reason_without_changing_corpus (tests.test_preschool_provenance.PreschoolProvenanceTests.test_shadow_exposes_orphan_reason_without_changing_corpus) ... ok
test_shared_words_not_rejected_and_shadow_bytes_preserved (tests.test_preschool_provenance.PreschoolProvenanceTests.test_shared_words_not_rejected_and_shadow_bytes_preserved) ... ok
test_sixty_four_actual_records_reach_unchanged_threshold (tests.test_preschool_provenance.PreschoolProvenanceTests.test_sixty_four_actual_records_reach_unchanged_threshold) ... ok
test_visit_reservations_are_serialized (tests.test_preschool_provenance.PreschoolProvenanceTests.test_visit_reservations_are_serialized) ... ok
test_clean_record_does_not_create_a_hit (tests.test_builder_reproducibility.PostOutcomeIsolationTests.test_clean_record_does_not_create_a_hit) ... ok
test_current_policy_receipts_retain_incremental_scanning (tests.test_builder_reproducibility.PostOutcomeIsolationTests.test_current_policy_receipts_retain_incremental_scanning) ... ok
test_old_clean_receipts_cannot_skip_newly_scanned_notes (tests.test_builder_reproducibility.PostOutcomeIsolationTests.test_old_clean_receipts_cannot_skip_newly_scanned_notes) ... ok
test_post_outcome_heldout_family_is_rejected (tests.test_builder_reproducibility.PostOutcomeIsolationTests.test_post_outcome_heldout_family_is_rejected) ... ok
test_post_outcome_heldout_id_is_rejected (tests.test_builder_reproducibility.PostOutcomeIsolationTests.test_post_outcome_heldout_id_is_rejected) ... ok
test_post_outcome_text_is_scanned (tests.test_builder_reproducibility.PostOutcomeIsolationTests.test_post_outcome_text_is_scanned) ... ok
test_life_passes_seed_to_each_sleep_fit (tests.test_builder_reproducibility.SeedForwardingTests.test_life_passes_seed_to_each_sleep_fit) ... ok
test_single_generation_forwards_explicit_seed (tests.test_builder_reproducibility.SeedForwardingTests.test_single_generation_forwards_explicit_seed) ... ok
test_training_seeds_python_and_torch (tests.test_builder_reproducibility.SeedForwardingTests.test_training_seeds_python_and_torch) ... ok
test_unspecified_generation_seed_preserves_default (tests.test_builder_reproducibility.SeedForwardingTests.test_unspecified_generation_seed_preserves_default) ... ok
test_unspecified_training_seed_changes_nothing (tests.test_builder_reproducibility.SeedForwardingTests.test_unspecified_training_seed_changes_nothing) ... ok
unittest.case.FunctionTestCase (test_enforce_gate_replaces_the_harness_line_or_skips_the_sleep) ... B0_NEW_CPU_RECEIPT diverse=True {"A": {"admitted": 506, "corpus_items": 174, "corpus_sha256": "c8a5f679203aa4b5f79a94d559a2a0f1d83329433d6ff8e5ff20a849b4229b28", "rejection_families": {"duplicate": 6}, "tape_sha256": "ccc26e316433a875257885851cbd3a8e2386502d660b704e38a5a9c40c8fbf92"}, "B": {"admitted": 506, "corpus_items": 174, "corpus_sha256": "c8a5f679203aa4b5f79a94d559a2a0f1d83329433d6ff8e5ff20a849b4229b28", "rejection_families": {"duplicate": 6}, "tape_sha256": "ccc26e316433a875257885851cbd3a8e2386502d660b704e38a5a9c40c8fbf92"}}
B0_NEW_CPU_RECEIPT diverse=False {"A": {"admitted": 21, "corpus_items": 19, "corpus_sha256": "279294c2fc87609833dc845ff270a8903f43c42985bce04326e2c7839f7de4c1", "rejection_families": {"duplicate": 88, "no-measurement": 32}, "tape_sha256": "6c1e0d940e12e90ad14b346f5ec82b4871ca325c7e8a5f3d144ec38b19a09a90"}, "B": {"admitted": 21, "corpus_items": 19, "corpus_sha256": "279294c2fc87609833dc845ff270a8903f43c42985bce04326e2c7839f7de4c1", "rejection_families": {"duplicate": 88, "no-measurement": 32}, "tape_sha256": "6c1e0d940e12e90ad14b346f5ec82b4871ca325c7e8a5f3d144ec38b19a09a90"}}
[life-v2] arm=B seed=0 n=16 sleep_every=8 probe_every=8
[preschool] note_after=True max_tokens=100 lesson=none gate=enforce min_items=2 neutral_probes=False panel=0 version=q14-v1-2026-09-12
[episode cbench-v1/susan] best=0.2774 acts=3 ticks=2
[episode cbench-v1/sha] best=0.1259 acts=2 ticks=1
[episode cbench-v1/dijkstra] best=0.2774 acts=3 ticks=3
[episode cbench-v1/patricia] best=0.2771 acts=3 ticks=2
[episode cbench-v1/jpeg-c] best=0.2780 acts=3 ticks=3
[episode cbench-v1/tiff2bw] best=0.2775 acts=3 ticks=3
[episode cbench-v1/gsm] best=0.1259 acts=2 ticks=1
[episode cbench-v1/stringsearch] best=0.2773 acts=3 ticks=3
[probe ep0000] mean=0.2396
[episode chstone-v0/mips] best=0.2778 acts=3 ticks=3
[episode mibench-v1/bitcount] best=0.2782 acts=3 ticks=3
[episode cbench-v1/bitcount] best=0.2774 acts=3 ticks=3
[episode cbench-v1/qsort] best=0.2779 acts=3 ticks=3
[episode cbench-v1/rijndael] best=0.1260 acts=2 ticks=1
[episode cbench-v1/adpcm] best=0.1268 acts=2 ticks=1
[episode chstone-v0/gsm] best=0.2787 acts=3 ticks=3
[episode cbench-v1/blowfish] best=0.2774 acts=3 ticks=3
[sleep 8] new=29 principles=1
[preschool gate enforce] notes=22 numeric_execs=20 A_s_raw=1.000-1.000 admission=0.364-0.364 admitted_total=8 reasons={'duplicate': 12, 'no-measurement': 2}
[sleep 8] train rc=0 plasticity=1.00 lr=0.0001
[sleep 8] canary parseable-ACT rate=1.00 pass=True
[preschool slot] {"label": "NOTE_AFTER", "kind": "note_after", "max_tokens": 100, "n_batch_calls": 6, "n_generations": 22, "total_seconds": 0.0, "total_chars": 2037}
[episode cbench-v1/susan] best=0.2774 acts=3 ticks=2
[episode cbench-v1/sha] best=0.1259 acts=2 ticks=1
[episode cbench-v1/dijkstra] best=0.2774 acts=3 ticks=3
[episode cbench-v1/patricia] best=0.2771 acts=3 ticks=2
[episode cbench-v1/jpeg-c] best=0.2780 acts=3 ticks=3
[episode cbench-v1/tiff2bw] best=0.2775 acts=3 ticks=3
[episode cbench-v1/gsm] best=0.1259 acts=2 ticks=1
[episode cbench-v1/stringsearch] best=0.2773 acts=3 ticks=3
[probe ep0008] mean=0.2396
[episode cbench-v1/susan] best=0.2774 acts=3 ticks=2
[episode cbench-v1/sha] best=0.1259 acts=2 ticks=1
[episode cbench-v1/dijkstra] best=0.2774 acts=3 ticks=3
[episode cbench-v1/patricia] best=0.2771 acts=3 ticks=2
[episode cbench-v1/jpeg-c] best=0.2780 acts=3 ticks=3
[episode cbench-v1/tiff2bw] best=0.2775 acts=3 ticks=3
[episode cbench-v1/gsm] best=0.1259 acts=2 ticks=1
[episode cbench-v1/stringsearch] best=0.2773 acts=3 ticks=3
[probe ep0008_adapterOFF] mean=0.2396
[episode cbench-v1/crc32] best=0.2774 acts=3 ticks=2
[episode mibench-v1/qsort] best=0.2781 acts=3 ticks=3
[episode chstone-v0/aes] best=0.1262 acts=2 ticks=1
[episode chstone-v0/mips] best=0.2778 acts=3 ticks=3
[episode mibench-v1/bitcount] best=0.2782 acts=3 ticks=3
[episode cbench-v1/bitcount] best=0.2774 acts=3 ticks=3
[episode cbench-v1/qsort] best=0.2779 acts=3 ticks=3
[episode cbench-v1/rijndael] best=0.1260 acts=2 ticks=1
[sleep 16] new=41 principles=1
[preschool gate enforce] notes=22 numeric_execs=19 A_s_raw=1.000-1.000 admission=0.182-0.182 admitted_total=12 reasons={'no-measurement': 3, 'duplicate': 15}
[sleep 16] train rc=0 plasticity=1.00 lr=0.0001
[sleep 16] canary parseable-ACT rate=1.00 pass=True
[preschool slot] {"label": "NOTE_AFTER", "kind": "note_after", "max_tokens": 100, "n_batch_calls": 12, "n_generations": 44, "total_seconds": 0.0, "total_chars": 4022}
[episode cbench-v1/susan] best=0.2774 acts=3 ticks=2
[episode cbench-v1/sha] best=0.1259 acts=2 ticks=1
[episode cbench-v1/dijkstra] best=0.2774 acts=3 ticks=3
[episode cbench-v1/patricia] best=0.2771 acts=3 ticks=2
[episode cbench-v1/jpeg-c] best=0.2780 acts=3 ticks=3
[episode cbench-v1/tiff2bw] best=0.2775 acts=3 ticks=3
[episode cbench-v1/gsm] best=0.1259 acts=2 ticks=1
[episode cbench-v1/stringsearch] best=0.2773 acts=3 ticks=3
[probe ep0016] mean=0.2396
[episode cbench-v1/susan] best=0.2774 acts=3 ticks=2
[episode cbench-v1/sha] best=0.1259 acts=2 ticks=1
[episode cbench-v1/dijkstra] best=0.2774 acts=3 ticks=3
[episode cbench-v1/patricia] best=0.2771 acts=3 ticks=2
[episode cbench-v1/jpeg-c] best=0.2780 acts=3 ticks=3
[episode cbench-v1/tiff2bw] best=0.2775 acts=3 ticks=3
[episode cbench-v1/gsm] best=0.1259 acts=2 ticks=1
[episode cbench-v1/stringsearch] best=0.2773 acts=3 ticks=3
[probe ep0016_adapterOFF] mean=0.2396
[life-v2] DONE
[life-v2] arm=B seed=0 n=16 sleep_every=8 probe_every=8
[preschool] note_after=True max_tokens=100 lesson=none gate=enforce min_items=1000 neutral_probes=False panel=0 version=q14-v1-2026-09-12
[episode cbench-v1/susan] best=0.2774 acts=3 ticks=2
[episode cbench-v1/sha] best=0.1259 acts=2 ticks=1
[episode cbench-v1/dijkstra] best=0.2774 acts=3 ticks=3
[episode cbench-v1/patricia] best=0.2771 acts=3 ticks=2
[episode cbench-v1/jpeg-c] best=0.2780 acts=3 ticks=3
[episode cbench-v1/tiff2bw] best=0.2775 acts=3 ticks=3
[episode cbench-v1/gsm] best=0.1259 acts=2 ticks=1
[episode cbench-v1/stringsearch] best=0.2773 acts=3 ticks=3
[probe ep0000] mean=0.2396
[episode chstone-v0/mips] best=0.2778 acts=3 ticks=3
[episode mibench-v1/bitcount] best=0.2782 acts=3 ticks=3
[episode cbench-v1/bitcount] best=0.2774 acts=3 ticks=3
[episode cbench-v1/qsort] best=0.2779 acts=3 ticks=3
[episode cbench-v1/rijndael] best=0.1260 acts=2 ticks=1
[episode cbench-v1/adpcm] best=0.1268 acts=2 ticks=1
[episode chstone-v0/gsm] best=0.2787 acts=3 ticks=3
[episode cbench-v1/blowfish] best=0.2774 acts=3 ticks=3
[sleep 8] new=29 principles=1
[preschool gate enforce] notes=22 numeric_execs=20 A_s_raw=1.000-1.000 admission=0.364-0.364 admitted_total=8 reasons={'duplicate': 12, 'no-measurement': 2} TRAINING SKIPPED (8 < 1000)
[sleep 8] training SKIPPED: too few admitted records (preschool gate enforce, min 1000); adapter unchanged
[preschool slot] {"label": "NOTE_AFTER", "kind": "note_after", "max_tokens": 100, "n_batch_calls": 6, "n_generations": 22, "total_seconds": 0.0, "total_chars": 2037}
[episode cbench-v1/susan] best=0.2774 acts=3 ticks=2
[episode cbench-v1/sha] best=0.1259 acts=2 ticks=1
[episode cbench-v1/dijkstra] best=0.2774 acts=3 ticks=3
[episode cbench-v1/patricia] best=0.2771 acts=3 ticks=2
[episode cbench-v1/jpeg-c] best=0.2780 acts=3 ticks=3
[episode cbench-v1/tiff2bw] best=0.2775 acts=3 ticks=3
[episode cbench-v1/gsm] best=0.1259 acts=2 ticks=1
[episode cbench-v1/stringsearch] best=0.2773 acts=3 ticks=3
[probe ep0008] mean=0.2396
[episode cbench-v1/crc32] best=0.2774 acts=3 ticks=2
[episode mibench-v1/qsort] best=0.2781 acts=3 ticks=3
[episode chstone-v0/aes] best=0.1262 acts=2 ticks=1
[episode chstone-v0/mips] best=0.2778 acts=3 ticks=3
[episode mibench-v1/bitcount] best=0.2782 acts=3 ticks=3
[episode cbench-v1/bitcount] best=0.2774 acts=3 ticks=3
[episode cbench-v1/qsort] best=0.2779 acts=3 ticks=3
[episode cbench-v1/rijndael] best=0.1260 acts=2 ticks=1
[sleep 16] new=41 principles=1
[preschool gate enforce] notes=22 numeric_execs=19 A_s_raw=1.000-1.000 admission=0.182-0.182 admitted_total=12 reasons={'no-measurement': 3, 'duplicate': 15} TRAINING SKIPPED (12 < 1000)
[sleep 16] training SKIPPED: too few admitted records (preschool gate enforce, min 1000); adapter unchanged
[preschool slot] {"label": "NOTE_AFTER", "kind": "note_after", "max_tokens": 100, "n_batch_calls": 12, "n_generations": 44, "total_seconds": 0.0, "total_chars": 4022}
[episode cbench-v1/susan] best=0.2774 acts=3 ticks=2
[episode cbench-v1/sha] best=0.1259 acts=2 ticks=1
[episode cbench-v1/dijkstra] best=0.2774 acts=3 ticks=3
[episode cbench-v1/patricia] best=0.2771 acts=3 ticks=2
[episode cbench-v1/jpeg-c] best=0.2780 acts=3 ticks=3
[episode cbench-v1/tiff2bw] best=0.2775 acts=3 ticks=3
[episode cbench-v1/gsm] best=0.1259 acts=2 ticks=1
[episode cbench-v1/stringsearch] best=0.2773 acts=3 ticks=3
[probe ep0016] mean=0.2396
[life-v2] DONE
ok
unittest.case.FunctionTestCase (test_flags_off_byte_identical_to_the_golden)
Without the preschool flags, every prompt the child sees, every chunk, ... [life-v2] arm=B seed=0 n=16 sleep_every=8 probe_every=8
[episode cbench-v1/susan] best=0.2774 acts=3 ticks=2
[episode cbench-v1/sha] best=0.1259 acts=2 ticks=1
[episode cbench-v1/dijkstra] best=0.2774 acts=3 ticks=3
[episode cbench-v1/patricia] best=0.2771 acts=3 ticks=2
[episode cbench-v1/jpeg-c] best=0.2780 acts=3 ticks=3
[episode cbench-v1/tiff2bw] best=0.2775 acts=3 ticks=3
[episode cbench-v1/gsm] best=0.1259 acts=2 ticks=1
[episode cbench-v1/stringsearch] best=0.2773 acts=3 ticks=3
[probe ep0000] mean=0.2396
[episode benchmark://npb-v0/10] best=0.2775 acts=3 ticks=2
[episode benchmark://npb-v0/25] best=0.2774 acts=3 ticks=3
[episode benchmark://blas-v0/10] best=0.2774 acts=3 ticks=2
[episode benchmark://opencv-v0/60] best=0.2778 acts=3 ticks=2
[probe gate_base] mean=0.2775
[episode chstone-v0/mips] best=0.2778 acts=3 ticks=3
[episode mibench-v1/bitcount] best=0.2782 acts=3 ticks=3
[episode cbench-v1/bitcount] best=0.2774 acts=3 ticks=3
[episode cbench-v1/qsort] best=0.2779 acts=3 ticks=3
[episode cbench-v1/rijndael] best=0.1260 acts=2 ticks=1
[episode cbench-v1/adpcm] best=0.1268 acts=2 ticks=1
[episode chstone-v0/gsm] best=0.2787 acts=3 ticks=3
[episode cbench-v1/blowfish] best=0.2774 acts=3 ticks=3
[sleep 8] new=29 principles=1
[sleep 8] train rc=0 plasticity=1.00 lr=0.0001
[sleep 8] canary parseable-ACT rate=1.00 pass=True
[episode benchmark://npb-v0/10] best=0.2775 acts=3 ticks=2
[episode benchmark://npb-v0/25] best=0.2774 acts=3 ticks=3
[episode benchmark://blas-v0/10] best=0.2774 acts=3 ticks=2
[episode benchmark://opencv-v0/60] best=0.2778 acts=3 ticks=2
[probe gate0008] mean=0.2775
[sleep 8] gate cand=0.2775 floor=0.2775 (base=0.277511612286069, prev=None) chunks/ep 2.2 vs 2.25 -> OK
[episode cbench-v1/susan] best=0.2774 acts=3 ticks=2
[episode cbench-v1/sha] best=0.1259 acts=2 ticks=1
[episode cbench-v1/dijkstra] best=0.2774 acts=3 ticks=3
[episode cbench-v1/patricia] best=0.2771 acts=3 ticks=2
[episode cbench-v1/jpeg-c] best=0.2780 acts=3 ticks=3
[episode cbench-v1/tiff2bw] best=0.2775 acts=3 ticks=3
[episode cbench-v1/gsm] best=0.1259 acts=2 ticks=1
[episode cbench-v1/stringsearch] best=0.2773 acts=3 ticks=3
[probe ep0008] mean=0.2396
[episode cbench-v1/susan] best=0.2774 acts=3 ticks=2
[episode cbench-v1/sha] best=0.1259 acts=2 ticks=1
[episode cbench-v1/dijkstra] best=0.2774 acts=3 ticks=3
[episode cbench-v1/patricia] best=0.2771 acts=3 ticks=2
[episode cbench-v1/jpeg-c] best=0.2780 acts=3 ticks=3
[episode cbench-v1/tiff2bw] best=0.2775 acts=3 ticks=3
[episode cbench-v1/gsm] best=0.1259 acts=2 ticks=1
[episode cbench-v1/stringsearch] best=0.2773 acts=3 ticks=3
[probe ep0008_adapterOFF] mean=0.2396
[episode cbench-v1/crc32] best=0.2774 acts=3 ticks=2
[episode mibench-v1/qsort] best=0.2781 acts=3 ticks=3
[episode chstone-v0/aes] best=0.1262 acts=2 ticks=1
[episode chstone-v0/mips] best=0.2778 acts=3 ticks=3
[episode mibench-v1/bitcount] best=0.2782 acts=3 ticks=3
[episode cbench-v1/bitcount] best=0.2774 acts=3 ticks=3
[episode cbench-v1/qsort] best=0.2779 acts=3 ticks=3
[episode cbench-v1/rijndael] best=0.1260 acts=2 ticks=1
[sleep 16] new=41 principles=1
[sleep 16] train rc=0 plasticity=1.00 lr=0.0001
[sleep 16] canary parseable-ACT rate=1.00 pass=True
[episode benchmark://npb-v0/10] best=0.2775 acts=3 ticks=2
[episode benchmark://npb-v0/25] best=0.2774 acts=3 ticks=3
[episode benchmark://blas-v0/10] best=0.2774 acts=3 ticks=2
[episode benchmark://opencv-v0/60] best=0.2778 acts=3 ticks=2
[probe gate0016] mean=0.2775
[sleep 16] gate cand=0.2775 floor=0.2775 (base=0.277511612286069, prev=0.277511612286069) chunks/ep 2.2 vs 2.25 -> OK
[episode cbench-v1/susan] best=0.2774 acts=3 ticks=2
[episode cbench-v1/sha] best=0.1259 acts=2 ticks=1
[episode cbench-v1/dijkstra] best=0.2774 acts=3 ticks=3
[episode cbench-v1/patricia] best=0.2771 acts=3 ticks=2
[episode cbench-v1/jpeg-c] best=0.2780 acts=3 ticks=3
[episode cbench-v1/tiff2bw] best=0.2775 acts=3 ticks=3
[episode cbench-v1/gsm] best=0.1259 acts=2 ticks=1
[episode cbench-v1/stringsearch] best=0.2773 acts=3 ticks=3
[probe ep0016] mean=0.2396
[episode cbench-v1/susan] best=0.2774 acts=3 ticks=2
[episode cbench-v1/sha] best=0.1259 acts=2 ticks=1
[episode cbench-v1/dijkstra] best=0.2774 acts=3 ticks=3
[episode cbench-v1/patricia] best=0.2771 acts=3 ticks=2
[episode cbench-v1/jpeg-c] best=0.2780 acts=3 ticks=3
[episode cbench-v1/tiff2bw] best=0.2775 acts=3 ticks=3
[episode cbench-v1/gsm] best=0.1259 acts=2 ticks=1
[episode cbench-v1/stringsearch] best=0.2773 acts=3 ticks=3
[probe ep0016_adapterOFF] mean=0.2396
[life-v2] DONE
ok
unittest.case.FunctionTestCase (test_lesson_and_sham_text_never_enter_the_sleep_corpus_or_record_items) ... [life-v2] arm=B seed=0 n=24 sleep_every=8 probe_every=8
[preschool] note_after=True max_tokens=100 lesson=lesson10 gate=shadow min_items=64 neutral_probes=False panel=0 version=q14-v1-2026-09-12
[preschool] lesson lesson10 delivered (phase sleeps_done=0, 1212 chars)
[episode cbench-v1/susan] best=0.2774 acts=3 ticks=2
[episode cbench-v1/sha] best=0.1259 acts=2 ticks=1
[episode cbench-v1/dijkstra] best=0.2774 acts=3 ticks=3
[episode cbench-v1/patricia] best=0.2771 acts=3 ticks=2
[episode cbench-v1/jpeg-c] best=0.2780 acts=3 ticks=3
[episode cbench-v1/tiff2bw] best=0.2775 acts=3 ticks=3
[episode cbench-v1/gsm] best=0.1259 acts=2 ticks=1
[episode cbench-v1/stringsearch] best=0.2773 acts=3 ticks=3
[probe ep0000] mean=0.2396
[episode chstone-v0/mips] best=0.2778 acts=3 ticks=3
[episode mibench-v1/bitcount] best=0.2782 acts=3 ticks=3
[episode cbench-v1/bitcount] best=0.2774 acts=3 ticks=3
[episode cbench-v1/qsort] best=0.2779 acts=3 ticks=3
[episode cbench-v1/rijndael] best=0.1260 acts=2 ticks=1
[episode cbench-v1/adpcm] best=0.1268 acts=2 ticks=1
[episode chstone-v0/gsm] best=0.2787 acts=3 ticks=3
[episode cbench-v1/blowfish] best=0.2774 acts=3 ticks=3
[sleep 8] new=29 principles=1
[preschool gate shadow] notes=22 numeric_execs=20 A_s_raw=1.000-1.000 admission=0.364-0.364 admitted_total=8 reasons={'duplicate': 12, 'no-measurement': 2}
[sleep 8] train rc=0 plasticity=1.00 lr=0.0001
[sleep 8] canary parseable-ACT rate=1.00 pass=True
[preschool] lesson lesson10 delivered (phase sleeps_done=1, 313 chars)
[preschool slot] {"label": "NOTE_AFTER", "kind": "note_after", "max_tokens": 100, "n_batch_calls": 6, "n_generations": 22, "total_seconds": 0.0, "total_chars": 2037}
[episode cbench-v1/susan] best=0.2774 acts=3 ticks=2
[episode cbench-v1/sha] best=0.1259 acts=2 ticks=1
[episode cbench-v1/dijkstra] best=0.2774 acts=3 ticks=3
[episode cbench-v1/patricia] best=0.2771 acts=3 ticks=2
[episode cbench-v1/jpeg-c] best=0.2780 acts=3 ticks=3
[episode cbench-v1/tiff2bw] best=0.2775 acts=3 ticks=3
[episode cbench-v1/gsm] best=0.1259 acts=2 ticks=1
[episode cbench-v1/stringsearch] best=0.2773 acts=3 ticks=3
[probe ep0008] mean=0.2396
[episode cbench-v1/susan] best=0.2774 acts=3 ticks=2
[episode cbench-v1/sha] best=0.1259 acts=2 ticks=1
[episode cbench-v1/dijkstra] best=0.2774 acts=3 ticks=3
[episode cbench-v1/patricia] best=0.2771 acts=3 ticks=2
[episode cbench-v1/jpeg-c] best=0.2780 acts=3 ticks=3
[episode cbench-v1/tiff2bw] best=0.2775 acts=3 ticks=3
[episode cbench-v1/gsm] best=0.1259 acts=2 ticks=1
[episode cbench-v1/stringsearch] best=0.2773 acts=3 ticks=3
[probe ep0008_adapterOFF] mean=0.2396
[episode cbench-v1/crc32] best=0.2774 acts=3 ticks=2
[episode mibench-v1/qsort] best=0.2781 acts=3 ticks=3
[episode chstone-v0/aes] best=0.1262 acts=2 ticks=1
[episode chstone-v0/mips] best=0.2778 acts=3 ticks=3
[episode mibench-v1/bitcount] best=0.2782 acts=3 ticks=3
[episode cbench-v1/bitcount] best=0.2774 acts=3 ticks=3
[episode cbench-v1/qsort] best=0.2779 acts=3 ticks=3
[episode cbench-v1/rijndael] best=0.1260 acts=2 ticks=1
[sleep 16] new=41 principles=1
[preschool gate shadow] notes=22 numeric_execs=19 A_s_raw=1.000-1.000 admission=0.182-0.182 admitted_total=12 reasons={'no-measurement': 3, 'duplicate': 15}
[sleep 16] train rc=0 plasticity=1.00 lr=0.0001
[sleep 16] canary parseable-ACT rate=1.00 pass=True
[preschool] lesson lesson10 delivered (phase sleeps_done=2, 285 chars)
[preschool slot] {"label": "NOTE_AFTER", "kind": "note_after", "max_tokens": 100, "n_batch_calls": 12, "n_generations": 44, "total_seconds": 0.0, "total_chars": 4022}
[episode cbench-v1/susan] best=0.2774 acts=3 ticks=2
[episode cbench-v1/sha] best=0.1259 acts=2 ticks=1
[episode cbench-v1/dijkstra] best=0.2774 acts=3 ticks=3
[episode cbench-v1/patricia] best=0.2771 acts=3 ticks=2
[episode cbench-v1/jpeg-c] best=0.2780 acts=3 ticks=3
[episode cbench-v1/tiff2bw] best=0.2775 acts=3 ticks=3
[episode cbench-v1/gsm] best=0.1259 acts=2 ticks=1
[episode cbench-v1/stringsearch] best=0.2773 acts=3 ticks=3
[probe ep0016] mean=0.2396
[episode cbench-v1/susan] best=0.2774 acts=3 ticks=2
[episode cbench-v1/sha] best=0.1259 acts=2 ticks=1
[episode cbench-v1/dijkstra] best=0.2774 acts=3 ticks=3
[episode cbench-v1/patricia] best=0.2771 acts=3 ticks=2
[episode cbench-v1/jpeg-c] best=0.2780 acts=3 ticks=3
[episode cbench-v1/tiff2bw] best=0.2775 acts=3 ticks=3
[episode cbench-v1/gsm] best=0.1259 acts=2 ticks=1
[episode cbench-v1/stringsearch] best=0.2773 acts=3 ticks=3
[probe ep0016_adapterOFF] mean=0.2396
[episode cbench-v1/adpcm] best=0.1268 acts=2 ticks=1
[episode chstone-v0/gsm] best=0.2787 acts=3 ticks=3
[episode cbench-v1/blowfish] best=0.2774 acts=3 ticks=3
[episode cbench-v1/crc32] best=0.2774 acts=3 ticks=2
[episode mibench-v1/qsort] best=0.2781 acts=3 ticks=3
[episode chstone-v0/aes] best=0.1262 acts=2 ticks=1
[episode chstone-v0/mips] best=0.2778 acts=3 ticks=3
[episode mibench-v1/bitcount] best=0.2782 acts=3 ticks=3
[sleep 24] new=41 principles=1
[preschool gate shadow] notes=22 numeric_execs=19 A_s_raw=1.000-1.000 admission=0.000-0.000 admitted_total=12 reasons={'no-measurement': 3, 'duplicate': 19}
[sleep 24] train rc=0 plasticity=1.00 lr=0.0001
[sleep 24] canary parseable-ACT rate=1.00 pass=True
[preschool] lesson lesson10 delivered (phase sleeps_done=3, 290 chars)
[preschool slot] {"label": "NOTE_AFTER", "kind": "note_after", "max_tokens": 100, "n_batch_calls": 18, "n_generations": 66, "total_seconds": 0.0, "total_chars": 6003}
[episode cbench-v1/susan] best=0.2774 acts=3 ticks=2
[episode cbench-v1/sha] best=0.1259 acts=2 ticks=1
[episode cbench-v1/dijkstra] best=0.2774 acts=3 ticks=3
[episode cbench-v1/patricia] best=0.2771 acts=3 ticks=2
[episode cbench-v1/jpeg-c] best=0.2780 acts=3 ticks=3
[episode cbench-v1/tiff2bw] best=0.2775 acts=3 ticks=3
[episode cbench-v1/gsm] best=0.1259 acts=2 ticks=1
[episode cbench-v1/stringsearch] best=0.2773 acts=3 ticks=3
[probe ep0024] mean=0.2396
[episode cbench-v1/susan] best=0.2774 acts=3 ticks=2
[episode cbench-v1/sha] best=0.1259 acts=2 ticks=1
[episode cbench-v1/dijkstra] best=0.2774 acts=3 ticks=3
[episode cbench-v1/patricia] best=0.2771 acts=3 ticks=2
[episode cbench-v1/jpeg-c] best=0.2780 acts=3 ticks=3
[episode cbench-v1/tiff2bw] best=0.2775 acts=3 ticks=3
[episode cbench-v1/gsm] best=0.1259 acts=2 ticks=1
[episode cbench-v1/stringsearch] best=0.2773 acts=3 ticks=3
[probe ep0024_adapterOFF] mean=0.2396
[life-v2] DONE
[life-v2] arm=B seed=0 n=24 sleep_every=8 probe_every=8
[preschool] note_after=True max_tokens=100 lesson=lesson gate=enforce min_items=1 neutral_probes=False panel=0 version=q14-v1-2026-09-12
[preschool] lesson lesson delivered (phase sleeps_done=0, 985 chars)
[episode cbench-v1/susan] best=0.2774 acts=3 ticks=2
[episode cbench-v1/sha] best=0.1259 acts=2 ticks=1
[episode cbench-v1/dijkstra] best=0.2774 acts=3 ticks=3
[episode cbench-v1/patricia] best=0.2771 acts=3 ticks=2
[episode cbench-v1/jpeg-c] best=0.2780 acts=3 ticks=3
[episode cbench-v1/tiff2bw] best=0.2775 acts=3 ticks=3
[episode cbench-v1/gsm] best=0.1259 acts=2 ticks=1
[episode cbench-v1/stringsearch] best=0.2773 acts=3 ticks=3
[probe ep0000] mean=0.2396
[episode chstone-v0/mips] best=0.2778 acts=3 ticks=3
[episode mibench-v1/bitcount] best=0.2782 acts=3 ticks=3
[episode cbench-v1/bitcount] best=0.2774 acts=3 ticks=3
[episode cbench-v1/qsort] best=0.2779 acts=3 ticks=3
[episode cbench-v1/rijndael] best=0.1260 acts=2 ticks=1
[episode cbench-v1/adpcm] best=0.1268 acts=2 ticks=1
[episode chstone-v0/gsm] best=0.2787 acts=3 ticks=3
[episode cbench-v1/blowfish] best=0.2774 acts=3 ticks=3
[sleep 8] new=29 principles=1
[preschool gate enforce] notes=22 numeric_execs=20 A_s_raw=1.000-1.000 admission=0.364-0.364 admitted_total=8 reasons={'duplicate': 12, 'no-measurement': 2}
[sleep 8] train rc=0 plasticity=1.00 lr=0.0001
[sleep 8] canary parseable-ACT rate=1.00 pass=True
[preschool] lesson lesson delivered (phase sleeps_done=1, 313 chars)
[preschool slot] {"label": "NOTE_AFTER", "kind": "note_after", "max_tokens": 100, "n_batch_calls": 6, "n_generations": 22, "total_seconds": 0.0, "total_chars": 2037}
[episode cbench-v1/susan] best=0.2774 acts=3 ticks=2
[episode cbench-v1/sha] best=0.1259 acts=2 ticks=1
[episode cbench-v1/dijkstra] best=0.2774 acts=3 ticks=3
[episode cbench-v1/patricia] best=0.2771 acts=3 ticks=2
[episode cbench-v1/jpeg-c] best=0.2780 acts=3 ticks=3
[episode cbench-v1/tiff2bw] best=0.2775 acts=3 ticks=3
[episode cbench-v1/gsm] best=0.1259 acts=2 ticks=1
[episode cbench-v1/stringsearch] best=0.2773 acts=3 ticks=3
[probe ep0008] mean=0.2396
[episode cbench-v1/susan] best=0.2774 acts=3 ticks=2
[episode cbench-v1/sha] best=0.1259 acts=2 ticks=1
[episode cbench-v1/dijkstra] best=0.2774 acts=3 ticks=3
[episode cbench-v1/patricia] best=0.2771 acts=3 ticks=2
[episode cbench-v1/jpeg-c] best=0.2780 acts=3 ticks=3
[episode cbench-v1/tiff2bw] best=0.2775 acts=3 ticks=3
[episode cbench-v1/gsm] best=0.1259 acts=2 ticks=1
[episode cbench-v1/stringsearch] best=0.2773 acts=3 ticks=3
[probe ep0008_adapterOFF] mean=0.2396
[episode cbench-v1/crc32] best=0.2774 acts=3 ticks=2
[episode mibench-v1/qsort] best=0.2781 acts=3 ticks=3
[episode chstone-v0/aes] best=0.1262 acts=2 ticks=1
[episode chstone-v0/mips] best=0.2778 acts=3 ticks=3
[episode mibench-v1/bitcount] best=0.2782 acts=3 ticks=3
[episode cbench-v1/bitcount] best=0.2774 acts=3 ticks=3
[episode cbench-v1/qsort] best=0.2779 acts=3 ticks=3
[episode cbench-v1/rijndael] best=0.1260 acts=2 ticks=1
[sleep 16] new=41 principles=1
[preschool gate enforce] notes=22 numeric_execs=19 A_s_raw=1.000-1.000 admission=0.182-0.182 admitted_total=12 reasons={'no-measurement': 3, 'duplicate': 15}
[sleep 16] train rc=0 plasticity=1.00 lr=0.0001
[sleep 16] canary parseable-ACT rate=1.00 pass=True
[preschool] lesson lesson delivered (phase sleeps_done=2, 285 chars)
[preschool slot] {"label": "NOTE_AFTER", "kind": "note_after", "max_tokens": 100, "n_batch_calls": 12, "n_generations": 44, "total_seconds": 0.0, "total_chars": 4022}
[episode cbench-v1/susan] best=0.2774 acts=3 ticks=2
[episode cbench-v1/sha] best=0.1259 acts=2 ticks=1
[episode cbench-v1/dijkstra] best=0.2774 acts=3 ticks=3
[episode cbench-v1/patricia] best=0.2771 acts=3 ticks=2
[episode cbench-v1/jpeg-c] best=0.2780 acts=3 ticks=3
[episode cbench-v1/tiff2bw] best=0.2775 acts=3 ticks=3
[episode cbench-v1/gsm] best=0.1259 acts=2 ticks=1
[episode cbench-v1/stringsearch] best=0.2773 acts=3 ticks=3
[probe ep0016] mean=0.2396
[episode cbench-v1/susan] best=0.2774 acts=3 ticks=2
[episode cbench-v1/sha] best=0.1259 acts=2 ticks=1
[episode cbench-v1/dijkstra] best=0.2774 acts=3 ticks=3
[episode cbench-v1/patricia] best=0.2771 acts=3 ticks=2
[episode cbench-v1/jpeg-c] best=0.2780 acts=3 ticks=3
[episode cbench-v1/tiff2bw] best=0.2775 acts=3 ticks=3
[episode cbench-v1/gsm] best=0.1259 acts=2 ticks=1
[episode cbench-v1/stringsearch] best=0.2773 acts=3 ticks=3
[probe ep0016_adapterOFF] mean=0.2396
[episode cbench-v1/adpcm] best=0.1268 acts=2 ticks=1
[episode chstone-v0/gsm] best=0.2787 acts=3 ticks=3
[episode cbench-v1/blowfish] best=0.2774 acts=3 ticks=3
[episode cbench-v1/crc32] best=0.2774 acts=3 ticks=2
[episode mibench-v1/qsort] best=0.2781 acts=3 ticks=3
[episode chstone-v0/aes] best=0.1262 acts=2 ticks=1
[episode chstone-v0/mips] best=0.2778 acts=3 ticks=3
[episode mibench-v1/bitcount] best=0.2782 acts=3 ticks=3
[sleep 24] new=41 principles=1
[preschool gate enforce] notes=22 numeric_execs=19 A_s_raw=1.000-1.000 admission=0.000-0.000 admitted_total=12 reasons={'no-measurement': 3, 'duplicate': 19}
[sleep 24] train rc=0 plasticity=1.00 lr=0.0001
[sleep 24] canary parseable-ACT rate=1.00 pass=True
[preschool] lesson lesson delivered (phase sleeps_done=3, 290 chars)
[preschool slot] {"label": "NOTE_AFTER", "kind": "note_after", "max_tokens": 100, "n_batch_calls": 18, "n_generations": 66, "total_seconds": 0.0, "total_chars": 6003}
[episode cbench-v1/susan] best=0.2774 acts=3 ticks=2
[episode cbench-v1/sha] best=0.1259 acts=2 ticks=1
[episode cbench-v1/dijkstra] best=0.2774 acts=3 ticks=3
[episode cbench-v1/patricia] best=0.2771 acts=3 ticks=2
[episode cbench-v1/jpeg-c] best=0.2780 acts=3 ticks=3
[episode cbench-v1/tiff2bw] best=0.2775 acts=3 ticks=3
[episode cbench-v1/gsm] best=0.1259 acts=2 ticks=1
[episode cbench-v1/stringsearch] best=0.2773 acts=3 ticks=3
[probe ep0024] mean=0.2396
[episode cbench-v1/susan] best=0.2774 acts=3 ticks=2
[episode cbench-v1/sha] best=0.1259 acts=2 ticks=1
[episode cbench-v1/dijkstra] best=0.2774 acts=3 ticks=3
[episode cbench-v1/patricia] best=0.2771 acts=3 ticks=2
[episode cbench-v1/jpeg-c] best=0.2780 acts=3 ticks=3
[episode cbench-v1/tiff2bw] best=0.2775 acts=3 ticks=3
[episode cbench-v1/gsm] best=0.1259 acts=2 ticks=1
[episode cbench-v1/stringsearch] best=0.2773 acts=3 ticks=3
[probe ep0024_adapterOFF] mean=0.2396
[life-v2] DONE
[life-v2] arm=B seed=0 n=24 sleep_every=8 probe_every=8
[preschool] note_after=True max_tokens=100 lesson=sham gate=shadow min_items=64 neutral_probes=False panel=0 version=q14-v1-2026-09-12
[preschool] lesson sham delivered (phase sleeps_done=0, 1081 chars)
[episode cbench-v1/susan] best=0.2774 acts=3 ticks=2
[episode cbench-v1/sha] best=0.1259 acts=2 ticks=1
[episode cbench-v1/dijkstra] best=0.2774 acts=3 ticks=3
[episode cbench-v1/patricia] best=0.2771 acts=3 ticks=2
[episode cbench-v1/jpeg-c] best=0.2780 acts=3 ticks=3
[episode cbench-v1/tiff2bw] best=0.2775 acts=3 ticks=3
[episode cbench-v1/gsm] best=0.1259 acts=2 ticks=1
[episode cbench-v1/stringsearch] best=0.2773 acts=3 ticks=3
[probe ep0000] mean=0.2396
[episode chstone-v0/mips] best=0.2778 acts=3 ticks=3
[episode mibench-v1/bitcount] best=0.2782 acts=3 ticks=3
[episode cbench-v1/bitcount] best=0.2774 acts=3 ticks=3
[episode cbench-v1/qsort] best=0.2779 acts=3 ticks=3
[episode cbench-v1/rijndael] best=0.1260 acts=2 ticks=1
[episode cbench-v1/adpcm] best=0.1268 acts=2 ticks=1
[episode chstone-v0/gsm] best=0.2787 acts=3 ticks=3
[episode cbench-v1/blowfish] best=0.2774 acts=3 ticks=3
[sleep 8] new=29 principles=1
[preschool gate shadow] notes=22 numeric_execs=20 A_s_raw=1.000-1.000 admission=0.364-0.364 admitted_total=8 reasons={'duplicate': 12, 'no-measurement': 2}
[sleep 8] train rc=0 plasticity=1.00 lr=0.0001
[sleep 8] canary parseable-ACT rate=1.00 pass=True
[preschool] lesson sham delivered (phase sleeps_done=1, 349 chars)
[preschool slot] {"label": "NOTE_AFTER", "kind": "note_after", "max_tokens": 100, "n_batch_calls": 6, "n_generations": 22, "total_seconds": 0.0, "total_chars": 2037}
[episode cbench-v1/susan] best=0.2774 acts=3 ticks=2
[episode cbench-v1/sha] best=0.1259 acts=2 ticks=1
[episode cbench-v1/dijkstra] best=0.2774 acts=3 ticks=3
[episode cbench-v1/patricia] best=0.2771 acts=3 ticks=2
[episode cbench-v1/jpeg-c] best=0.2780 acts=3 ticks=3
[episode cbench-v1/tiff2bw] best=0.2775 acts=3 ticks=3
[episode cbench-v1/gsm] best=0.1259 acts=2 ticks=1
[episode cbench-v1/stringsearch] best=0.2773 acts=3 ticks=3
[probe ep0008] mean=0.2396
[episode cbench-v1/susan] best=0.2774 acts=3 ticks=2
[episode cbench-v1/sha] best=0.1259 acts=2 ticks=1
[episode cbench-v1/dijkstra] best=0.2774 acts=3 ticks=3
[episode cbench-v1/patricia] best=0.2771 acts=3 ticks=2
[episode cbench-v1/jpeg-c] best=0.2780 acts=3 ticks=3
[episode cbench-v1/tiff2bw] best=0.2775 acts=3 ticks=3
[episode cbench-v1/gsm] best=0.1259 acts=2 ticks=1
[episode cbench-v1/stringsearch] best=0.2773 acts=3 ticks=3
[probe ep0008_adapterOFF] mean=0.2396
[episode cbench-v1/crc32] best=0.2774 acts=3 ticks=2
[episode mibench-v1/qsort] best=0.2781 acts=3 ticks=3
[episode chstone-v0/aes] best=0.1262 acts=2 ticks=1
[episode chstone-v0/mips] best=0.2778 acts=3 ticks=3
[episode mibench-v1/bitcount] best=0.2782 acts=3 ticks=3
[episode cbench-v1/bitcount] best=0.2774 acts=3 ticks=3
[episode cbench-v1/qsort] best=0.2779 acts=3 ticks=3
[episode cbench-v1/rijndael] best=0.1260 acts=2 ticks=1
[sleep 16] new=41 principles=1
[preschool gate shadow] notes=22 numeric_execs=19 A_s_raw=1.000-1.000 admission=0.182-0.182 admitted_total=12 reasons={'no-measurement': 3, 'duplicate': 15}
[sleep 16] train rc=0 plasticity=1.00 lr=0.0001
[sleep 16] canary parseable-ACT rate=1.00 pass=True
[preschool] lesson sham delivered (phase sleeps_done=2, 292 chars)
[preschool slot] {"label": "NOTE_AFTER", "kind": "note_after", "max_tokens": 100, "n_batch_calls": 12, "n_generations": 44, "total_seconds": 0.0, "total_chars": 4022}
[episode cbench-v1/susan] best=0.2774 acts=3 ticks=2
[episode cbench-v1/sha] best=0.1259 acts=2 ticks=1
[episode cbench-v1/dijkstra] best=0.2774 acts=3 ticks=3
[episode cbench-v1/patricia] best=0.2771 acts=3 ticks=2
[episode cbench-v1/jpeg-c] best=0.2780 acts=3 ticks=3
[episode cbench-v1/tiff2bw] best=0.2775 acts=3 ticks=3
[episode cbench-v1/gsm] best=0.1259 acts=2 ticks=1
[episode cbench-v1/stringsearch] best=0.2773 acts=3 ticks=3
[probe ep0016] mean=0.2396
[episode cbench-v1/susan] best=0.2774 acts=3 ticks=2
[episode cbench-v1/sha] best=0.1259 acts=2 ticks=1
[episode cbench-v1/dijkstra] best=0.2774 acts=3 ticks=3
[episode cbench-v1/patricia] best=0.2771 acts=3 ticks=2
[episode cbench-v1/jpeg-c] best=0.2780 acts=3 ticks=3
[episode cbench-v1/tiff2bw] best=0.2775 acts=3 ticks=3
[episode cbench-v1/gsm] best=0.1259 acts=2 ticks=1
[episode cbench-v1/stringsearch] best=0.2773 acts=3 ticks=3
[probe ep0016_adapterOFF] mean=0.2396
[episode cbench-v1/adpcm] best=0.1268 acts=2 ticks=1
[episode chstone-v0/gsm] best=0.2787 acts=3 ticks=3
[episode cbench-v1/blowfish] best=0.2774 acts=3 ticks=3
[episode cbench-v1/crc32] best=0.2774 acts=3 ticks=2
[episode mibench-v1/qsort] best=0.2781 acts=3 ticks=3
[episode chstone-v0/aes] best=0.1262 acts=2 ticks=1
[episode chstone-v0/mips] best=0.2778 acts=3 ticks=3
[episode mibench-v1/bitcount] best=0.2782 acts=3 ticks=3
[sleep 24] new=41 principles=1
[preschool gate shadow] notes=22 numeric_execs=19 A_s_raw=1.000-1.000 admission=0.000-0.000 admitted_total=12 reasons={'no-measurement': 3, 'duplicate': 19}
[sleep 24] train rc=0 plasticity=1.00 lr=0.0001
[sleep 24] canary parseable-ACT rate=1.00 pass=True
[preschool] lesson sham delivered (phase sleeps_done=3, 307 chars)
[preschool slot] {"label": "NOTE_AFTER", "kind": "note_after", "max_tokens": 100, "n_batch_calls": 18, "n_generations": 66, "total_seconds": 0.0, "total_chars": 6003}
[episode cbench-v1/susan] best=0.2774 acts=3 ticks=2
[episode cbench-v1/sha] best=0.1259 acts=2 ticks=1
[episode cbench-v1/dijkstra] best=0.2774 acts=3 ticks=3
[episode cbench-v1/patricia] best=0.2771 acts=3 ticks=2
[episode cbench-v1/jpeg-c] best=0.2780 acts=3 ticks=3
[episode cbench-v1/tiff2bw] best=0.2775 acts=3 ticks=3
[episode cbench-v1/gsm] best=0.1259 acts=2 ticks=1
[episode cbench-v1/stringsearch] best=0.2773 acts=3 ticks=3
[probe ep0024] mean=0.2396
[episode cbench-v1/susan] best=0.2774 acts=3 ticks=2
[episode cbench-v1/sha] best=0.1259 acts=2 ticks=1
[episode cbench-v1/dijkstra] best=0.2774 acts=3 ticks=3
[episode cbench-v1/patricia] best=0.2771 acts=3 ticks=2
[episode cbench-v1/jpeg-c] best=0.2780 acts=3 ticks=3
[episode cbench-v1/tiff2bw] best=0.2775 acts=3 ticks=3
[episode cbench-v1/gsm] best=0.1259 acts=2 ticks=1
[episode cbench-v1/stringsearch] best=0.2773 acts=3 ticks=3
[probe ep0024_adapterOFF] mean=0.2396
[life-v2] DONE
[life-v2] arm=B seed=0 n=24 sleep_every=8 probe_every=8
[preschool] note_after=True max_tokens=100 lesson=sham gate=enforce min_items=1 neutral_probes=False panel=0 version=q14-v1-2026-09-12
[preschool] lesson sham delivered (phase sleeps_done=0, 1081 chars)
[episode cbench-v1/susan] best=0.2774 acts=3 ticks=2
[episode cbench-v1/sha] best=0.1259 acts=2 ticks=1
[episode cbench-v1/dijkstra] best=0.2774 acts=3 ticks=3
[episode cbench-v1/patricia] best=0.2771 acts=3 ticks=2
[episode cbench-v1/jpeg-c] best=0.2780 acts=3 ticks=3
[episode cbench-v1/tiff2bw] best=0.2775 acts=3 ticks=3
[episode cbench-v1/gsm] best=0.1259 acts=2 ticks=1
[episode cbench-v1/stringsearch] best=0.2773 acts=3 ticks=3
[probe ep0000] mean=0.2396
[episode chstone-v0/mips] best=0.2778 acts=3 ticks=3
[episode mibench-v1/bitcount] best=0.2782 acts=3 ticks=3
[episode cbench-v1/bitcount] best=0.2774 acts=3 ticks=3
[episode cbench-v1/qsort] best=0.2779 acts=3 ticks=3
[episode cbench-v1/rijndael] best=0.1260 acts=2 ticks=1
[episode cbench-v1/adpcm] best=0.1268 acts=2 ticks=1
[episode chstone-v0/gsm] best=0.2787 acts=3 ticks=3
[episode cbench-v1/blowfish] best=0.2774 acts=3 ticks=3
[sleep 8] new=29 principles=1
[preschool gate enforce] notes=22 numeric_execs=20 A_s_raw=1.000-1.000 admission=0.364-0.364 admitted_total=8 reasons={'duplicate': 12, 'no-measurement': 2}
[sleep 8] train rc=0 plasticity=1.00 lr=0.0001
[sleep 8] canary parseable-ACT rate=1.00 pass=True
[preschool] lesson sham delivered (phase sleeps_done=1, 349 chars)
[preschool slot] {"label": "NOTE_AFTER", "kind": "note_after", "max_tokens": 100, "n_batch_calls": 6, "n_generations": 22, "total_seconds": 0.0, "total_chars": 2037}
[episode cbench-v1/susan] best=0.2774 acts=3 ticks=2
[episode cbench-v1/sha] best=0.1259 acts=2 ticks=1
[episode cbench-v1/dijkstra] best=0.2774 acts=3 ticks=3
[episode cbench-v1/patricia] best=0.2771 acts=3 ticks=2
[episode cbench-v1/jpeg-c] best=0.2780 acts=3 ticks=3
[episode cbench-v1/tiff2bw] best=0.2775 acts=3 ticks=3
[episode cbench-v1/gsm] best=0.1259 acts=2 ticks=1
[episode cbench-v1/stringsearch] best=0.2773 acts=3 ticks=3
[probe ep0008] mean=0.2396
[episode cbench-v1/susan] best=0.2774 acts=3 ticks=2
[episode cbench-v1/sha] best=0.1259 acts=2 ticks=1
[episode cbench-v1/dijkstra] best=0.2774 acts=3 ticks=3
[episode cbench-v1/patricia] best=0.2771 acts=3 ticks=2
[episode cbench-v1/jpeg-c] best=0.2780 acts=3 ticks=3
[episode cbench-v1/tiff2bw] best=0.2775 acts=3 ticks=3
[episode cbench-v1/gsm] best=0.1259 acts=2 ticks=1
[episode cbench-v1/stringsearch] best=0.2773 acts=3 ticks=3
[probe ep0008_adapterOFF] mean=0.2396
[episode cbench-v1/crc32] best=0.2774 acts=3 ticks=2
[episode mibench-v1/qsort] best=0.2781 acts=3 ticks=3
[episode chstone-v0/aes] best=0.1262 acts=2 ticks=1
[episode chstone-v0/mips] best=0.2778 acts=3 ticks=3
[episode mibench-v1/bitcount] best=0.2782 acts=3 ticks=3
[episode cbench-v1/bitcount] best=0.2774 acts=3 ticks=3
[episode cbench-v1/qsort] best=0.2779 acts=3 ticks=3
[episode cbench-v1/rijndael] best=0.1260 acts=2 ticks=1
[sleep 16] new=41 principles=1
[preschool gate enforce] notes=22 numeric_execs=19 A_s_raw=1.000-1.000 admission=0.182-0.182 admitted_total=12 reasons={'no-measurement': 3, 'duplicate': 15}
[sleep 16] train rc=0 plasticity=1.00 lr=0.0001
[sleep 16] canary parseable-ACT rate=1.00 pass=True
[preschool] lesson sham delivered (phase sleeps_done=2, 292 chars)
[preschool slot] {"label": "NOTE_AFTER", "kind": "note_after", "max_tokens": 100, "n_batch_calls": 12, "n_generations": 44, "total_seconds": 0.0, "total_chars": 4022}
[episode cbench-v1/susan] best=0.2774 acts=3 ticks=2
[episode cbench-v1/sha] best=0.1259 acts=2 ticks=1
[episode cbench-v1/dijkstra] best=0.2774 acts=3 ticks=3
[episode cbench-v1/patricia] best=0.2771 acts=3 ticks=2
[episode cbench-v1/jpeg-c] best=0.2780 acts=3 ticks=3
[episode cbench-v1/tiff2bw] best=0.2775 acts=3 ticks=3
[episode cbench-v1/gsm] best=0.1259 acts=2 ticks=1
[episode cbench-v1/stringsearch] best=0.2773 acts=3 ticks=3
[probe ep0016] mean=0.2396
[episode cbench-v1/susan] best=0.2774 acts=3 ticks=2
[episode cbench-v1/sha] best=0.1259 acts=2 ticks=1
[episode cbench-v1/dijkstra] best=0.2774 acts=3 ticks=3
[episode cbench-v1/patricia] best=0.2771 acts=3 ticks=2
[episode cbench-v1/jpeg-c] best=0.2780 acts=3 ticks=3
[episode cbench-v1/tiff2bw] best=0.2775 acts=3 ticks=3
[episode cbench-v1/gsm] best=0.1259 acts=2 ticks=1
[episode cbench-v1/stringsearch] best=0.2773 acts=3 ticks=3
[probe ep0016_adapterOFF] mean=0.2396
[episode cbench-v1/adpcm] best=0.1268 acts=2 ticks=1
[episode chstone-v0/gsm] best=0.2787 acts=3 ticks=3
[episode cbench-v1/blowfish] best=0.2774 acts=3 ticks=3
[episode cbench-v1/crc32] best=0.2774 acts=3 ticks=2
[episode mibench-v1/qsort] best=0.2781 acts=3 ticks=3
[episode chstone-v0/aes] best=0.1262 acts=2 ticks=1
[episode chstone-v0/mips] best=0.2778 acts=3 ticks=3
[episode mibench-v1/bitcount] best=0.2782 acts=3 ticks=3
[sleep 24] new=41 principles=1
[preschool gate enforce] notes=22 numeric_execs=19 A_s_raw=1.000-1.000 admission=0.000-0.000 admitted_total=12 reasons={'no-measurement': 3, 'duplicate': 19}
[sleep 24] train rc=0 plasticity=1.00 lr=0.0001
[sleep 24] canary parseable-ACT rate=1.00 pass=True
[preschool] lesson sham delivered (phase sleeps_done=3, 307 chars)
[preschool slot] {"label": "NOTE_AFTER", "kind": "note_after", "max_tokens": 100, "n_batch_calls": 18, "n_generations": 66, "total_seconds": 0.0, "total_chars": 6003}
[episode cbench-v1/susan] best=0.2774 acts=3 ticks=2
[episode cbench-v1/sha] best=0.1259 acts=2 ticks=1
[episode cbench-v1/dijkstra] best=0.2774 acts=3 ticks=3
[episode cbench-v1/patricia] best=0.2771 acts=3 ticks=2
[episode cbench-v1/jpeg-c] best=0.2780 acts=3 ticks=3
[episode cbench-v1/tiff2bw] best=0.2775 acts=3 ticks=3
[episode cbench-v1/gsm] best=0.1259 acts=2 ticks=1
[episode cbench-v1/stringsearch] best=0.2773 acts=3 ticks=3
[probe ep0024] mean=0.2396
[episode cbench-v1/susan] best=0.2774 acts=3 ticks=2
[episode cbench-v1/sha] best=0.1259 acts=2 ticks=1
[episode cbench-v1/dijkstra] best=0.2774 acts=3 ticks=3
[episode cbench-v1/patricia] best=0.2771 acts=3 ticks=2
[episode cbench-v1/jpeg-c] best=0.2780 acts=3 ticks=3
[episode cbench-v1/tiff2bw] best=0.2775 acts=3 ticks=3
[episode cbench-v1/gsm] best=0.1259 acts=2 ticks=1
[episode cbench-v1/stringsearch] best=0.2773 acts=3 ticks=3
[probe ep0024_adapterOFF] mean=0.2396
[life-v2] DONE
ok
unittest.case.FunctionTestCase (test_lesson_before_episode_one_and_refreshers_after_sleeps_1_to_3_only) ... [life-v2] arm=A seed=0 n=40 sleep_every=8 probe_every=8
[preschool] note_after=True max_tokens=100 lesson=lesson10 gate=off min_items=64 neutral_probes=False panel=0 version=q14-v1-2026-09-12
[preschool] lesson lesson10 delivered (phase sleeps_done=0, 1212 chars)
[episode cbench-v1/susan] best=0.2774 acts=3 ticks=2
[episode cbench-v1/sha] best=0.1259 acts=2 ticks=1
[episode cbench-v1/dijkstra] best=0.2774 acts=3 ticks=3
[episode cbench-v1/patricia] best=0.2771 acts=3 ticks=2
[episode cbench-v1/jpeg-c] best=0.2780 acts=3 ticks=3
[episode cbench-v1/tiff2bw] best=0.2775 acts=3 ticks=3
[episode cbench-v1/gsm] best=0.1259 acts=2 ticks=1
[episode cbench-v1/stringsearch] best=0.2773 acts=3 ticks=3
[probe ep0000] mean=0.2396
[episode chstone-v0/mips] best=0.2778 acts=3 ticks=3
[episode mibench-v1/bitcount] best=0.2782 acts=3 ticks=3
[episode cbench-v1/bitcount] best=0.2774 acts=3 ticks=3
[episode cbench-v1/qsort] best=0.2779 acts=3 ticks=3
[episode cbench-v1/rijndael] best=0.1260 acts=2 ticks=1
[episode cbench-v1/adpcm] best=0.1268 acts=2 ticks=1
[episode chstone-v0/gsm] best=0.2787 acts=3 ticks=3
[episode cbench-v1/blowfish] best=0.2774 acts=3 ticks=3
[sleep 8] new=29 principles=1
[preschool] lesson lesson10 delivered (phase sleeps_done=1, 313 chars)
[preschool slot] {"label": "NOTE_AFTER", "kind": "note_after", "max_tokens": 100, "n_batch_calls": 6, "n_generations": 22, "total_seconds": 0.0, "total_chars": 2037}
[episode cbench-v1/susan] best=0.2774 acts=3 ticks=2
[episode cbench-v1/sha] best=0.1259 acts=2 ticks=1
[episode cbench-v1/dijkstra] best=0.2774 acts=3 ticks=3
[episode cbench-v1/patricia] best=0.2771 acts=3 ticks=2
[episode cbench-v1/jpeg-c] best=0.2780 acts=3 ticks=3
[episode cbench-v1/tiff2bw] best=0.2775 acts=3 ticks=3
[episode cbench-v1/gsm] best=0.1259 acts=2 ticks=1
[episode cbench-v1/stringsearch] best=0.2773 acts=3 ticks=3
[probe ep0008] mean=0.2396
[episode cbench-v1/crc32] best=0.2774 acts=3 ticks=2
[episode mibench-v1/qsort] best=0.2781 acts=3 ticks=3
[episode chstone-v0/aes] best=0.1262 acts=2 ticks=1
[episode chstone-v0/mips] best=0.2778 acts=3 ticks=3
[episode mibench-v1/bitcount] best=0.2782 acts=3 ticks=3
[episode cbench-v1/bitcount] best=0.2774 acts=3 ticks=3
[episode cbench-v1/qsort] best=0.2779 acts=3 ticks=3
[episode cbench-v1/rijndael] best=0.1260 acts=2 ticks=1
[sleep 16] new=41 principles=1
[preschool] lesson lesson10 delivered (phase sleeps_done=2, 285 chars)
[preschool slot] {"label": "NOTE_AFTER", "kind": "note_after", "max_tokens": 100, "n_batch_calls": 12, "n_generations": 44, "total_seconds": 0.0, "total_chars": 4022}
[episode cbench-v1/susan] best=0.2774 acts=3 ticks=2
[episode cbench-v1/sha] best=0.1259 acts=2 ticks=1
[episode cbench-v1/dijkstra] best=0.2774 acts=3 ticks=3
[episode cbench-v1/patricia] best=0.2771 acts=3 ticks=2
[episode cbench-v1/jpeg-c] best=0.2780 acts=3 ticks=3
[episode cbench-v1/tiff2bw] best=0.2775 acts=3 ticks=3
[episode cbench-v1/gsm] best=0.1259 acts=2 ticks=1
[episode cbench-v1/stringsearch] best=0.2773 acts=3 ticks=3
[probe ep0016] mean=0.2396
[episode cbench-v1/adpcm] best=0.1268 acts=2 ticks=1
[episode chstone-v0/gsm] best=0.2787 acts=3 ticks=3
[episode cbench-v1/blowfish] best=0.2774 acts=3 ticks=3
[episode cbench-v1/crc32] best=0.2774 acts=3 ticks=2
[episode mibench-v1/qsort] best=0.2781 acts=3 ticks=3
[episode chstone-v0/aes] best=0.1262 acts=2 ticks=1
[episode chstone-v0/mips] best=0.2778 acts=3 ticks=3
[episode mibench-v1/bitcount] best=0.2782 acts=3 ticks=3
[sleep 24] new=41 principles=1
[preschool] lesson lesson10 delivered (phase sleeps_done=3, 290 chars)
[preschool slot] {"label": "NOTE_AFTER", "kind": "note_after", "max_tokens": 100, "n_batch_calls": 18, "n_generations": 66, "total_seconds": 0.0, "total_chars": 6003}
[episode cbench-v1/susan] best=0.2774 acts=3 ticks=2
[episode cbench-v1/sha] best=0.1259 acts=2 ticks=1
[episode cbench-v1/dijkstra] best=0.2774 acts=3 ticks=3
[episode cbench-v1/patricia] best=0.2771 acts=3 ticks=2
[episode cbench-v1/jpeg-c] best=0.2780 acts=3 ticks=3
[episode cbench-v1/tiff2bw] best=0.2775 acts=3 ticks=3
[episode cbench-v1/gsm] best=0.1259 acts=2 ticks=1
[episode cbench-v1/stringsearch] best=0.2773 acts=3 ticks=3
[probe ep0024] mean=0.2396
[episode cbench-v1/bitcount] best=0.2774 acts=3 ticks=3
[episode cbench-v1/qsort] best=0.2779 acts=3 ticks=3
[episode cbench-v1/rijndael] best=0.1260 acts=2 ticks=1
[episode cbench-v1/adpcm] best=0.1268 acts=2 ticks=1
[episode chstone-v0/gsm] best=0.2787 acts=3 ticks=3
[episode cbench-v1/blowfish] best=0.2774 acts=3 ticks=3
[episode cbench-v1/crc32] best=0.2774 acts=3 ticks=2
[episode mibench-v1/qsort] best=0.2781 acts=3 ticks=3
[sleep 32] new=41 principles=1
[preschool slot] {"label": "NOTE_AFTER", "kind": "note_after", "max_tokens": 100, "n_batch_calls": 24, "n_generations": 88, "total_seconds": 0.0, "total_chars": 7987}
[episode cbench-v1/susan] best=0.2774 acts=3 ticks=2
[episode cbench-v1/sha] best=0.1259 acts=2 ticks=1
[episode cbench-v1/dijkstra] best=0.2774 acts=3 ticks=3
[episode cbench-v1/patricia] best=0.2771 acts=3 ticks=2
[episode cbench-v1/jpeg-c] best=0.2780 acts=3 ticks=3
[episode cbench-v1/tiff2bw] best=0.2775 acts=3 ticks=3
[episode cbench-v1/gsm] best=0.1259 acts=2 ticks=1
[episode cbench-v1/stringsearch] best=0.2773 acts=3 ticks=3
[probe ep0032] mean=0.2396
[episode chstone-v0/aes] best=0.1262 acts=2 ticks=1
[episode chstone-v0/mips] best=0.2778 acts=3 ticks=3
[episode mibench-v1/bitcount] best=0.2782 acts=3 ticks=3
[episode cbench-v1/bitcount] best=0.2774 acts=3 ticks=3
[episode cbench-v1/qsort] best=0.2779 acts=3 ticks=3
[episode cbench-v1/rijndael] best=0.1260 acts=2 ticks=1
[episode cbench-v1/adpcm] best=0.1268 acts=2 ticks=1
[episode chstone-v0/gsm] best=0.2787 acts=3 ticks=3
[sleep 40] new=41 principles=1
[preschool slot] {"label": "NOTE_AFTER", "kind": "note_after", "max_tokens": 100, "n_batch_calls": 30, "n_generations": 109, "total_seconds": 0.0, "total_chars": 9870}
[episode cbench-v1/susan] best=0.2774 acts=3 ticks=2
[episode cbench-v1/sha] best=0.1259 acts=2 ticks=1
[episode cbench-v1/dijkstra] best=0.2774 acts=3 ticks=3
[episode cbench-v1/patricia] best=0.2771 acts=3 ticks=2
[episode cbench-v1/jpeg-c] best=0.2780 acts=3 ticks=3
[episode cbench-v1/tiff2bw] best=0.2775 acts=3 ticks=3
[episode cbench-v1/gsm] best=0.1259 acts=2 ticks=1
[episode cbench-v1/stringsearch] best=0.2773 acts=3 ticks=3
[probe ep0040] mean=0.2396
[life-v2] DONE
[life-v2] arm=A seed=0 n=8 sleep_every=8 probe_every=8
[preschool] note_after=False max_tokens=100 lesson=lesson gate=off min_items=64 neutral_probes=False panel=0 version=q14-v1-2026-09-12
[preschool] lesson lesson delivered (phase sleeps_done=0, 985 chars)
[episode cbench-v1/susan] best=0.2774 acts=3 ticks=2
[episode cbench-v1/sha] best=0.1259 acts=2 ticks=1
[episode cbench-v1/dijkstra] best=0.2774 acts=3 ticks=3
[episode cbench-v1/patricia] best=0.2771 acts=3 ticks=2
[episode cbench-v1/jpeg-c] best=0.2780 acts=3 ticks=3
[episode cbench-v1/tiff2bw] best=0.2775 acts=3 ticks=3
[episode cbench-v1/gsm] best=0.1259 acts=2 ticks=1
[episode cbench-v1/stringsearch] best=0.2773 acts=3 ticks=3
[probe ep0000] mean=0.2396
[episode chstone-v0/gsm] best=0.2787 acts=3 ticks=3
[episode cbench-v1/rijndael] best=0.1260 acts=2 ticks=1
[episode cbench-v1/bitcount] best=0.2774 acts=3 ticks=3
[episode cbench-v1/adpcm] best=0.1268 acts=2 ticks=1
[episode cbench-v1/blowfish] best=0.2774 acts=3 ticks=3
[episode cbench-v1/qsort] best=0.2779 acts=3 ticks=3
[episode cbench-v1/crc32] best=0.2774 acts=3 ticks=2
[episode chstone-v0/mips] best=0.2778 acts=3 ticks=3
[sleep 8] new=31 principles=1
[preschool] lesson lesson delivered (phase sleeps_done=1, 313 chars)
[episode cbench-v1/susan] best=0.2774 acts=3 ticks=2
[episode cbench-v1/sha] best=0.1259 acts=2 ticks=1
[episode cbench-v1/dijkstra] best=0.2774 acts=3 ticks=3
[episode cbench-v1/patricia] best=0.2771 acts=3 ticks=2
[episode cbench-v1/jpeg-c] best=0.2780 acts=3 ticks=3
[episode cbench-v1/tiff2bw] best=0.2775 acts=3 ticks=3
[episode cbench-v1/gsm] best=0.1259 acts=2 ticks=1
[episode cbench-v1/stringsearch] best=0.2773 acts=3 ticks=3
[probe ep0008] mean=0.2396
[life-v2] DONE
ok
unittest.case.FunctionTestCase (test_neutral_panel_must_be_held_out) ... [life-v2] arm=A seed=0 n=8 sleep_every=8 probe_every=8
ok
unittest.case.FunctionTestCase (test_neutral_probes_are_paired_fresh_and_never_harvested) ... [life-v2] arm=B seed=0 n=16 sleep_every=8 probe_every=8
[preschool] note_after=True max_tokens=100 lesson=lesson gate=off min_items=64 neutral_probes=True panel=2 version=q14-v1-2026-09-12
[preschool] lesson lesson delivered (phase sleeps_done=0, 985 chars)
[episode cbench-v1/susan] best=0.2774 acts=3 ticks=2
[episode cbench-v1/sha] best=0.1259 acts=2 ticks=1
[episode cbench-v1/dijkstra] best=0.2774 acts=3 ticks=3
[episode cbench-v1/patricia] best=0.2771 acts=3 ticks=2
[episode cbench-v1/jpeg-c] best=0.2780 acts=3 ticks=3
[episode cbench-v1/tiff2bw] best=0.2775 acts=3 ticks=3
[episode cbench-v1/gsm] best=0.1259 acts=2 ticks=1
[episode cbench-v1/stringsearch] best=0.2773 acts=3 ticks=3
[probe ep0000] mean=0.2396
[episode chstone-v0/mips] best=0.2778 acts=3 ticks=3
[episode mibench-v1/bitcount] best=0.2782 acts=3 ticks=3
[episode cbench-v1/bitcount] best=0.2774 acts=3 ticks=3
[episode cbench-v1/qsort] best=0.2779 acts=3 ticks=3
[episode cbench-v1/rijndael] best=0.1260 acts=2 ticks=1
[episode cbench-v1/adpcm] best=0.1268 acts=2 ticks=1
[episode chstone-v0/gsm] best=0.2787 acts=3 ticks=3
[episode cbench-v1/blowfish] best=0.2774 acts=3 ticks=3
[episode benchmark://npb-v0/30] best=0.2776 acts=3 ticks=3
[neutral probe pre sleep 1] benchmark://npb-v0/30 best_on=0.27755603315934907 best_off=0.27755603315934907 articulation_on=1.000-1.000 off=1.000-1.000 adapter=None (off = on: no adapter loaded)
[sleep 8] new=29 principles=1
[sleep 8] train rc=0 plasticity=1.00 lr=0.0001
[sleep 8] canary parseable-ACT rate=1.00 pass=True
[preschool] lesson lesson delivered (phase sleeps_done=1, 313 chars)
[preschool slot] {"label": "NOTE_AFTER", "kind": "note_after", "max_tokens": 100, "n_batch_calls": 6, "n_generations": 22, "total_seconds": 0.0, "total_chars": 2037}
ERROR
unittest.case.FunctionTestCase (test_neutral_probes_run_adapter_on_and_off_on_the_same_program) ... [life-v2] arm=B seed=0 n=16 sleep_every=8 probe_every=8
[preschool] note_after=True max_tokens=100 lesson=none gate=off min_items=64 neutral_probes=True panel=2 version=q14-v1-2026-09-12
[episode cbench-v1/susan] best=0.2774 acts=3 ticks=2
[episode cbench-v1/sha] best=0.1259 acts=2 ticks=1
[episode cbench-v1/dijkstra] best=0.2774 acts=3 ticks=3
[episode cbench-v1/patricia] best=0.2771 acts=3 ticks=2
[episode cbench-v1/jpeg-c] best=0.2780 acts=3 ticks=3
[episode cbench-v1/tiff2bw] best=0.2775 acts=3 ticks=3
[episode cbench-v1/gsm] best=0.1259 acts=2 ticks=1
[episode cbench-v1/stringsearch] best=0.2773 acts=3 ticks=3
[probe ep0000] mean=0.2396
[episode chstone-v0/mips] best=0.2778 acts=3 ticks=3
[episode mibench-v1/bitcount] best=0.2782 acts=3 ticks=3
[episode cbench-v1/bitcount] best=0.2774 acts=3 ticks=3
[episode cbench-v1/qsort] best=0.2779 acts=3 ticks=3
[episode cbench-v1/rijndael] best=0.1260 acts=2 ticks=1
[episode cbench-v1/adpcm] best=0.1268 acts=2 ticks=1
[episode chstone-v0/gsm] best=0.2787 acts=3 ticks=3
[episode cbench-v1/blowfish] best=0.2774 acts=3 ticks=3
[episode benchmark://npb-v0/30] best=0.2776 acts=3 ticks=3
[neutral probe pre sleep 1] benchmark://npb-v0/30 best_on=0.27755603315934907 best_off=0.27755603315934907 articulation_on=1.000-1.000 off=1.000-1.000 adapter=None (off = on: no adapter loaded)
[sleep 8] new=29 principles=1
[sleep 8] train rc=0 plasticity=1.00 lr=0.0001
[sleep 8] canary parseable-ACT rate=1.00 pass=True
[preschool slot] {"label": "NOTE_AFTER", "kind": "note_after", "max_tokens": 100, "n_batch_calls": 6, "n_generations": 22, "total_seconds": 0.0, "total_chars": 2037}
ERROR
unittest.case.FunctionTestCase (test_note_after_rows_and_slot_sentence) ... [life-v2] arm=B seed=0 n=16 sleep_every=8 probe_every=8
[preschool] note_after=True max_tokens=100 lesson=none gate=off min_items=64 neutral_probes=False panel=0 version=q14-v1-2026-09-12
[episode cbench-v1/susan] best=0.2774 acts=3 ticks=2
[episode cbench-v1/sha] best=0.1259 acts=2 ticks=1
[episode cbench-v1/dijkstra] best=0.2774 acts=3 ticks=3
[episode cbench-v1/patricia] best=0.2771 acts=3 ticks=2
[episode cbench-v1/jpeg-c] best=0.2780 acts=3 ticks=3
[episode cbench-v1/tiff2bw] best=0.2775 acts=3 ticks=3
[episode cbench-v1/gsm] best=0.1259 acts=2 ticks=1
[episode cbench-v1/stringsearch] best=0.2773 acts=3 ticks=3
[probe ep0000] mean=0.2396
[episode chstone-v0/mips] best=0.2778 acts=3 ticks=3
[episode mibench-v1/bitcount] best=0.2782 acts=3 ticks=3
[episode cbench-v1/bitcount] best=0.2774 acts=3 ticks=3
[episode cbench-v1/qsort] best=0.2779 acts=3 ticks=3
[episode cbench-v1/rijndael] best=0.1260 acts=2 ticks=1
[episode cbench-v1/adpcm] best=0.1268 acts=2 ticks=1
[episode chstone-v0/gsm] best=0.2787 acts=3 ticks=3
[episode cbench-v1/blowfish] best=0.2774 acts=3 ticks=3
[sleep 8] new=29 principles=1
[sleep 8] train rc=0 plasticity=1.00 lr=0.0001
[sleep 8] canary parseable-ACT rate=1.00 pass=True
[preschool slot] {"label": "NOTE_AFTER", "kind": "note_after", "max_tokens": 100, "n_batch_calls": 6, "n_generations": 22, "total_seconds": 0.0, "total_chars": 2037}
[episode cbench-v1/susan] best=0.2774 acts=3 ticks=2
[episode cbench-v1/sha] best=0.1259 acts=2 ticks=1
[episode cbench-v1/dijkstra] best=0.2774 acts=3 ticks=3
[episode cbench-v1/patricia] best=0.2771 acts=3 ticks=2
[episode cbench-v1/jpeg-c] best=0.2780 acts=3 ticks=3
[episode cbench-v1/tiff2bw] best=0.2775 acts=3 ticks=3
[episode cbench-v1/gsm] best=0.1259 acts=2 ticks=1
[episode cbench-v1/stringsearch] best=0.2773 acts=3 ticks=3
[probe ep0008] mean=0.2396
[episode cbench-v1/susan] best=0.2774 acts=3 ticks=2
[episode cbench-v1/sha] best=0.1259 acts=2 ticks=1
[episode cbench-v1/dijkstra] best=0.2774 acts=3 ticks=3
[episode cbench-v1/patricia] best=0.2771 acts=3 ticks=2
[episode cbench-v1/jpeg-c] best=0.2780 acts=3 ticks=3
[episode cbench-v1/tiff2bw] best=0.2775 acts=3 ticks=3
[episode cbench-v1/gsm] best=0.1259 acts=2 ticks=1
[episode cbench-v1/stringsearch] best=0.2773 acts=3 ticks=3
[probe ep0008_adapterOFF] mean=0.2396
[episode cbench-v1/crc32] best=0.2774 acts=3 ticks=2
[episode mibench-v1/qsort] best=0.2781 acts=3 ticks=3
[episode chstone-v0/aes] best=0.1262 acts=2 ticks=1
[episode chstone-v0/mips] best=0.2778 acts=3 ticks=3
[episode mibench-v1/bitcount] best=0.2782 acts=3 ticks=3
[episode cbench-v1/bitcount] best=0.2774 acts=3 ticks=3
[episode cbench-v1/qsort] best=0.2779 acts=3 ticks=3
[episode cbench-v1/rijndael] best=0.1260 acts=2 ticks=1
[sleep 16] new=41 principles=1
[sleep 16] train rc=0 plasticity=1.00 lr=0.0001
[sleep 16] canary parseable-ACT rate=1.00 pass=True
[preschool slot] {"label": "NOTE_AFTER", "kind": "note_after", "max_tokens": 100, "n_batch_calls": 12, "n_generations": 44, "total_seconds": 0.0, "total_chars": 4022}
[episode cbench-v1/susan] best=0.2774 acts=3 ticks=2
[episode cbench-v1/sha] best=0.1259 acts=2 ticks=1
[episode cbench-v1/dijkstra] best=0.2774 acts=3 ticks=3
[episode cbench-v1/patricia] best=0.2771 acts=3 ticks=2
[episode cbench-v1/jpeg-c] best=0.2780 acts=3 ticks=3
[episode cbench-v1/tiff2bw] best=0.2775 acts=3 ticks=3
[episode cbench-v1/gsm] best=0.1259 acts=2 ticks=1
[episode cbench-v1/stringsearch] best=0.2773 acts=3 ticks=3
[probe ep0016] mean=0.2396
[episode cbench-v1/susan] best=0.2774 acts=3 ticks=2
[episode cbench-v1/sha] best=0.1259 acts=2 ticks=1
[episode cbench-v1/dijkstra] best=0.2774 acts=3 ticks=3
[episode cbench-v1/patricia] best=0.2771 acts=3 ticks=2
[episode cbench-v1/jpeg-c] best=0.2780 acts=3 ticks=3
[episode cbench-v1/tiff2bw] best=0.2775 acts=3 ticks=3
[episode cbench-v1/gsm] best=0.1259 acts=2 ticks=1
[episode cbench-v1/stringsearch] best=0.2773 acts=3 ticks=3
[probe ep0016_adapterOFF] mean=0.2396
[life-v2] DONE
[life-v2] arm=A seed=0 n=16 sleep_every=8 probe_every=8
[preschool] note_after=True max_tokens=37 lesson=none gate=off min_items=64 neutral_probes=False panel=0 version=q14-v1-2026-09-12
[episode cbench-v1/susan] best=0.2774 acts=3 ticks=2
[episode cbench-v1/sha] best=0.1259 acts=2 ticks=1
[episode cbench-v1/dijkstra] best=0.2774 acts=3 ticks=3
[episode cbench-v1/patricia] best=0.2771 acts=3 ticks=2
[episode cbench-v1/jpeg-c] best=0.2780 acts=3 ticks=3
[episode cbench-v1/tiff2bw] best=0.2775 acts=3 ticks=3
[episode cbench-v1/gsm] best=0.1259 acts=2 ticks=1
[episode cbench-v1/stringsearch] best=0.2773 acts=3 ticks=3
[probe ep0000] mean=0.2396
[episode chstone-v0/mips] best=0.2778 acts=3 ticks=3
[episode mibench-v1/bitcount] best=0.2782 acts=3 ticks=3
[episode cbench-v1/bitcount] best=0.2774 acts=3 ticks=3
[episode cbench-v1/qsort] best=0.2779 acts=3 ticks=3
[episode cbench-v1/rijndael] best=0.1260 acts=2 ticks=1
[episode cbench-v1/adpcm] best=0.1268 acts=2 ticks=1
[episode chstone-v0/gsm] best=0.2787 acts=3 ticks=3
[episode cbench-v1/blowfish] best=0.2774 acts=3 ticks=3
[sleep 8] new=29 principles=1
[preschool slot] {"label": "NOTE_AFTER", "kind": "note_after", "max_tokens": 37, "n_batch_calls": 6, "n_generations": 22, "total_seconds": 0.0, "total_chars": 2037}
[episode cbench-v1/susan] best=0.2774 acts=3 ticks=2
[episode cbench-v1/sha] best=0.1259 acts=2 ticks=1
[episode cbench-v1/dijkstra] best=0.2774 acts=3 ticks=3
[episode cbench-v1/patricia] best=0.2771 acts=3 ticks=2
[episode cbench-v1/jpeg-c] best=0.2780 acts=3 ticks=3
[episode cbench-v1/tiff2bw] best=0.2775 acts=3 ticks=3
[episode cbench-v1/gsm] best=0.1259 acts=2 ticks=1
[episode cbench-v1/stringsearch] best=0.2773 acts=3 ticks=3
[probe ep0008] mean=0.2396
[episode cbench-v1/crc32] best=0.2774 acts=3 ticks=2
[episode mibench-v1/qsort] best=0.2781 acts=3 ticks=3
[episode chstone-v0/aes] best=0.1262 acts=2 ticks=1
[episode chstone-v0/mips] best=0.2778 acts=3 ticks=3
[episode mibench-v1/bitcount] best=0.2782 acts=3 ticks=3
[episode cbench-v1/bitcount] best=0.2774 acts=3 ticks=3
[episode cbench-v1/qsort] best=0.2779 acts=3 ticks=3
[episode cbench-v1/rijndael] best=0.1260 acts=2 ticks=1
[sleep 16] new=41 principles=1
[preschool slot] {"label": "NOTE_AFTER", "kind": "note_after", "max_tokens": 37, "n_batch_calls": 12, "n_generations": 44, "total_seconds": 0.0, "total_chars": 4022}
[episode cbench-v1/susan] best=0.2774 acts=3 ticks=2
[episode cbench-v1/sha] best=0.1259 acts=2 ticks=1
[episode cbench-v1/dijkstra] best=0.2774 acts=3 ticks=3
[episode cbench-v1/patricia] best=0.2771 acts=3 ticks=2
[episode cbench-v1/jpeg-c] best=0.2780 acts=3 ticks=3
[episode cbench-v1/tiff2bw] best=0.2775 acts=3 ticks=3
[episode cbench-v1/gsm] best=0.1259 acts=2 ticks=1
[episode cbench-v1/stringsearch] best=0.2773 acts=3 ticks=3
[probe ep0016] mean=0.2396
[life-v2] DONE
ok
unittest.case.FunctionTestCase (test_parse_outcome_and_lesson_block) ... ok
unittest.case.FunctionTestCase (test_shadow_gate_logs_and_leaves_the_corpus_unchanged) ... [life-v2] arm=B seed=0 n=16 sleep_every=8 probe_every=8
[preschool] note_after=True max_tokens=100 lesson=none gate=shadow min_items=64 neutral_probes=False panel=0 version=q14-v1-2026-09-12
[episode cbench-v1/susan] best=0.2774 acts=3 ticks=2
[episode cbench-v1/sha] best=0.1259 acts=2 ticks=1
[episode cbench-v1/dijkstra] best=0.2774 acts=3 ticks=3
[episode cbench-v1/patricia] best=0.2771 acts=3 ticks=2
[episode cbench-v1/jpeg-c] best=0.2780 acts=3 ticks=3
[episode cbench-v1/tiff2bw] best=0.2775 acts=3 ticks=3
[episode cbench-v1/gsm] best=0.1259 acts=2 ticks=1
[episode cbench-v1/stringsearch] best=0.2773 acts=3 ticks=3
[probe ep0000] mean=0.2396
[episode chstone-v0/mips] best=0.2778 acts=3 ticks=3
[episode mibench-v1/bitcount] best=0.2782 acts=3 ticks=3
[episode cbench-v1/bitcount] best=0.2774 acts=3 ticks=3
[episode cbench-v1/qsort] best=0.2779 acts=3 ticks=3
[episode cbench-v1/rijndael] best=0.1260 acts=2 ticks=1
[episode cbench-v1/adpcm] best=0.1268 acts=2 ticks=1
[episode chstone-v0/gsm] best=0.2787 acts=3 ticks=3
[episode cbench-v1/blowfish] best=0.2774 acts=3 ticks=3
[sleep 8] new=29 principles=1
[preschool gate shadow] notes=22 numeric_execs=20 A_s_raw=1.000-1.000 admission=0.364-0.364 admitted_total=8 reasons={'duplicate': 12, 'no-measurement': 2}
[sleep 8] train rc=0 plasticity=1.00 lr=0.0001
[sleep 8] canary parseable-ACT rate=1.00 pass=True
[preschool slot] {"label": "NOTE_AFTER", "kind": "note_after", "max_tokens": 100, "n_batch_calls": 6, "n_generations": 22, "total_seconds": 0.0, "total_chars": 2037}
[episode cbench-v1/susan] best=0.2774 acts=3 ticks=2
[episode cbench-v1/sha] best=0.1259 acts=2 ticks=1
[episode cbench-v1/dijkstra] best=0.2774 acts=3 ticks=3
[episode cbench-v1/patricia] best=0.2771 acts=3 ticks=2
[episode cbench-v1/jpeg-c] best=0.2780 acts=3 ticks=3
[episode cbench-v1/tiff2bw] best=0.2775 acts=3 ticks=3
[episode cbench-v1/gsm] best=0.1259 acts=2 ticks=1
[episode cbench-v1/stringsearch] best=0.2773 acts=3 ticks=3
[probe ep0008] mean=0.2396
[episode cbench-v1/susan] best=0.2774 acts=3 ticks=2
[episode cbench-v1/sha] best=0.1259 acts=2 ticks=1
[episode cbench-v1/dijkstra] best=0.2774 acts=3 ticks=3
[episode cbench-v1/patricia] best=0.2771 acts=3 ticks=2
[episode cbench-v1/jpeg-c] best=0.2780 acts=3 ticks=3
[episode cbench-v1/tiff2bw] best=0.2775 acts=3 ticks=3
[episode cbench-v1/gsm] best=0.1259 acts=2 ticks=1
[episode cbench-v1/stringsearch] best=0.2773 acts=3 ticks=3
[probe ep0008_adapterOFF] mean=0.2396
[episode cbench-v1/crc32] best=0.2774 acts=3 ticks=2
[episode mibench-v1/qsort] best=0.2781 acts=3 ticks=3
[episode chstone-v0/aes] best=0.1262 acts=2 ticks=1
[episode chstone-v0/mips] best=0.2778 acts=3 ticks=3
[episode mibench-v1/bitcount] best=0.2782 acts=3 ticks=3
[episode cbench-v1/bitcount] best=0.2774 acts=3 ticks=3
[episode cbench-v1/qsort] best=0.2779 acts=3 ticks=3
[episode cbench-v1/rijndael] best=0.1260 acts=2 ticks=1
[sleep 16] new=41 principles=1
[preschool gate shadow] notes=22 numeric_execs=19 A_s_raw=1.000-1.000 admission=0.182-0.182 admitted_total=12 reasons={'no-measurement': 3, 'duplicate': 15}
[sleep 16] train rc=0 plasticity=1.00 lr=0.0001
[sleep 16] canary parseable-ACT rate=1.00 pass=True
[preschool slot] {"label": "NOTE_AFTER", "kind": "note_after", "max_tokens": 100, "n_batch_calls": 12, "n_generations": 44, "total_seconds": 0.0, "total_chars": 4022}
[episode cbench-v1/susan] best=0.2774 acts=3 ticks=2
[episode cbench-v1/sha] best=0.1259 acts=2 ticks=1
[episode cbench-v1/dijkstra] best=0.2774 acts=3 ticks=3
[episode cbench-v1/patricia] best=0.2771 acts=3 ticks=2
[episode cbench-v1/jpeg-c] best=0.2780 acts=3 ticks=3
[episode cbench-v1/tiff2bw] best=0.2775 acts=3 ticks=3
[episode cbench-v1/gsm] best=0.1259 acts=2 ticks=1
[episode cbench-v1/stringsearch] best=0.2773 acts=3 ticks=3
[probe ep0016] mean=0.2396
[episode cbench-v1/susan] best=0.2774 acts=3 ticks=2
[episode cbench-v1/sha] best=0.1259 acts=2 ticks=1
[episode cbench-v1/dijkstra] best=0.2774 acts=3 ticks=3
[episode cbench-v1/patricia] best=0.2771 acts=3 ticks=2
[episode cbench-v1/jpeg-c] best=0.2780 acts=3 ticks=3
[episode cbench-v1/tiff2bw] best=0.2775 acts=3 ticks=3
[episode cbench-v1/gsm] best=0.1259 acts=2 ticks=1
[episode cbench-v1/stringsearch] best=0.2773 acts=3 ticks=3
[probe ep0016_adapterOFF] mean=0.2396
[life-v2] DONE
ok
unittest.case.FunctionTestCase (test_sham_lesson_matches_length_and_schedule_without_artifact_content)
`--artifact-lesson sham`: the same deliveries (before episode 1; refreshers after sleeps ... [life-v2] arm=A seed=0 n=40 sleep_every=8 probe_every=8
[preschool] note_after=True max_tokens=100 lesson=sham gate=off min_items=64 neutral_probes=False panel=0 version=q14-v1-2026-09-12
[preschool] lesson sham delivered (phase sleeps_done=0, 1081 chars)
[episode cbench-v1/susan] best=0.2774 acts=3 ticks=2
[episode cbench-v1/sha] best=0.1259 acts=2 ticks=1
[episode cbench-v1/dijkstra] best=0.2774 acts=3 ticks=3
[episode cbench-v1/patricia] best=0.2771 acts=3 ticks=2
[episode cbench-v1/jpeg-c] best=0.2780 acts=3 ticks=3
[episode cbench-v1/tiff2bw] best=0.2775 acts=3 ticks=3
[episode cbench-v1/gsm] best=0.1259 acts=2 ticks=1
[episode cbench-v1/stringsearch] best=0.2773 acts=3 ticks=3
[probe ep0000] mean=0.2396
[episode chstone-v0/mips] best=0.2778 acts=3 ticks=3
[episode mibench-v1/bitcount] best=0.2782 acts=3 ticks=3
[episode cbench-v1/bitcount] best=0.2774 acts=3 ticks=3
[episode cbench-v1/qsort] best=0.2779 acts=3 ticks=3
[episode cbench-v1/rijndael] best=0.1260 acts=2 ticks=1
[episode cbench-v1/adpcm] best=0.1268 acts=2 ticks=1
[episode chstone-v0/gsm] best=0.2787 acts=3 ticks=3
[episode cbench-v1/blowfish] best=0.2774 acts=3 ticks=3
[sleep 8] new=29 principles=1
[preschool] lesson sham delivered (phase sleeps_done=1, 349 chars)
[preschool slot] {"label": "NOTE_AFTER", "kind": "note_after", "max_tokens": 100, "n_batch_calls": 6, "n_generations": 22, "total_seconds": 0.0, "total_chars": 2037}
[episode cbench-v1/susan] best=0.2774 acts=3 ticks=2
[episode cbench-v1/sha] best=0.1259 acts=2 ticks=1
[episode cbench-v1/dijkstra] best=0.2774 acts=3 ticks=3
[episode cbench-v1/patricia] best=0.2771 acts=3 ticks=2
[episode cbench-v1/jpeg-c] best=0.2780 acts=3 ticks=3
[episode cbench-v1/tiff2bw] best=0.2775 acts=3 ticks=3
[episode cbench-v1/gsm] best=0.1259 acts=2 ticks=1
[episode cbench-v1/stringsearch] best=0.2773 acts=3 ticks=3
[probe ep0008] mean=0.2396
[episode cbench-v1/crc32] best=0.2774 acts=3 ticks=2
[episode mibench-v1/qsort] best=0.2781 acts=3 ticks=3
[episode chstone-v0/aes] best=0.1262 acts=2 ticks=1
[episode chstone-v0/mips] best=0.2778 acts=3 ticks=3
[episode mibench-v1/bitcount] best=0.2782 acts=3 ticks=3
[episode cbench-v1/bitcount] best=0.2774 acts=3 ticks=3
[episode cbench-v1/qsort] best=0.2779 acts=3 ticks=3
[episode cbench-v1/rijndael] best=0.1260 acts=2 ticks=1
[sleep 16] new=41 principles=1
[preschool] lesson sham delivered (phase sleeps_done=2, 292 chars)
[preschool slot] {"label": "NOTE_AFTER", "kind": "note_after", "max_tokens": 100, "n_batch_calls": 12, "n_generations": 44, "total_seconds": 0.0, "total_chars": 4022}
[episode cbench-v1/susan] best=0.2774 acts=3 ticks=2
[episode cbench-v1/sha] best=0.1259 acts=2 ticks=1
[episode cbench-v1/dijkstra] best=0.2774 acts=3 ticks=3
[episode cbench-v1/patricia] best=0.2771 acts=3 ticks=2
[episode cbench-v1/jpeg-c] best=0.2780 acts=3 ticks=3
[episode cbench-v1/tiff2bw] best=0.2775 acts=3 ticks=3
[episode cbench-v1/gsm] best=0.1259 acts=2 ticks=1
[episode cbench-v1/stringsearch] best=0.2773 acts=3 ticks=3
[probe ep0016] mean=0.2396
[episode cbench-v1/adpcm] best=0.1268 acts=2 ticks=1
[episode chstone-v0/gsm] best=0.2787 acts=3 ticks=3
[episode cbench-v1/blowfish] best=0.2774 acts=3 ticks=3
[episode cbench-v1/crc32] best=0.2774 acts=3 ticks=2
[episode mibench-v1/qsort] best=0.2781 acts=3 ticks=3
[episode chstone-v0/aes] best=0.1262 acts=2 ticks=1
[episode chstone-v0/mips] best=0.2778 acts=3 ticks=3
[episode mibench-v1/bitcount] best=0.2782 acts=3 ticks=3
[sleep 24] new=41 principles=1
[preschool] lesson sham delivered (phase sleeps_done=3, 307 chars)
[preschool slot] {"label": "NOTE_AFTER", "kind": "note_after", "max_tokens": 100, "n_batch_calls": 18, "n_generations": 66, "total_seconds": 0.0, "total_chars": 6003}
[episode cbench-v1/susan] best=0.2774 acts=3 ticks=2
[episode cbench-v1/sha] best=0.1259 acts=2 ticks=1
[episode cbench-v1/dijkstra] best=0.2774 acts=3 ticks=3
[episode cbench-v1/patricia] best=0.2771 acts=3 ticks=2
[episode cbench-v1/jpeg-c] best=0.2780 acts=3 ticks=3
[episode cbench-v1/tiff2bw] best=0.2775 acts=3 ticks=3
[episode cbench-v1/gsm] best=0.1259 acts=2 ticks=1
[episode cbench-v1/stringsearch] best=0.2773 acts=3 ticks=3
[probe ep0024] mean=0.2396
[episode cbench-v1/bitcount] best=0.2774 acts=3 ticks=3
[episode cbench-v1/qsort] best=0.2779 acts=3 ticks=3
[episode cbench-v1/rijndael] best=0.1260 acts=2 ticks=1
[episode cbench-v1/adpcm] best=0.1268 acts=2 ticks=1
[episode chstone-v0/gsm] best=0.2787 acts=3 ticks=3
[episode cbench-v1/blowfish] best=0.2774 acts=3 ticks=3
[episode cbench-v1/crc32] best=0.2774 acts=3 ticks=2
[episode mibench-v1/qsort] best=0.2781 acts=3 ticks=3
[sleep 32] new=41 principles=1
[preschool slot] {"label": "NOTE_AFTER", "kind": "note_after", "max_tokens": 100, "n_batch_calls": 24, "n_generations": 88, "total_seconds": 0.0, "total_chars": 7987}
[episode cbench-v1/susan] best=0.2774 acts=3 ticks=2
[episode cbench-v1/sha] best=0.1259 acts=2 ticks=1
[episode cbench-v1/dijkstra] best=0.2774 acts=3 ticks=3
[episode cbench-v1/patricia] best=0.2771 acts=3 ticks=2
[episode cbench-v1/jpeg-c] best=0.2780 acts=3 ticks=3
[episode cbench-v1/tiff2bw] best=0.2775 acts=3 ticks=3
[episode cbench-v1/gsm] best=0.1259 acts=2 ticks=1
[episode cbench-v1/stringsearch] best=0.2773 acts=3 ticks=3
[probe ep0032] mean=0.2396
[episode chstone-v0/aes] best=0.1262 acts=2 ticks=1
[episode chstone-v0/mips] best=0.2778 acts=3 ticks=3
[episode mibench-v1/bitcount] best=0.2782 acts=3 ticks=3
[episode cbench-v1/bitcount] best=0.2774 acts=3 ticks=3
[episode cbench-v1/qsort] best=0.2779 acts=3 ticks=3
[episode cbench-v1/rijndael] best=0.1260 acts=2 ticks=1
[episode cbench-v1/adpcm] best=0.1268 acts=2 ticks=1
[episode chstone-v0/gsm] best=0.2787 acts=3 ticks=3
[sleep 40] new=41 principles=1
[preschool slot] {"label": "NOTE_AFTER", "kind": "note_after", "max_tokens": 100, "n_batch_calls": 30, "n_generations": 109, "total_seconds": 0.0, "total_chars": 9870}
[episode cbench-v1/susan] best=0.2774 acts=3 ticks=2
[episode cbench-v1/sha] best=0.1259 acts=2 ticks=1
[episode cbench-v1/dijkstra] best=0.2774 acts=3 ticks=3
[episode cbench-v1/patricia] best=0.2771 acts=3 ticks=2
[episode cbench-v1/jpeg-c] best=0.2780 acts=3 ticks=3
[episode cbench-v1/tiff2bw] best=0.2775 acts=3 ticks=3
[episode cbench-v1/gsm] best=0.1259 acts=2 ticks=1
[episode cbench-v1/stringsearch] best=0.2773 acts=3 ticks=3
[probe ep0040] mean=0.2396
[life-v2] DONE
[life-v2] arm=A seed=0 n=8 sleep_every=8 probe_every=8
[preschool] note_after=False max_tokens=100 lesson=lesson gate=off min_items=64 neutral_probes=False panel=0 version=q14-v1-2026-09-12
[preschool] lesson lesson delivered (phase sleeps_done=0, 985 chars)
[episode cbench-v1/susan] best=0.2774 acts=3 ticks=2
[episode cbench-v1/sha] best=0.1259 acts=2 ticks=1
[episode cbench-v1/dijkstra] best=0.2774 acts=3 ticks=3
[episode cbench-v1/patricia] best=0.2771 acts=3 ticks=2
[episode cbench-v1/jpeg-c] best=0.2780 acts=3 ticks=3
[episode cbench-v1/tiff2bw] best=0.2775 acts=3 ticks=3
[episode cbench-v1/gsm] best=0.1259 acts=2 ticks=1
[episode cbench-v1/stringsearch] best=0.2773 acts=3 ticks=3
[probe ep0000] mean=0.2396
[episode chstone-v0/gsm] best=0.2787 acts=3 ticks=3
[episode cbench-v1/rijndael] best=0.1260 acts=2 ticks=1
[episode cbench-v1/bitcount] best=0.2774 acts=3 ticks=3
[episode cbench-v1/adpcm] best=0.1268 acts=2 ticks=1
[episode cbench-v1/blowfish] best=0.2774 acts=3 ticks=3
[episode cbench-v1/qsort] best=0.2779 acts=3 ticks=3
[episode cbench-v1/crc32] best=0.2774 acts=3 ticks=2
[episode chstone-v0/mips] best=0.2778 acts=3 ticks=3
[sleep 8] new=31 principles=1
[preschool] lesson lesson delivered (phase sleeps_done=1, 313 chars)
[episode cbench-v1/susan] best=0.2774 acts=3 ticks=2
[episode cbench-v1/sha] best=0.1259 acts=2 ticks=1
[episode cbench-v1/dijkstra] best=0.2774 acts=3 ticks=3
[episode cbench-v1/patricia] best=0.2771 acts=3 ticks=2
[episode cbench-v1/jpeg-c] best=0.2780 acts=3 ticks=3
[episode cbench-v1/tiff2bw] best=0.2775 acts=3 ticks=3
[episode cbench-v1/gsm] best=0.1259 acts=2 ticks=1
[episode cbench-v1/stringsearch] best=0.2773 acts=3 ticks=3
[probe ep0008] mean=0.2396
[life-v2] DONE
ok
unittest.case.FunctionTestCase (test_ambiguous_verdict_fails_before_model_inference) ... [life-v2] arm=B seed=0 n=16 sleep_every=8 probe_every=8
[episode cbench-v1/susan] best=0.2774 acts=3 ticks=2
[episode cbench-v1/sha] best=0.1259 acts=2 ticks=1
[episode cbench-v1/dijkstra] best=0.2774 acts=3 ticks=3
[episode cbench-v1/patricia] best=0.2771 acts=3 ticks=2
[episode cbench-v1/jpeg-c] best=0.2780 acts=3 ticks=3
[episode cbench-v1/tiff2bw] best=0.2775 acts=3 ticks=3
[episode cbench-v1/gsm] best=0.1259 acts=2 ticks=1
[episode cbench-v1/stringsearch] best=0.2773 acts=3 ticks=3
[probe ep0000] mean=0.2396
[episode benchmark://npb-v0/10] best=0.2775 acts=3 ticks=2
[episode benchmark://npb-v0/25] best=0.2774 acts=3 ticks=3
[episode benchmark://blas-v0/10] best=0.2774 acts=3 ticks=2
[episode benchmark://opencv-v0/60] best=0.2778 acts=3 ticks=2
[probe gate_base] mean=0.2775
[episode chstone-v0/mips] best=0.2778 acts=3 ticks=3
[episode mibench-v1/bitcount] best=0.2782 acts=3 ticks=3
[episode cbench-v1/bitcount] best=0.2774 acts=3 ticks=3
[episode cbench-v1/qsort] best=0.2779 acts=3 ticks=3
[episode cbench-v1/rijndael] best=0.1260 acts=2 ticks=1
[episode cbench-v1/adpcm] best=0.1268 acts=2 ticks=1
[episode chstone-v0/gsm] best=0.2787 acts=3 ticks=3
[episode cbench-v1/blowfish] best=0.2774 acts=3 ticks=3
[sleep 8] new=29 principles=1
[sleep 8] train rc=0 plasticity=1.00 lr=0.0001
[sleep 8] canary parseable-ACT rate=1.00 pass=True
[episode benchmark://npb-v0/10] best=0.2775 acts=3 ticks=2
[episode benchmark://npb-v0/25] best=0.2774 acts=3 ticks=3
[episode benchmark://blas-v0/10] best=0.2774 acts=3 ticks=2
[episode benchmark://opencv-v0/60] best=0.2778 acts=3 ticks=2
[probe gate0008] mean=0.2775
[sleep 8] gate cand=0.2775 floor=0.2775 (base=0.277511612286069, prev=None) chunks/ep 2.2 vs 2.25 -> OK
[episode cbench-v1/susan] best=0.2774 acts=3 ticks=2
[episode cbench-v1/sha] best=0.1259 acts=2 ticks=1
[episode cbench-v1/dijkstra] best=0.2774 acts=3 ticks=3
[episode cbench-v1/patricia] best=0.2771 acts=3 ticks=2
[episode cbench-v1/jpeg-c] best=0.2780 acts=3 ticks=3
[episode cbench-v1/tiff2bw] best=0.2775 acts=3 ticks=3
[episode cbench-v1/gsm] best=0.1259 acts=2 ticks=1
[episode cbench-v1/stringsearch] best=0.2773 acts=3 ticks=3
[probe ep0008] mean=0.2396
[episode cbench-v1/susan] best=0.2774 acts=3 ticks=2
[episode cbench-v1/sha] best=0.1259 acts=2 ticks=1
[episode cbench-v1/dijkstra] best=0.2774 acts=3 ticks=3
[episode cbench-v1/patricia] best=0.2771 acts=3 ticks=2
[episode cbench-v1/jpeg-c] best=0.2780 acts=3 ticks=3
[episode cbench-v1/tiff2bw] best=0.2775 acts=3 ticks=3
[episode cbench-v1/gsm] best=0.1259 acts=2 ticks=1
[episode cbench-v1/stringsearch] best=0.2773 acts=3 ticks=3
[probe ep0008_adapterOFF] mean=0.2396
[episode cbench-v1/crc32] best=0.2774 acts=3 ticks=2
[episode mibench-v1/qsort] best=0.2781 acts=3 ticks=3
[episode chstone-v0/aes] best=0.1262 acts=2 ticks=1
[episode chstone-v0/mips] best=0.2778 acts=3 ticks=3
[episode mibench-v1/bitcount] best=0.2782 acts=3 ticks=3
[episode cbench-v1/bitcount] best=0.2774 acts=3 ticks=3
[episode cbench-v1/qsort] best=0.2779 acts=3 ticks=3
[episode cbench-v1/rijndael] best=0.1260 acts=2 ticks=1
[sleep 16] new=41 principles=1
[sleep 16] train rc=0 plasticity=1.00 lr=0.0001
[sleep 16] canary parseable-ACT rate=1.00 pass=True
[episode benchmark://npb-v0/10] best=0.2775 acts=3 ticks=2
[episode benchmark://npb-v0/25] best=0.2774 acts=3 ticks=3
[episode benchmark://blas-v0/10] best=0.2774 acts=3 ticks=2
[episode benchmark://opencv-v0/60] best=0.2778 acts=3 ticks=2
[probe gate0016] mean=0.2775
[sleep 16] gate cand=0.2775 floor=0.2775 (base=0.277511612286069, prev=0.277511612286069) chunks/ep 2.2 vs 2.25 -> OK
[episode cbench-v1/susan] best=0.2774 acts=3 ticks=2
[episode cbench-v1/sha] best=0.1259 acts=2 ticks=1
[episode cbench-v1/dijkstra] best=0.2774 acts=3 ticks=3
[episode cbench-v1/patricia] best=0.2771 acts=3 ticks=2
[episode cbench-v1/jpeg-c] best=0.2780 acts=3 ticks=3
[episode cbench-v1/tiff2bw] best=0.2775 acts=3 ticks=3
[episode cbench-v1/gsm] best=0.1259 acts=2 ticks=1
[episode cbench-v1/stringsearch] best=0.2773 acts=3 ticks=3
[probe ep0016] mean=0.2396
[episode cbench-v1/susan] best=0.2774 acts=3 ticks=2
[episode cbench-v1/sha] best=0.1259 acts=2 ticks=1
[episode cbench-v1/dijkstra] best=0.2774 acts=3 ticks=3
[episode cbench-v1/patricia] best=0.2771 acts=3 ticks=2
[episode cbench-v1/jpeg-c] best=0.2780 acts=3 ticks=3
[episode cbench-v1/tiff2bw] best=0.2775 acts=3 ticks=3
[episode cbench-v1/gsm] best=0.1259 acts=2 ticks=1
[episode cbench-v1/stringsearch] best=0.2773 acts=3 ticks=3
[probe ep0016_adapterOFF] mean=0.2396
[life-v2] DONE
[life-v2] arm=B seed=0 n=16 sleep_every=8 probe_every=8
ok
unittest.case.FunctionTestCase (test_golden_armA) ... [life-v2] arm=A seed=0 n=16 sleep_every=8 probe_every=8
[episode cbench-v1/susan] best=0.2774 acts=3 ticks=2
[episode cbench-v1/sha] best=0.1259 acts=2 ticks=1
[episode cbench-v1/dijkstra] best=0.2774 acts=3 ticks=3
[episode cbench-v1/patricia] best=0.2771 acts=3 ticks=2
[episode cbench-v1/jpeg-c] best=0.2780 acts=3 ticks=3
[episode cbench-v1/tiff2bw] best=0.2775 acts=3 ticks=3
[episode cbench-v1/gsm] best=0.1259 acts=2 ticks=1
[episode cbench-v1/stringsearch] best=0.2773 acts=3 ticks=3
[probe ep0000] mean=0.2396
[episode chstone-v0/mips] best=0.2778 acts=3 ticks=3
[episode mibench-v1/bitcount] best=0.2782 acts=3 ticks=3
[episode cbench-v1/bitcount] best=0.2774 acts=3 ticks=3
[episode cbench-v1/qsort] best=0.2779 acts=3 ticks=3
[episode cbench-v1/rijndael] best=0.1260 acts=2 ticks=1
[episode cbench-v1/adpcm] best=0.1268 acts=2 ticks=1
[episode chstone-v0/gsm] best=0.2787 acts=3 ticks=3
[episode cbench-v1/blowfish] best=0.2774 acts=3 ticks=3
[sleep 8] new=29 principles=1
[episode cbench-v1/susan] best=0.2774 acts=3 ticks=2
[episode cbench-v1/sha] best=0.1259 acts=2 ticks=1
[episode cbench-v1/dijkstra] best=0.2774 acts=3 ticks=3
[episode cbench-v1/patricia] best=0.2771 acts=3 ticks=2
[episode cbench-v1/jpeg-c] best=0.2780 acts=3 ticks=3
[episode cbench-v1/tiff2bw] best=0.2775 acts=3 ticks=3
[episode cbench-v1/gsm] best=0.1259 acts=2 ticks=1
[episode cbench-v1/stringsearch] best=0.2773 acts=3 ticks=3
[probe ep0008] mean=0.2396
[episode cbench-v1/crc32] best=0.2774 acts=3 ticks=2
[episode mibench-v1/qsort] best=0.2781 acts=3 ticks=3
[episode chstone-v0/aes] best=0.1262 acts=2 ticks=1
[episode chstone-v0/mips] best=0.2778 acts=3 ticks=3
[episode mibench-v1/bitcount] best=0.2782 acts=3 ticks=3
[episode cbench-v1/bitcount] best=0.2774 acts=3 ticks=3
[episode cbench-v1/qsort] best=0.2779 acts=3 ticks=3
[episode cbench-v1/rijndael] best=0.1260 acts=2 ticks=1
[sleep 16] new=41 principles=1
[episode cbench-v1/susan] best=0.2774 acts=3 ticks=2
[episode cbench-v1/sha] best=0.1259 acts=2 ticks=1
[episode cbench-v1/dijkstra] best=0.2774 acts=3 ticks=3
[episode cbench-v1/patricia] best=0.2771 acts=3 ticks=2
[episode cbench-v1/jpeg-c] best=0.2780 acts=3 ticks=3
[episode cbench-v1/tiff2bw] best=0.2775 acts=3 ticks=3
[episode cbench-v1/gsm] best=0.1259 acts=2 ticks=1
[episode cbench-v1/stringsearch] best=0.2773 acts=3 ticks=3
[probe ep0016] mean=0.2396
[life-v2] DONE
ok
unittest.case.FunctionTestCase (test_golden_armB_gate_panel) ... [life-v2] arm=B seed=0 n=16 sleep_every=8 probe_every=8
[episode cbench-v1/susan] best=0.2774 acts=3 ticks=2
[episode cbench-v1/sha] best=0.1259 acts=2 ticks=1
[episode cbench-v1/dijkstra] best=0.2774 acts=3 ticks=3
[episode cbench-v1/patricia] best=0.2771 acts=3 ticks=2
[episode cbench-v1/jpeg-c] best=0.2780 acts=3 ticks=3
[episode cbench-v1/tiff2bw] best=0.2775 acts=3 ticks=3
[episode cbench-v1/gsm] best=0.1259 acts=2 ticks=1
[episode cbench-v1/stringsearch] best=0.2773 acts=3 ticks=3
[probe ep0000] mean=0.2396
[episode benchmark://npb-v0/10] best=0.2775 acts=3 ticks=2
[episode benchmark://npb-v0/25] best=0.2774 acts=3 ticks=3
[episode benchmark://blas-v0/10] best=0.2774 acts=3 ticks=2
[episode benchmark://opencv-v0/60] best=0.2778 acts=3 ticks=2
[probe gate_base] mean=0.2775
[episode chstone-v0/mips] best=0.2778 acts=3 ticks=3
[episode mibench-v1/bitcount] best=0.2782 acts=3 ticks=3
[episode cbench-v1/bitcount] best=0.2774 acts=3 ticks=3
[episode cbench-v1/qsort] best=0.2779 acts=3 ticks=3
[episode cbench-v1/rijndael] best=0.1260 acts=2 ticks=1
[episode cbench-v1/adpcm] best=0.1268 acts=2 ticks=1
[episode chstone-v0/gsm] best=0.2787 acts=3 ticks=3
[episode cbench-v1/blowfish] best=0.2774 acts=3 ticks=3
[sleep 8] new=29 principles=1
[sleep 8] train rc=0 plasticity=1.00 lr=0.0001
[sleep 8] canary parseable-ACT rate=1.00 pass=True
[episode benchmark://npb-v0/10] best=0.2775 acts=3 ticks=2
[episode benchmark://npb-v0/25] best=0.2774 acts=3 ticks=3
[episode benchmark://blas-v0/10] best=0.2774 acts=3 ticks=2
[episode benchmark://opencv-v0/60] best=0.2778 acts=3 ticks=2
[probe gate0008] mean=0.2775
[sleep 8] gate cand=0.2775 floor=0.2775 (base=0.277511612286069, prev=None) chunks/ep 2.2 vs 2.25 -> OK
[episode cbench-v1/susan] best=0.2774 acts=3 ticks=2
[episode cbench-v1/sha] best=0.1259 acts=2 ticks=1
[episode cbench-v1/dijkstra] best=0.2774 acts=3 ticks=3
[episode cbench-v1/patricia] best=0.2771 acts=3 ticks=2
[episode cbench-v1/jpeg-c] best=0.2780 acts=3 ticks=3
[episode cbench-v1/tiff2bw] best=0.2775 acts=3 ticks=3
[episode cbench-v1/gsm] best=0.1259 acts=2 ticks=1
[episode cbench-v1/stringsearch] best=0.2773 acts=3 ticks=3
[probe ep0008] mean=0.2396
[episode cbench-v1/susan] best=0.2774 acts=3 ticks=2
[episode cbench-v1/sha] best=0.1259 acts=2 ticks=1
[episode cbench-v1/dijkstra] best=0.2774 acts=3 ticks=3
[episode cbench-v1/patricia] best=0.2771 acts=3 ticks=2
[episode cbench-v1/jpeg-c] best=0.2780 acts=3 ticks=3
[episode cbench-v1/tiff2bw] best=0.2775 acts=3 ticks=3
[episode cbench-v1/gsm] best=0.1259 acts=2 ticks=1
[episode cbench-v1/stringsearch] best=0.2773 acts=3 ticks=3
[probe ep0008_adapterOFF] mean=0.2396
[episode cbench-v1/crc32] best=0.2774 acts=3 ticks=2
[episode mibench-v1/qsort] best=0.2781 acts=3 ticks=3
[episode chstone-v0/aes] best=0.1262 acts=2 ticks=1
[episode chstone-v0/mips] best=0.2778 acts=3 ticks=3
[episode mibench-v1/bitcount] best=0.2782 acts=3 ticks=3
[episode cbench-v1/bitcount] best=0.2774 acts=3 ticks=3
[episode cbench-v1/qsort] best=0.2779 acts=3 ticks=3
[episode cbench-v1/rijndael] best=0.1260 acts=2 ticks=1
[sleep 16] new=41 principles=1
[sleep 16] train rc=0 plasticity=1.00 lr=0.0001
[sleep 16] canary parseable-ACT rate=1.00 pass=True
[episode benchmark://npb-v0/10] best=0.2775 acts=3 ticks=2
[episode benchmark://npb-v0/25] best=0.2774 acts=3 ticks=3
[episode benchmark://blas-v0/10] best=0.2774 acts=3 ticks=2
[episode benchmark://opencv-v0/60] best=0.2778 acts=3 ticks=2
[probe gate0016] mean=0.2775
[sleep 16] gate cand=0.2775 floor=0.2775 (base=0.277511612286069, prev=0.277511612286069) chunks/ep 2.2 vs 2.25 -> OK
[episode cbench-v1/susan] best=0.2774 acts=3 ticks=2
[episode cbench-v1/sha] best=0.1259 acts=2 ticks=1
[episode cbench-v1/dijkstra] best=0.2774 acts=3 ticks=3
[episode cbench-v1/patricia] best=0.2771 acts=3 ticks=2
[episode cbench-v1/jpeg-c] best=0.2780 acts=3 ticks=3
[episode cbench-v1/tiff2bw] best=0.2775 acts=3 ticks=3
[episode cbench-v1/gsm] best=0.1259 acts=2 ticks=1
[episode cbench-v1/stringsearch] best=0.2773 acts=3 ticks=3
[probe ep0016] mean=0.2396
[episode cbench-v1/susan] best=0.2774 acts=3 ticks=2
[episode cbench-v1/sha] best=0.1259 acts=2 ticks=1
[episode cbench-v1/dijkstra] best=0.2774 acts=3 ticks=3
[episode cbench-v1/patricia] best=0.2771 acts=3 ticks=2
[episode cbench-v1/jpeg-c] best=0.2780 acts=3 ticks=3
[episode cbench-v1/tiff2bw] best=0.2775 acts=3 ticks=3
[episode cbench-v1/gsm] best=0.1259 acts=2 ticks=1
[episode cbench-v1/stringsearch] best=0.2773 acts=3 ticks=3
[probe ep0016_adapterOFF] mean=0.2396
[life-v2] DONE
ok
unittest.case.FunctionTestCase (test_golden_armB_parent_agentic) ... [life-v2] parent-mode=agentic parents=[{'role': 'A', 'provider': 'mock', 'model': 'mock-parent'}]
[life-v2] arm=B seed=0 n=16 sleep_every=8 probe_every=8
[episode cbench-v1/susan] best=0.2774 acts=3 ticks=2
[episode cbench-v1/sha] best=0.1259 acts=2 ticks=1
[episode cbench-v1/dijkstra] best=0.2774 acts=3 ticks=3
[episode cbench-v1/patricia] best=0.2771 acts=3 ticks=2
[episode cbench-v1/jpeg-c] best=0.2780 acts=3 ticks=3
[episode cbench-v1/tiff2bw] best=0.2775 acts=3 ticks=3
[episode cbench-v1/gsm] best=0.1259 acts=2 ticks=1
[episode cbench-v1/stringsearch] best=0.2773 acts=3 ticks=3
[probe ep0000] mean=0.2396
[episode chstone-v0/mips] best=0.2778 acts=3 ticks=3
[episode mibench-v1/bitcount] best=0.2782 acts=3 ticks=3
[episode cbench-v1/bitcount] best=0.2774 acts=3 ticks=3
[episode cbench-v1/qsort] best=0.2779 acts=3 ticks=3
[episode cbench-v1/rijndael] best=0.1260 acts=2 ticks=1
[episode cbench-v1/adpcm] best=0.1268 acts=2 ticks=1
[episode chstone-v0/gsm] best=0.2787 acts=3 ticks=3
[episode cbench-v1/blowfish] best=0.2774 acts=3 ticks=3
[sleep 8] new=29 principles=1
[sleep 8] parent ritual=True flags=['same_recipe', 'flat_predictions', 'templated_notes'] intervened=True hits=[]
[sleep 8] train rc=0 plasticity=1.00 lr=0.0001
[sleep 8] canary parseable-ACT rate=1.00 pass=True
[episode cbench-v1/susan] best=0.2774 acts=3 ticks=2
[episode cbench-v1/sha] best=0.1259 acts=2 ticks=1
[episode cbench-v1/dijkstra] best=0.2774 acts=3 ticks=3
[episode cbench-v1/patricia] best=0.2771 acts=3 ticks=2
[episode cbench-v1/jpeg-c] best=0.2780 acts=3 ticks=3
[episode cbench-v1/tiff2bw] best=0.2775 acts=3 ticks=3
[episode cbench-v1/gsm] best=0.1259 acts=2 ticks=1
[episode cbench-v1/stringsearch] best=0.2773 acts=3 ticks=3
[probe gate0008] mean=0.2396
[sleep 8] gate cand=0.2396 floor=0.2396 (base=0.23957295515791507, prev=None) chunks/ep 2.2 vs 2.25 -> OK
[episode cbench-v1/susan] best=0.2774 acts=3 ticks=2
[episode cbench-v1/sha] best=0.1259 acts=2 ticks=1
[episode cbench-v1/dijkstra] best=0.2774 acts=3 ticks=3
[episode cbench-v1/patricia] best=0.2771 acts=3 ticks=2
[episode cbench-v1/jpeg-c] best=0.2780 acts=3 ticks=3
[episode cbench-v1/tiff2bw] best=0.2775 acts=3 ticks=3
[episode cbench-v1/gsm] best=0.1259 acts=2 ticks=1
[episode cbench-v1/stringsearch] best=0.2773 acts=3 ticks=3
[probe ep0008] mean=0.2396
[episode cbench-v1/susan] best=0.2774 acts=3 ticks=2
[episode cbench-v1/sha] best=0.1259 acts=2 ticks=1
[episode cbench-v1/dijkstra] best=0.2774 acts=3 ticks=3
[episode cbench-v1/patricia] best=0.2771 acts=3 ticks=2
[episode cbench-v1/jpeg-c] best=0.2780 acts=3 ticks=3
[episode cbench-v1/tiff2bw] best=0.2775 acts=3 ticks=3
[episode cbench-v1/gsm] best=0.1259 acts=2 ticks=1
[episode cbench-v1/stringsearch] best=0.2773 acts=3 ticks=3
[probe ep0008_adapterOFF] mean=0.2396
[episode cbench-v1/crc32] best=0.2774 acts=3 ticks=2
[episode mibench-v1/qsort] best=0.2781 acts=3 ticks=3
[episode chstone-v0/aes] best=0.1262 acts=2 ticks=1
[episode chstone-v0/mips] best=0.2778 acts=3 ticks=3
[episode mibench-v1/bitcount] best=0.2782 acts=3 ticks=3
[episode cbench-v1/bitcount] best=0.2774 acts=3 ticks=3
[episode cbench-v1/qsort] best=0.2779 acts=3 ticks=3
[episode cbench-v1/rijndael] best=0.1260 acts=2 ticks=1
[sleep 16] new=41 principles=1
[sleep 16] parent ritual=True flags=['same_recipe', 'flat_predictions', 'templated_notes'] intervened=True hits=[]
[sleep 16] train rc=0 plasticity=1.00 lr=0.0001
[sleep 16] canary parseable-ACT rate=1.00 pass=True
[episode cbench-v1/susan] best=0.2774 acts=3 ticks=2
[episode cbench-v1/sha] best=0.1259 acts=2 ticks=1
[episode cbench-v1/dijkstra] best=0.2774 acts=3 ticks=3
[episode cbench-v1/patricia] best=0.2771 acts=3 ticks=2
[episode cbench-v1/jpeg-c] best=0.2780 acts=3 ticks=3
[episode cbench-v1/tiff2bw] best=0.2775 acts=3 ticks=3
[episode cbench-v1/gsm] best=0.1259 acts=2 ticks=1
[episode cbench-v1/stringsearch] best=0.2773 acts=3 ticks=3
[probe gate0016] mean=0.2396
[sleep 16] gate cand=0.2396 floor=0.2396 (base=0.23957295515791507, prev=0.23957295515791507) chunks/ep 2.2 vs 2.25 -> OK
[episode cbench-v1/susan] best=0.2774 acts=3 ticks=2
[episode cbench-v1/sha] best=0.1259 acts=2 ticks=1
[episode cbench-v1/dijkstra] best=0.2774 acts=3 ticks=3
[episode cbench-v1/patricia] best=0.2771 acts=3 ticks=2
[episode cbench-v1/jpeg-c] best=0.2780 acts=3 ticks=3
[episode cbench-v1/tiff2bw] best=0.2775 acts=3 ticks=3
[episode cbench-v1/gsm] best=0.1259 acts=2 ticks=1
[episode cbench-v1/stringsearch] best=0.2773 acts=3 ticks=3
[probe ep0016] mean=0.2396
[episode cbench-v1/susan] best=0.2774 acts=3 ticks=2
[episode cbench-v1/sha] best=0.1259 acts=2 ticks=1
[episode cbench-v1/dijkstra] best=0.2774 acts=3 ticks=3
[episode cbench-v1/patricia] best=0.2771 acts=3 ticks=2
[episode cbench-v1/jpeg-c] best=0.2780 acts=3 ticks=3
[episode cbench-v1/tiff2bw] best=0.2775 acts=3 ticks=3
[episode cbench-v1/gsm] best=0.1259 acts=2 ticks=1
[episode cbench-v1/stringsearch] best=0.2773 acts=3 ticks=3
[probe ep0016_adapterOFF] mean=0.2396
[life-v2] DONE
ok
unittest.case.FunctionTestCase (test_golden_armB_parent_brief) ... [life-v2] arm=B seed=0 n=16 sleep_every=8 probe_every=8
[episode cbench-v1/susan] best=0.2774 acts=3 ticks=2
[episode cbench-v1/sha] best=0.1259 acts=2 ticks=1
[episode cbench-v1/dijkstra] best=0.2774 acts=3 ticks=3
[episode cbench-v1/patricia] best=0.2771 acts=3 ticks=2
[episode cbench-v1/jpeg-c] best=0.2780 acts=3 ticks=3
[episode cbench-v1/tiff2bw] best=0.2775 acts=3 ticks=3
[episode cbench-v1/gsm] best=0.1259 acts=2 ticks=1
[episode cbench-v1/stringsearch] best=0.2773 acts=3 ticks=3
[probe ep0000] mean=0.2396
[episode chstone-v0/mips] best=0.2778 acts=3 ticks=3
[episode mibench-v1/bitcount] best=0.2782 acts=3 ticks=3
[episode cbench-v1/bitcount] best=0.2774 acts=3 ticks=3
[episode cbench-v1/qsort] best=0.2779 acts=3 ticks=3
[episode cbench-v1/rijndael] best=0.1260 acts=2 ticks=1
[episode cbench-v1/adpcm] best=0.1268 acts=2 ticks=1
[episode chstone-v0/gsm] best=0.2787 acts=3 ticks=3
[episode cbench-v1/blowfish] best=0.2774 acts=3 ticks=3
[sleep 8] new=29 principles=1
[sleep 8] parent ritual=True flags=['same_recipe', 'flat_predictions', 'templated_notes'] intervened=True hits=[]
[sleep 8] train rc=0 plasticity=1.00 lr=0.0001
[sleep 8] canary parseable-ACT rate=1.00 pass=True
[episode cbench-v1/susan] best=0.2774 acts=3 ticks=2
[episode cbench-v1/sha] best=0.1259 acts=2 ticks=1
[episode cbench-v1/dijkstra] best=0.2774 acts=3 ticks=3
[episode cbench-v1/patricia] best=0.2771 acts=3 ticks=2
[episode cbench-v1/jpeg-c] best=0.2780 acts=3 ticks=3
[episode cbench-v1/tiff2bw] best=0.2775 acts=3 ticks=3
[episode cbench-v1/gsm] best=0.1259 acts=2 ticks=1
[episode cbench-v1/stringsearch] best=0.2773 acts=3 ticks=3
[probe gate0008] mean=0.2396
[sleep 8] gate cand=0.2396 floor=0.2396 (base=0.23957295515791507, prev=None) chunks/ep 2.2 vs 2.25 -> OK
[episode cbench-v1/susan] best=0.2774 acts=3 ticks=2
[episode cbench-v1/sha] best=0.1259 acts=2 ticks=1
[episode cbench-v1/dijkstra] best=0.2774 acts=3 ticks=3
[episode cbench-v1/patricia] best=0.2771 acts=3 ticks=2
[episode cbench-v1/jpeg-c] best=0.2780 acts=3 ticks=3
[episode cbench-v1/tiff2bw] best=0.2775 acts=3 ticks=3
[episode cbench-v1/gsm] best=0.1259 acts=2 ticks=1
[episode cbench-v1/stringsearch] best=0.2773 acts=3 ticks=3
[probe ep0008] mean=0.2396
[episode cbench-v1/susan] best=0.2774 acts=3 ticks=2
[episode cbench-v1/sha] best=0.1259 acts=2 ticks=1
[episode cbench-v1/dijkstra] best=0.2774 acts=3 ticks=3
[episode cbench-v1/patricia] best=0.2771 acts=3 ticks=2
[episode cbench-v1/jpeg-c] best=0.2780 acts=3 ticks=3
[episode cbench-v1/tiff2bw] best=0.2775 acts=3 ticks=3
[episode cbench-v1/gsm] best=0.1259 acts=2 ticks=1
[episode cbench-v1/stringsearch] best=0.2773 acts=3 ticks=3
[probe ep0008_adapterOFF] mean=0.2396
[episode cbench-v1/crc32] best=0.2774 acts=3 ticks=2
[episode mibench-v1/qsort] best=0.2781 acts=3 ticks=3
[episode chstone-v0/aes] best=0.1262 acts=2 ticks=1
[episode chstone-v0/mips] best=0.2778 acts=3 ticks=3
[episode mibench-v1/bitcount] best=0.2782 acts=3 ticks=3
[episode cbench-v1/bitcount] best=0.2774 acts=3 ticks=3
[episode cbench-v1/qsort] best=0.2779 acts=3 ticks=3
[episode cbench-v1/rijndael] best=0.1260 acts=2 ticks=1
[sleep 16] new=41 principles=1
[sleep 16] parent ritual=True flags=['same_recipe', 'flat_predictions', 'templated_notes'] intervened=True hits=[]
[sleep 16] train rc=0 plasticity=1.00 lr=0.0001
[sleep 16] canary parseable-ACT rate=1.00 pass=True
[episode cbench-v1/susan] best=0.2774 acts=3 ticks=2
[episode cbench-v1/sha] best=0.1259 acts=2 ticks=1
[episode cbench-v1/dijkstra] best=0.2774 acts=3 ticks=3
[episode cbench-v1/patricia] best=0.2771 acts=3 ticks=2
[episode cbench-v1/jpeg-c] best=0.2780 acts=3 ticks=3
[episode cbench-v1/tiff2bw] best=0.2775 acts=3 ticks=3
[episode cbench-v1/gsm] best=0.1259 acts=2 ticks=1
[episode cbench-v1/stringsearch] best=0.2773 acts=3 ticks=3
[probe gate0016] mean=0.2396
[sleep 16] gate cand=0.2396 floor=0.2396 (base=0.23957295515791507, prev=0.23957295515791507) chunks/ep 2.2 vs 2.25 -> OK
[episode cbench-v1/susan] best=0.2774 acts=3 ticks=2
[episode cbench-v1/sha] best=0.1259 acts=2 ticks=1
[episode cbench-v1/dijkstra] best=0.2774 acts=3 ticks=3
[episode cbench-v1/patricia] best=0.2771 acts=3 ticks=2
[episode cbench-v1/jpeg-c] best=0.2780 acts=3 ticks=3
[episode cbench-v1/tiff2bw] best=0.2775 acts=3 ticks=3
[episode cbench-v1/gsm] best=0.1259 acts=2 ticks=1
[episode cbench-v1/stringsearch] best=0.2773 acts=3 ticks=3
[probe ep0016] mean=0.2396
[episode cbench-v1/susan] best=0.2774 acts=3 ticks=2
[episode cbench-v1/sha] best=0.1259 acts=2 ticks=1
[episode cbench-v1/dijkstra] best=0.2774 acts=3 ticks=3
[episode cbench-v1/patricia] best=0.2771 acts=3 ticks=2
[episode cbench-v1/jpeg-c] best=0.2780 acts=3 ticks=3
[episode cbench-v1/tiff2bw] best=0.2775 acts=3 ticks=3
[episode cbench-v1/gsm] best=0.1259 acts=2 ticks=1
[episode cbench-v1/stringsearch] best=0.2773 acts=3 ticks=3
[probe ep0016_adapterOFF] mean=0.2396
[life-v2] DONE
ok
unittest.case.FunctionTestCase (test_golden_is_self_consistent)
Two runs of the same scenario in one process agree (determinism of the ... [life-v2] arm=A seed=0 n=16 sleep_every=8 probe_every=8
[episode cbench-v1/susan] best=0.2774 acts=3 ticks=2
[episode cbench-v1/sha] best=0.1259 acts=2 ticks=1
[episode cbench-v1/dijkstra] best=0.2774 acts=3 ticks=3
[episode cbench-v1/patricia] best=0.2771 acts=3 ticks=2
[episode cbench-v1/jpeg-c] best=0.2780 acts=3 ticks=3
[episode cbench-v1/tiff2bw] best=0.2775 acts=3 ticks=3
[episode cbench-v1/gsm] best=0.1259 acts=2 ticks=1
[episode cbench-v1/stringsearch] best=0.2773 acts=3 ticks=3
[probe ep0000] mean=0.2396
[episode chstone-v0/mips] best=0.2778 acts=3 ticks=3
[episode mibench-v1/bitcount] best=0.2782 acts=3 ticks=3
[episode cbench-v1/bitcount] best=0.2774 acts=3 ticks=3
[episode cbench-v1/qsort] best=0.2779 acts=3 ticks=3
[episode cbench-v1/rijndael] best=0.1260 acts=2 ticks=1
[episode cbench-v1/adpcm] best=0.1268 acts=2 ticks=1
[episode chstone-v0/gsm] best=0.2787 acts=3 ticks=3
[episode cbench-v1/blowfish] best=0.2774 acts=3 ticks=3
[sleep 8] new=29 principles=1
[episode cbench-v1/susan] best=0.2774 acts=3 ticks=2
[episode cbench-v1/sha] best=0.1259 acts=2 ticks=1
[episode cbench-v1/dijkstra] best=0.2774 acts=3 ticks=3
[episode cbench-v1/patricia] best=0.2771 acts=3 ticks=2
[episode cbench-v1/jpeg-c] best=0.2780 acts=3 ticks=3
[episode cbench-v1/tiff2bw] best=0.2775 acts=3 ticks=3
[episode cbench-v1/gsm] best=0.1259 acts=2 ticks=1
[episode cbench-v1/stringsearch] best=0.2773 acts=3 ticks=3
[probe ep0008] mean=0.2396
[episode cbench-v1/crc32] best=0.2774 acts=3 ticks=2
[episode mibench-v1/qsort] best=0.2781 acts=3 ticks=3
[episode chstone-v0/aes] best=0.1262 acts=2 ticks=1
[episode chstone-v0/mips] best=0.2778 acts=3 ticks=3
[episode mibench-v1/bitcount] best=0.2782 acts=3 ticks=3
[episode cbench-v1/bitcount] best=0.2774 acts=3 ticks=3
[episode cbench-v1/qsort] best=0.2779 acts=3 ticks=3
[episode cbench-v1/rijndael] best=0.1260 acts=2 ticks=1
[sleep 16] new=41 principles=1
[episode cbench-v1/susan] best=0.2774 acts=3 ticks=2
[episode cbench-v1/sha] best=0.1259 acts=2 ticks=1
[episode cbench-v1/dijkstra] best=0.2774 acts=3 ticks=3
[episode cbench-v1/patricia] best=0.2771 acts=3 ticks=2
[episode cbench-v1/jpeg-c] best=0.2780 acts=3 ticks=3
[episode cbench-v1/tiff2bw] best=0.2775 acts=3 ticks=3
[episode cbench-v1/gsm] best=0.1259 acts=2 ticks=1
[episode cbench-v1/stringsearch] best=0.2773 acts=3 ticks=3
[probe ep0016] mean=0.2396
[life-v2] DONE
[life-v2] arm=A seed=0 n=16 sleep_every=8 probe_every=8
[episode cbench-v1/susan] best=0.2774 acts=3 ticks=2
[episode cbench-v1/sha] best=0.1259 acts=2 ticks=1
[episode cbench-v1/dijkstra] best=0.2774 acts=3 ticks=3
[episode cbench-v1/patricia] best=0.2771 acts=3 ticks=2
[episode cbench-v1/jpeg-c] best=0.2780 acts=3 ticks=3
[episode cbench-v1/tiff2bw] best=0.2775 acts=3 ticks=3
[episode cbench-v1/gsm] best=0.1259 acts=2 ticks=1
[episode cbench-v1/stringsearch] best=0.2773 acts=3 ticks=3
[probe ep0000] mean=0.2396
[episode chstone-v0/mips] best=0.2778 acts=3 ticks=3
[episode mibench-v1/bitcount] best=0.2782 acts=3 ticks=3
[episode cbench-v1/bitcount] best=0.2774 acts=3 ticks=3
[episode cbench-v1/qsort] best=0.2779 acts=3 ticks=3
[episode cbench-v1/rijndael] best=0.1260 acts=2 ticks=1
[episode cbench-v1/adpcm] best=0.1268 acts=2 ticks=1
[episode chstone-v0/gsm] best=0.2787 acts=3 ticks=3
[episode cbench-v1/blowfish] best=0.2774 acts=3 ticks=3
[sleep 8] new=29 principles=1
[episode cbench-v1/susan] best=0.2774 acts=3 ticks=2
[episode cbench-v1/sha] best=0.1259 acts=2 ticks=1
[episode cbench-v1/dijkstra] best=0.2774 acts=3 ticks=3
[episode cbench-v1/patricia] best=0.2771 acts=3 ticks=2
[episode cbench-v1/jpeg-c] best=0.2780 acts=3 ticks=3
[episode cbench-v1/tiff2bw] best=0.2775 acts=3 ticks=3
[episode cbench-v1/gsm] best=0.1259 acts=2 ticks=1
[episode cbench-v1/stringsearch] best=0.2773 acts=3 ticks=3
[probe ep0008] mean=0.2396
[episode cbench-v1/crc32] best=0.2774 acts=3 ticks=2
[episode mibench-v1/qsort] best=0.2781 acts=3 ticks=3
[episode chstone-v0/aes] best=0.1262 acts=2 ticks=1
[episode chstone-v0/mips] best=0.2778 acts=3 ticks=3
[episode mibench-v1/bitcount] best=0.2782 acts=3 ticks=3
[episode cbench-v1/bitcount] best=0.2774 acts=3 ticks=3
[episode cbench-v1/qsort] best=0.2779 acts=3 ticks=3
[episode cbench-v1/rijndael] best=0.1260 acts=2 ticks=1
[sleep 16] new=41 principles=1
[episode cbench-v1/susan] best=0.2774 acts=3 ticks=2
[episode cbench-v1/sha] best=0.1259 acts=2 ticks=1
[episode cbench-v1/dijkstra] best=0.2774 acts=3 ticks=3
[episode cbench-v1/patricia] best=0.2771 acts=3 ticks=2
[episode cbench-v1/jpeg-c] best=0.2780 acts=3 ticks=3
[episode cbench-v1/tiff2bw] best=0.2775 acts=3 ticks=3
[episode cbench-v1/gsm] best=0.1259 acts=2 ticks=1
[episode cbench-v1/stringsearch] best=0.2773 acts=3 ticks=3
[probe ep0016] mean=0.2396
[life-v2] DONE
ok
unittest.case.FunctionTestCase (test_resume_after_a_trainer_crash_reproduces_the_golden_files)
Review 2026-09-10 (coverage): a life killed inside its first sleep's ... [life-v2] arm=B seed=0 n=16 sleep_every=8 probe_every=8
[episode cbench-v1/susan] best=0.2774 acts=3 ticks=2
[episode cbench-v1/sha] best=0.1259 acts=2 ticks=1
[episode cbench-v1/dijkstra] best=0.2774 acts=3 ticks=3
[episode cbench-v1/patricia] best=0.2771 acts=3 ticks=2
[episode cbench-v1/jpeg-c] best=0.2780 acts=3 ticks=3
[episode cbench-v1/tiff2bw] best=0.2775 acts=3 ticks=3
[episode cbench-v1/gsm] best=0.1259 acts=2 ticks=1
[episode cbench-v1/stringsearch] best=0.2773 acts=3 ticks=3
[probe ep0000] mean=0.2396
[episode benchmark://npb-v0/10] best=0.2775 acts=3 ticks=2
[episode benchmark://npb-v0/25] best=0.2774 acts=3 ticks=3
[episode benchmark://blas-v0/10] best=0.2774 acts=3 ticks=2
[episode benchmark://opencv-v0/60] best=0.2778 acts=3 ticks=2
[probe gate_base] mean=0.2775
[episode chstone-v0/mips] best=0.2778 acts=3 ticks=3
[episode mibench-v1/bitcount] best=0.2782 acts=3 ticks=3
[episode cbench-v1/bitcount] best=0.2774 acts=3 ticks=3
[episode cbench-v1/qsort] best=0.2779 acts=3 ticks=3
[episode cbench-v1/rijndael] best=0.1260 acts=2 ticks=1
[episode cbench-v1/adpcm] best=0.1268 acts=2 ticks=1
[episode chstone-v0/gsm] best=0.2787 acts=3 ticks=3
[episode cbench-v1/blowfish] best=0.2774 acts=3 ticks=3
[sleep 8] new=29 principles=1
[life-v2] arm=B seed=0 n=16 sleep_every=8 probe_every=8
[sleep 8] train rc=0 plasticity=1.00 lr=0.0001
[sleep 8] canary parseable-ACT rate=1.00 pass=True
[episode benchmark://npb-v0/10] best=0.2775 acts=3 ticks=2
[episode benchmark://npb-v0/25] best=0.2774 acts=3 ticks=3
[episode benchmark://blas-v0/10] best=0.2774 acts=3 ticks=2
[episode benchmark://opencv-v0/60] best=0.2778 acts=3 ticks=2
[probe gate0008] mean=0.2775
[sleep 8] gate cand=0.2775 floor=0.2775 (base=0.277511612286069, prev=None) chunks/ep 2.2 vs 2.25 -> OK
[episode cbench-v1/susan] best=0.2774 acts=3 ticks=2
[episode cbench-v1/sha] best=0.1259 acts=2 ticks=1
[episode cbench-v1/dijkstra] best=0.2774 acts=3 ticks=3
[episode cbench-v1/patricia] best=0.2771 acts=3 ticks=2
[episode cbench-v1/jpeg-c] best=0.2780 acts=3 ticks=3
[episode cbench-v1/tiff2bw] best=0.2775 acts=3 ticks=3
[episode cbench-v1/gsm] best=0.1259 acts=2 ticks=1
[episode cbench-v1/stringsearch] best=0.2773 acts=3 ticks=3
[probe ep0008] mean=0.2396
[episode cbench-v1/susan] best=0.2774 acts=3 ticks=2
[episode cbench-v1/sha] best=0.1259 acts=2 ticks=1
[episode cbench-v1/dijkstra] best=0.2774 acts=3 ticks=3
[episode cbench-v1/patricia] best=0.2771 acts=3 ticks=2
[episode cbench-v1/jpeg-c] best=0.2780 acts=3 ticks=3
[episode cbench-v1/tiff2bw] best=0.2775 acts=3 ticks=3
[episode cbench-v1/gsm] best=0.1259 acts=2 ticks=1
[episode cbench-v1/stringsearch] best=0.2773 acts=3 ticks=3
[probe ep0008_adapterOFF] mean=0.2396
[episode cbench-v1/crc32] best=0.2774 acts=3 ticks=2
[episode mibench-v1/qsort] best=0.2781 acts=3 ticks=3
[episode chstone-v0/aes] best=0.1262 acts=2 ticks=1
[episode chstone-v0/mips] best=0.2778 acts=3 ticks=3
[episode mibench-v1/bitcount] best=0.2782 acts=3 ticks=3
[episode cbench-v1/bitcount] best=0.2774 acts=3 ticks=3
[episode cbench-v1/qsort] best=0.2779 acts=3 ticks=3
[episode cbench-v1/rijndael] best=0.1260 acts=2 ticks=1
[sleep 16] new=41 principles=1
[sleep 16] train rc=0 plasticity=1.00 lr=0.0001
[sleep 16] canary parseable-ACT rate=1.00 pass=True
[episode benchmark://npb-v0/10] best=0.2775 acts=3 ticks=2
[episode benchmark://npb-v0/25] best=0.2774 acts=3 ticks=3
[episode benchmark://blas-v0/10] best=0.2774 acts=3 ticks=2
[episode benchmark://opencv-v0/60] best=0.2778 acts=3 ticks=2
[probe gate0016] mean=0.2775
[sleep 16] gate cand=0.2775 floor=0.2775 (base=0.277511612286069, prev=0.277511612286069) chunks/ep 2.2 vs 2.25 -> OK
[episode cbench-v1/susan] best=0.2774 acts=3 ticks=2
[episode cbench-v1/sha] best=0.1259 acts=2 ticks=1
[episode cbench-v1/dijkstra] best=0.2774 acts=3 ticks=3
[episode cbench-v1/patricia] best=0.2771 acts=3 ticks=2
[episode cbench-v1/jpeg-c] best=0.2780 acts=3 ticks=3
[episode cbench-v1/tiff2bw] best=0.2775 acts=3 ticks=3
[episode cbench-v1/gsm] best=0.1259 acts=2 ticks=1
[episode cbench-v1/stringsearch] best=0.2773 acts=3 ticks=3
[probe ep0016] mean=0.2396
[episode cbench-v1/susan] best=0.2774 acts=3 ticks=2
[episode cbench-v1/sha] best=0.1259 acts=2 ticks=1
[episode cbench-v1/dijkstra] best=0.2774 acts=3 ticks=3
[episode cbench-v1/patricia] best=0.2771 acts=3 ticks=2
[episode cbench-v1/jpeg-c] best=0.2780 acts=3 ticks=3
[episode cbench-v1/tiff2bw] best=0.2775 acts=3 ticks=3
[episode cbench-v1/gsm] best=0.1259 acts=2 ticks=1
[episode cbench-v1/stringsearch] best=0.2773 acts=3 ticks=3
[probe ep0016_adapterOFF] mean=0.2396
[life-v2] DONE
ok
unittest.case.FunctionTestCase (test_resume_does_not_retrain_a_rejected_sleep)
A rejected candidate is a final write decision, not missing work. ... [life-v2] arm=B seed=0 n=16 sleep_every=8 probe_every=8
[episode cbench-v1/susan] best=0.2774 acts=3 ticks=2
[episode cbench-v1/sha] best=0.1259 acts=2 ticks=1
[episode cbench-v1/dijkstra] best=0.2774 acts=3 ticks=3
[episode cbench-v1/patricia] best=0.2771 acts=3 ticks=2
[episode cbench-v1/jpeg-c] best=0.2780 acts=3 ticks=3
[episode cbench-v1/tiff2bw] best=0.2775 acts=3 ticks=3
[episode cbench-v1/gsm] best=0.1259 acts=2 ticks=1
[episode cbench-v1/stringsearch] best=0.2773 acts=3 ticks=3
[probe ep0000] mean=0.2396
[episode benchmark://npb-v0/10] best=0.2775 acts=3 ticks=2
[episode benchmark://npb-v0/25] best=0.2774 acts=3 ticks=3
[episode benchmark://blas-v0/10] best=0.2774 acts=3 ticks=2
[episode benchmark://opencv-v0/60] best=0.2778 acts=3 ticks=2
[probe gate_base] mean=0.2775
[episode chstone-v0/mips] best=0.2778 acts=3 ticks=3
[episode mibench-v1/bitcount] best=0.2782 acts=3 ticks=3
[episode cbench-v1/bitcount] best=0.2774 acts=3 ticks=3
[episode cbench-v1/qsort] best=0.2779 acts=3 ticks=3
[episode cbench-v1/rijndael] best=0.1260 acts=2 ticks=1
[episode cbench-v1/adpcm] best=0.1268 acts=2 ticks=1
[episode chstone-v0/gsm] best=0.2787 acts=3 ticks=3
[episode cbench-v1/blowfish] best=0.2774 acts=3 ticks=3
[sleep 8] new=29 principles=1
[sleep 8] train rc=0 plasticity=1.00 lr=0.0001
[sleep 8] canary parseable-ACT rate=1.00 pass=True
[episode benchmark://npb-v0/10] best=0.2775 acts=3 ticks=2
[episode benchmark://npb-v0/25] best=0.2774 acts=3 ticks=3
[episode benchmark://blas-v0/10] best=0.2774 acts=3 ticks=2
[episode benchmark://opencv-v0/60] best=0.2778 acts=3 ticks=2
[probe gate0008] mean=0.2775
[sleep 8] gate cand=0.2775 floor=0.2775 (base=0.277511612286069, prev=None) chunks/ep 2.2 vs 2.25 -> OK
[episode cbench-v1/susan] best=0.2774 acts=3 ticks=2
[episode cbench-v1/sha] best=0.1259 acts=2 ticks=1
[episode cbench-v1/dijkstra] best=0.2774 acts=3 ticks=3
[episode cbench-v1/patricia] best=0.2771 acts=3 ticks=2
[episode cbench-v1/jpeg-c] best=0.2780 acts=3 ticks=3
[episode cbench-v1/tiff2bw] best=0.2775 acts=3 ticks=3
[episode cbench-v1/gsm] best=0.1259 acts=2 ticks=1
[episode cbench-v1/stringsearch] best=0.2773 acts=3 ticks=3
[probe ep0008] mean=0.2396
[episode cbench-v1/susan] best=0.2774 acts=3 ticks=2
[episode cbench-v1/sha] best=0.1259 acts=2 ticks=1
[episode cbench-v1/dijkstra] best=0.2774 acts=3 ticks=3
[episode cbench-v1/patricia] best=0.2771 acts=3 ticks=2
[episode cbench-v1/jpeg-c] best=0.2780 acts=3 ticks=3
[episode cbench-v1/tiff2bw] best=0.2775 acts=3 ticks=3
[episode cbench-v1/gsm] best=0.1259 acts=2 ticks=1
[episode cbench-v1/stringsearch] best=0.2773 acts=3 ticks=3
[probe ep0008_adapterOFF] mean=0.2396
[episode cbench-v1/crc32] best=0.2774 acts=3 ticks=2
[episode mibench-v1/qsort] best=0.2781 acts=3 ticks=3
[episode chstone-v0/aes] best=0.1262 acts=2 ticks=1
[episode chstone-v0/mips] best=0.2778 acts=3 ticks=3
[episode mibench-v1/bitcount] best=0.2782 acts=3 ticks=3
[episode cbench-v1/bitcount] best=0.2774 acts=3 ticks=3
[episode cbench-v1/qsort] best=0.2779 acts=3 ticks=3
[episode cbench-v1/rijndael] best=0.1260 acts=2 ticks=1
[sleep 16] new=41 principles=1
[sleep 16] train rc=0 plasticity=1.00 lr=0.0001
[sleep 16] canary parseable-ACT rate=1.00 pass=True
[episode benchmark://npb-v0/10] best=0.2775 acts=3 ticks=2
[episode benchmark://npb-v0/25] best=0.2774 acts=3 ticks=3
[episode benchmark://blas-v0/10] best=0.2774 acts=3 ticks=2
[episode benchmark://opencv-v0/60] best=0.2778 acts=3 ticks=2
[probe gate0016] mean=0.2775
[sleep 16] gate cand=0.2775 floor=0.2775 (base=0.277511612286069, prev=0.277511612286069) chunks/ep 2.2 vs 2.25 -> OK
[episode cbench-v1/susan] best=0.2774 acts=3 ticks=2
[episode cbench-v1/sha] best=0.1259 acts=2 ticks=1
[episode cbench-v1/dijkstra] best=0.2774 acts=3 ticks=3
[episode cbench-v1/patricia] best=0.2771 acts=3 ticks=2
[episode cbench-v1/jpeg-c] best=0.2780 acts=3 ticks=3
[episode cbench-v1/tiff2bw] best=0.2775 acts=3 ticks=3
[episode cbench-v1/gsm] best=0.1259 acts=2 ticks=1
[episode cbench-v1/stringsearch] best=0.2773 acts=3 ticks=3
[probe ep0016] mean=0.2396
[episode cbench-v1/susan] best=0.2774 acts=3 ticks=2
[episode cbench-v1/sha] best=0.1259 acts=2 ticks=1
[episode cbench-v1/dijkstra] best=0.2774 acts=3 ticks=3
[episode cbench-v1/patricia] best=0.2771 acts=3 ticks=2
[episode cbench-v1/jpeg-c] best=0.2780 acts=3 ticks=3
[episode cbench-v1/tiff2bw] best=0.2775 acts=3 ticks=3
[episode cbench-v1/gsm] best=0.1259 acts=2 ticks=1
[episode cbench-v1/stringsearch] best=0.2773 acts=3 ticks=3
[probe ep0016_adapterOFF] mean=0.2396
[life-v2] DONE
[life-v2] arm=B seed=0 n=16 sleep_every=8 probe_every=8
[life-v2] DONE
ok
unittest.case.FunctionTestCase (test_resume_promotes_staged_candidate_without_retraining)
Crash between DONE->CANDIDATE and adapter.train->adapter is safe. ... [life-v2] arm=B seed=0 n=16 sleep_every=8 probe_every=8
[episode cbench-v1/susan] best=0.2774 acts=3 ticks=2
[episode cbench-v1/sha] best=0.1259 acts=2 ticks=1
[episode cbench-v1/dijkstra] best=0.2774 acts=3 ticks=3
[episode cbench-v1/patricia] best=0.2771 acts=3 ticks=2
[episode cbench-v1/jpeg-c] best=0.2780 acts=3 ticks=3
[episode cbench-v1/tiff2bw] best=0.2775 acts=3 ticks=3
[episode cbench-v1/gsm] best=0.1259 acts=2 ticks=1
[episode cbench-v1/stringsearch] best=0.2773 acts=3 ticks=3
[probe ep0000] mean=0.2396
[episode benchmark://npb-v0/10] best=0.2775 acts=3 ticks=2
[episode benchmark://npb-v0/25] best=0.2774 acts=3 ticks=3
[episode benchmark://blas-v0/10] best=0.2774 acts=3 ticks=2
[episode benchmark://opencv-v0/60] best=0.2778 acts=3 ticks=2
[probe gate_base] mean=0.2775
[episode chstone-v0/mips] best=0.2778 acts=3 ticks=3
[episode mibench-v1/bitcount] best=0.2782 acts=3 ticks=3
[episode cbench-v1/bitcount] best=0.2774 acts=3 ticks=3
[episode cbench-v1/qsort] best=0.2779 acts=3 ticks=3
[episode cbench-v1/rijndael] best=0.1260 acts=2 ticks=1
[episode cbench-v1/adpcm] best=0.1268 acts=2 ticks=1
[episode chstone-v0/gsm] best=0.2787 acts=3 ticks=3
[episode cbench-v1/blowfish] best=0.2774 acts=3 ticks=3
[sleep 8] new=29 principles=1
[sleep 8] train rc=0 plasticity=1.00 lr=0.0001
[sleep 8] canary parseable-ACT rate=1.00 pass=True
[episode benchmark://npb-v0/10] best=0.2775 acts=3 ticks=2
[episode benchmark://npb-v0/25] best=0.2774 acts=3 ticks=3
[episode benchmark://blas-v0/10] best=0.2774 acts=3 ticks=2
[episode benchmark://opencv-v0/60] best=0.2778 acts=3 ticks=2
[probe gate0008] mean=0.2775
[sleep 8] gate cand=0.2775 floor=0.2775 (base=0.277511612286069, prev=None) chunks/ep 2.2 vs 2.25 -> OK
[episode cbench-v1/susan] best=0.2774 acts=3 ticks=2
[episode cbench-v1/sha] best=0.1259 acts=2 ticks=1
[episode cbench-v1/dijkstra] best=0.2774 acts=3 ticks=3
[episode cbench-v1/patricia] best=0.2771 acts=3 ticks=2
[episode cbench-v1/jpeg-c] best=0.2780 acts=3 ticks=3
[episode cbench-v1/tiff2bw] best=0.2775 acts=3 ticks=3
[episode cbench-v1/gsm] best=0.1259 acts=2 ticks=1
[episode cbench-v1/stringsearch] best=0.2773 acts=3 ticks=3
[probe ep0008] mean=0.2396
[episode cbench-v1/susan] best=0.2774 acts=3 ticks=2
[episode cbench-v1/sha] best=0.1259 acts=2 ticks=1
[episode cbench-v1/dijkstra] best=0.2774 acts=3 ticks=3
[episode cbench-v1/patricia] best=0.2771 acts=3 ticks=2
[episode cbench-v1/jpeg-c] best=0.2780 acts=3 ticks=3
[episode cbench-v1/tiff2bw] best=0.2775 acts=3 ticks=3
[episode cbench-v1/gsm] best=0.1259 acts=2 ticks=1
[episode cbench-v1/stringsearch] best=0.2773 acts=3 ticks=3
[probe ep0008_adapterOFF] mean=0.2396
[episode cbench-v1/crc32] best=0.2774 acts=3 ticks=2
[episode mibench-v1/qsort] best=0.2781 acts=3 ticks=3
[episode chstone-v0/aes] best=0.1262 acts=2 ticks=1
[episode chstone-v0/mips] best=0.2778 acts=3 ticks=3
[episode mibench-v1/bitcount] best=0.2782 acts=3 ticks=3
[episode cbench-v1/bitcount] best=0.2774 acts=3 ticks=3
[episode cbench-v1/qsort] best=0.2779 acts=3 ticks=3
[episode cbench-v1/rijndael] best=0.1260 acts=2 ticks=1
[sleep 16] new=41 principles=1
[sleep 16] train rc=0 plasticity=1.00 lr=0.0001
[sleep 16] canary parseable-ACT rate=1.00 pass=True
[episode benchmark://npb-v0/10] best=0.2775 acts=3 ticks=2
[episode benchmark://npb-v0/25] best=0.2774 acts=3 ticks=3
[episode benchmark://blas-v0/10] best=0.2774 acts=3 ticks=2
[episode benchmark://opencv-v0/60] best=0.2778 acts=3 ticks=2
[probe gate0016] mean=0.2775
[sleep 16] gate cand=0.2775 floor=0.2775 (base=0.277511612286069, prev=0.277511612286069) chunks/ep 2.2 vs 2.25 -> OK
[episode cbench-v1/susan] best=0.2774 acts=3 ticks=2
[episode cbench-v1/sha] best=0.1259 acts=2 ticks=1
[episode cbench-v1/dijkstra] best=0.2774 acts=3 ticks=3
[episode cbench-v1/patricia] best=0.2771 acts=3 ticks=2
[episode cbench-v1/jpeg-c] best=0.2780 acts=3 ticks=3
[episode cbench-v1/tiff2bw] best=0.2775 acts=3 ticks=3
[episode cbench-v1/gsm] best=0.1259 acts=2 ticks=1
[episode cbench-v1/stringsearch] best=0.2773 acts=3 ticks=3
[probe ep0016] mean=0.2396
[episode cbench-v1/susan] best=0.2774 acts=3 ticks=2
[episode cbench-v1/sha] best=0.1259 acts=2 ticks=1
[episode cbench-v1/dijkstra] best=0.2774 acts=3 ticks=3
[episode cbench-v1/patricia] best=0.2771 acts=3 ticks=2
[episode cbench-v1/jpeg-c] best=0.2780 acts=3 ticks=3
[episode cbench-v1/tiff2bw] best=0.2775 acts=3 ticks=3
[episode cbench-v1/gsm] best=0.1259 acts=2 ticks=1
[episode cbench-v1/stringsearch] best=0.2773 acts=3 ticks=3
[probe ep0016_adapterOFF] mean=0.2396
[life-v2] DONE
[life-v2] arm=B seed=0 n=16 sleep_every=8 probe_every=8
[sleep 8] canary parseable-ACT rate=1.00 pass=True
[sleep 8] gate cand=0.2775 floor=0.2775 (base=0.277511612286069, prev=0.277511612286069) chunks/ep 2.2 vs 2.25 -> OK
[life-v2] DONE
ok
unittest.case.FunctionTestCase (test_resume_promotes_trainer_complete_stage_without_retraining) ... [life-v2] arm=B seed=0 n=16 sleep_every=8 probe_every=8
[episode cbench-v1/susan] best=0.2774 acts=3 ticks=2
[episode cbench-v1/sha] best=0.1259 acts=2 ticks=1
[episode cbench-v1/dijkstra] best=0.2774 acts=3 ticks=3
[episode cbench-v1/patricia] best=0.2771 acts=3 ticks=2
[episode cbench-v1/jpeg-c] best=0.2780 acts=3 ticks=3
[episode cbench-v1/tiff2bw] best=0.2775 acts=3 ticks=3
[episode cbench-v1/gsm] best=0.1259 acts=2 ticks=1
[episode cbench-v1/stringsearch] best=0.2773 acts=3 ticks=3
[probe ep0000] mean=0.2396
[episode benchmark://npb-v0/10] best=0.2775 acts=3 ticks=2
[episode benchmark://npb-v0/25] best=0.2774 acts=3 ticks=3
[episode benchmark://blas-v0/10] best=0.2774 acts=3 ticks=2
[episode benchmark://opencv-v0/60] best=0.2778 acts=3 ticks=2
[probe gate_base] mean=0.2775
[episode chstone-v0/mips] best=0.2778 acts=3 ticks=3
[episode mibench-v1/bitcount] best=0.2782 acts=3 ticks=3
[episode cbench-v1/bitcount] best=0.2774 acts=3 ticks=3
[episode cbench-v1/qsort] best=0.2779 acts=3 ticks=3
[episode cbench-v1/rijndael] best=0.1260 acts=2 ticks=1
[episode cbench-v1/adpcm] best=0.1268 acts=2 ticks=1
[episode chstone-v0/gsm] best=0.2787 acts=3 ticks=3
[episode cbench-v1/blowfish] best=0.2774 acts=3 ticks=3
[sleep 8] new=29 principles=1
[sleep 8] train rc=0 plasticity=1.00 lr=0.0001
[sleep 8] canary parseable-ACT rate=1.00 pass=True
[episode benchmark://npb-v0/10] best=0.2775 acts=3 ticks=2
[episode benchmark://npb-v0/25] best=0.2774 acts=3 ticks=3
[episode benchmark://blas-v0/10] best=0.2774 acts=3 ticks=2
[episode benchmark://opencv-v0/60] best=0.2778 acts=3 ticks=2
[probe gate0008] mean=0.2775
[sleep 8] gate cand=0.2775 floor=0.2775 (base=0.277511612286069, prev=None) chunks/ep 2.2 vs 2.25 -> OK
[episode cbench-v1/susan] best=0.2774 acts=3 ticks=2
[episode cbench-v1/sha] best=0.1259 acts=2 ticks=1
[episode cbench-v1/dijkstra] best=0.2774 acts=3 ticks=3
[episode cbench-v1/patricia] best=0.2771 acts=3 ticks=2
[episode cbench-v1/jpeg-c] best=0.2780 acts=3 ticks=3
[episode cbench-v1/tiff2bw] best=0.2775 acts=3 ticks=3
[episode cbench-v1/gsm] best=0.1259 acts=2 ticks=1
[episode cbench-v1/stringsearch] best=0.2773 acts=3 ticks=3
[probe ep0008] mean=0.2396
[episode cbench-v1/susan] best=0.2774 acts=3 ticks=2
[episode cbench-v1/sha] best=0.1259 acts=2 ticks=1
[episode cbench-v1/dijkstra] best=0.2774 acts=3 ticks=3
[episode cbench-v1/patricia] best=0.2771 acts=3 ticks=2
[episode cbench-v1/jpeg-c] best=0.2780 acts=3 ticks=3
[episode cbench-v1/tiff2bw] best=0.2775 acts=3 ticks=3
[episode cbench-v1/gsm] best=0.1259 acts=2 ticks=1
[episode cbench-v1/stringsearch] best=0.2773 acts=3 ticks=3
[probe ep0008_adapterOFF] mean=0.2396
[episode cbench-v1/crc32] best=0.2774 acts=3 ticks=2
[episode mibench-v1/qsort] best=0.2781 acts=3 ticks=3
[episode chstone-v0/aes] best=0.1262 acts=2 ticks=1
[episode chstone-v0/mips] best=0.2778 acts=3 ticks=3
[episode mibench-v1/bitcount] best=0.2782 acts=3 ticks=3
[episode cbench-v1/bitcount] best=0.2774 acts=3 ticks=3
[episode cbench-v1/qsort] best=0.2779 acts=3 ticks=3
[episode cbench-v1/rijndael] best=0.1260 acts=2 ticks=1
[sleep 16] new=41 principles=1
[sleep 16] train rc=0 plasticity=1.00 lr=0.0001
[sleep 16] canary parseable-ACT rate=1.00 pass=True
[episode benchmark://npb-v0/10] best=0.2775 acts=3 ticks=2
[episode benchmark://npb-v0/25] best=0.2774 acts=3 ticks=3
[episode benchmark://blas-v0/10] best=0.2774 acts=3 ticks=2
[episode benchmark://opencv-v0/60] best=0.2778 acts=3 ticks=2
[probe gate0016] mean=0.2775
[sleep 16] gate cand=0.2775 floor=0.2775 (base=0.277511612286069, prev=0.277511612286069) chunks/ep 2.2 vs 2.25 -> OK
[episode cbench-v1/susan] best=0.2774 acts=3 ticks=2
[episode cbench-v1/sha] best=0.1259 acts=2 ticks=1
[episode cbench-v1/dijkstra] best=0.2774 acts=3 ticks=3
[episode cbench-v1/patricia] best=0.2771 acts=3 ticks=2
[episode cbench-v1/jpeg-c] best=0.2780 acts=3 ticks=3
[episode cbench-v1/tiff2bw] best=0.2775 acts=3 ticks=3
[episode cbench-v1/gsm] best=0.1259 acts=2 ticks=1
[episode cbench-v1/stringsearch] best=0.2773 acts=3 ticks=3
[probe ep0016] mean=0.2396
[episode cbench-v1/susan] best=0.2774 acts=3 ticks=2
[episode cbench-v1/sha] best=0.1259 acts=2 ticks=1
[episode cbench-v1/dijkstra] best=0.2774 acts=3 ticks=3
[episode cbench-v1/patricia] best=0.2771 acts=3 ticks=2
[episode cbench-v1/jpeg-c] best=0.2780 acts=3 ticks=3
[episode cbench-v1/tiff2bw] best=0.2775 acts=3 ticks=3
[episode cbench-v1/gsm] best=0.1259 acts=2 ticks=1
[episode cbench-v1/stringsearch] best=0.2773 acts=3 ticks=3
[probe ep0016_adapterOFF] mean=0.2396
[life-v2] DONE
[life-v2] arm=B seed=0 n=16 sleep_every=8 probe_every=8
[sleep 8] canary parseable-ACT rate=1.00 pass=True
[sleep 8] gate cand=0.2775 floor=0.2775 (base=0.277511612286069, prev=0.277511612286069) chunks/ep 2.2 vs 2.25 -> OK
[life-v2] DONE
ok
unittest.case.FunctionTestCase (test_resume_regates_candidate_without_retraining) ... [life-v2] arm=B seed=0 n=16 sleep_every=8 probe_every=8
[episode cbench-v1/susan] best=0.2774 acts=3 ticks=2
[episode cbench-v1/sha] best=0.1259 acts=2 ticks=1
[episode cbench-v1/dijkstra] best=0.2774 acts=3 ticks=3
[episode cbench-v1/patricia] best=0.2771 acts=3 ticks=2
[episode cbench-v1/jpeg-c] best=0.2780 acts=3 ticks=3
[episode cbench-v1/tiff2bw] best=0.2775 acts=3 ticks=3
[episode cbench-v1/gsm] best=0.1259 acts=2 ticks=1
[episode cbench-v1/stringsearch] best=0.2773 acts=3 ticks=3
[probe ep0000] mean=0.2396
[episode benchmark://npb-v0/10] best=0.2775 acts=3 ticks=2
[episode benchmark://npb-v0/25] best=0.2774 acts=3 ticks=3
[episode benchmark://blas-v0/10] best=0.2774 acts=3 ticks=2
[episode benchmark://opencv-v0/60] best=0.2778 acts=3 ticks=2
[probe gate_base] mean=0.2775
[episode chstone-v0/mips] best=0.2778 acts=3 ticks=3
[episode mibench-v1/bitcount] best=0.2782 acts=3 ticks=3
[episode cbench-v1/bitcount] best=0.2774 acts=3 ticks=3
[episode cbench-v1/qsort] best=0.2779 acts=3 ticks=3
[episode cbench-v1/rijndael] best=0.1260 acts=2 ticks=1
[episode cbench-v1/adpcm] best=0.1268 acts=2 ticks=1
[episode chstone-v0/gsm] best=0.2787 acts=3 ticks=3
[episode cbench-v1/blowfish] best=0.2774 acts=3 ticks=3
[sleep 8] new=29 principles=1
[sleep 8] train rc=0 plasticity=1.00 lr=0.0001
[sleep 8] canary parseable-ACT rate=1.00 pass=True
[episode benchmark://npb-v0/10] best=0.2775 acts=3 ticks=2
[episode benchmark://npb-v0/25] best=0.2774 acts=3 ticks=3
[episode benchmark://blas-v0/10] best=0.2774 acts=3 ticks=2
[episode benchmark://opencv-v0/60] best=0.2778 acts=3 ticks=2
[probe gate0008] mean=0.2775
[sleep 8] gate cand=0.2775 floor=0.2775 (base=0.277511612286069, prev=None) chunks/ep 2.2 vs 2.25 -> OK
[episode cbench-v1/susan] best=0.2774 acts=3 ticks=2
[episode cbench-v1/sha] best=0.1259 acts=2 ticks=1
[episode cbench-v1/dijkstra] best=0.2774 acts=3 ticks=3
[episode cbench-v1/patricia] best=0.2771 acts=3 ticks=2
[episode cbench-v1/jpeg-c] best=0.2780 acts=3 ticks=3
[episode cbench-v1/tiff2bw] best=0.2775 acts=3 ticks=3
[episode cbench-v1/gsm] best=0.1259 acts=2 ticks=1
[episode cbench-v1/stringsearch] best=0.2773 acts=3 ticks=3
[probe ep0008] mean=0.2396
[episode cbench-v1/susan] best=0.2774 acts=3 ticks=2
[episode cbench-v1/sha] best=0.1259 acts=2 ticks=1
[episode cbench-v1/dijkstra] best=0.2774 acts=3 ticks=3
[episode cbench-v1/patricia] best=0.2771 acts=3 ticks=2
[episode cbench-v1/jpeg-c] best=0.2780 acts=3 ticks=3
[episode cbench-v1/tiff2bw] best=0.2775 acts=3 ticks=3
[episode cbench-v1/gsm] best=0.1259 acts=2 ticks=1
[episode cbench-v1/stringsearch] best=0.2773 acts=3 ticks=3
[probe ep0008_adapterOFF] mean=0.2396
[episode cbench-v1/crc32] best=0.2774 acts=3 ticks=2
[episode mibench-v1/qsort] best=0.2781 acts=3 ticks=3
[episode chstone-v0/aes] best=0.1262 acts=2 ticks=1
[episode chstone-v0/mips] best=0.2778 acts=3 ticks=3
[episode mibench-v1/bitcount] best=0.2782 acts=3 ticks=3
[episode cbench-v1/bitcount] best=0.2774 acts=3 ticks=3
[episode cbench-v1/qsort] best=0.2779 acts=3 ticks=3
[episode cbench-v1/rijndael] best=0.1260 acts=2 ticks=1
[sleep 16] new=41 principles=1
[sleep 16] train rc=0 plasticity=1.00 lr=0.0001
[sleep 16] canary parseable-ACT rate=1.00 pass=True
[episode benchmark://npb-v0/10] best=0.2775 acts=3 ticks=2
[episode benchmark://npb-v0/25] best=0.2774 acts=3 ticks=3
[episode benchmark://blas-v0/10] best=0.2774 acts=3 ticks=2
[episode benchmark://opencv-v0/60] best=0.2778 acts=3 ticks=2
[probe gate0016] mean=0.2775
[sleep 16] gate cand=0.2775 floor=0.2775 (base=0.277511612286069, prev=0.277511612286069) chunks/ep 2.2 vs 2.25 -> OK
[episode cbench-v1/susan] best=0.2774 acts=3 ticks=2
[episode cbench-v1/sha] best=0.1259 acts=2 ticks=1
[episode cbench-v1/dijkstra] best=0.2774 acts=3 ticks=3
[episode cbench-v1/patricia] best=0.2771 acts=3 ticks=2
[episode cbench-v1/jpeg-c] best=0.2780 acts=3 ticks=3
[episode cbench-v1/tiff2bw] best=0.2775 acts=3 ticks=3
[episode cbench-v1/gsm] best=0.1259 acts=2 ticks=1
[episode cbench-v1/stringsearch] best=0.2773 acts=3 ticks=3
[probe ep0016] mean=0.2396
[episode cbench-v1/susan] best=0.2774 acts=3 ticks=2
[episode cbench-v1/sha] best=0.1259 acts=2 ticks=1
[episode cbench-v1/dijkstra] best=0.2774 acts=3 ticks=3
[episode cbench-v1/patricia] best=0.2771 acts=3 ticks=2
[episode cbench-v1/jpeg-c] best=0.2780 acts=3 ticks=3
[episode cbench-v1/tiff2bw] best=0.2775 acts=3 ticks=3
[episode cbench-v1/gsm] best=0.1259 acts=2 ticks=1
[episode cbench-v1/stringsearch] best=0.2773 acts=3 ticks=3
[probe ep0016_adapterOFF] mean=0.2396
[life-v2] DONE
[life-v2] arm=B seed=0 n=16 sleep_every=8 probe_every=8
[sleep 8] canary parseable-ACT rate=1.00 pass=True
[sleep 8] gate cand=0.2775 floor=0.2775 (base=0.277511612286069, prev=0.277511612286069) chunks/ep 2.2 vs 2.25 -> OK
[life-v2] DONE
ok
unittest.case.FunctionTestCase (<lambda>) ... ok

======================================================================
ERROR: unittest.case.FunctionTestCase (test_neutral_probes_are_paired_fresh_and_never_harvested)
----------------------------------------------------------------------
Traceback (most recent call last):
  File "/data/home/rohing/dream-state/tests/test_preschool_flags.py", line 303, in test_neutral_probes_are_paired_fresh_and_never_harvested
    life, tr = _life(["--arm", "B", "--note-after", "--artifact-lesson", "lesson",
               ^^^^^^^^^^^^^^^^^^^^^^^^^^^^^^^^^^^^^^^^^^^^^^^^^^^^^^^^^^^^^^^^^^^
  File "/data/home/rohing/dream-state/tests/test_preschool_flags.py", line 90, in _life
    tr = gh.run_life(argv)
         ^^^^^^^^^^^^^^^^^
  File "/data/home/rohing/dream-state/tests/golden_harness.py", line 301, in run_life
    run_life_v2.main()
  File "/data/home/rohing/dream-state/organism_v6/run_life_v2.py", line 1108, in main
    _, model = preschool.neutral_probe(model, gym, life, "post", i, r, neutral,
               ^^^^^^^^^^^^^^^^^^^^^^^^^^^^^^^^^^^^^^^^^^^^^^^^^^^^^^^^^^^^^^^^
  File "/data/home/rohing/dream-state/organism_v6/preschool.py", line 732, in neutral_probe
    identity = _neutral_identity(gym, panel, budget_ticks, max_tokens, driver_cls,
               ^^^^^^^^^^^^^^^^^^^^^^^^^^^^^^^^^^^^^^^^^^^^^^^^^^^^^^^^^^^^^^^^^^^
  File "/data/home/rohing/dream-state/organism_v6/preschool.py", line 705, in _neutral_identity
    raise RuntimeError("neutral probe adapter lacks weights/config provenance")
RuntimeError: neutral probe adapter lacks weights/config provenance

======================================================================
ERROR: unittest.case.FunctionTestCase (test_neutral_probes_run_adapter_on_and_off_on_the_same_program)
----------------------------------------------------------------------
Traceback (most recent call last):
  File "/data/home/rohing/dream-state/tests/test_preschool_flags.py", line 442, in test_neutral_probes_run_adapter_on_and_off_on_the_same_program
    life, tr = _life(["--arm", "B", "--note-after", "--neutral-probes", "--neutral-probe-panel", "PANEL"])
               ^^^^^^^^^^^^^^^^^^^^^^^^^^^^^^^^^^^^^^^^^^^^^^^^^^^^^^^^^^^^^^^^^^^^^^^^^^^^^^^^^^^^^^^^^^^
  File "/data/home/rohing/dream-state/tests/test_preschool_flags.py", line 90, in _life
    tr = gh.run_life(argv)
         ^^^^^^^^^^^^^^^^^
  File "/data/home/rohing/dream-state/tests/golden_harness.py", line 301, in run_life
    run_life_v2.main()
  File "/data/home/rohing/dream-state/organism_v6/run_life_v2.py", line 1108, in main
    _, model = preschool.neutral_probe(model, gym, life, "post", i, r, neutral,
               ^^^^^^^^^^^^^^^^^^^^^^^^^^^^^^^^^^^^^^^^^^^^^^^^^^^^^^^^^^^^^^^^
  File "/data/home/rohing/dream-state/organism_v6/preschool.py", line 732, in neutral_probe
    identity = _neutral_identity(gym, panel, budget_ticks, max_tokens, driver_cls,
               ^^^^^^^^^^^^^^^^^^^^^^^^^^^^^^^^^^^^^^^^^^^^^^^^^^^^^^^^^^^^^^^^^^^
  File "/data/home/rohing/dream-state/organism_v6/preschool.py", line 705, in _neutral_identity
    raise RuntimeError("neutral probe adapter lacks weights/config provenance")
RuntimeError: neutral probe adapter lacks weights/config provenance

----------------------------------------------------------------------
Ran 65 tests in 2.547s

FAILED (errors=2)
