life,arm,sleep,prev_sleep,n_new_items,n_thinking_new,n_new_notes,unknown_share,G_rate,N_rate,N_none_share,F_rate,D_rate,P_rate,T_top_template_share,T_near_dup_share,admission_hi,admission_lo,articulation_hi,articulation_lo,life_admission_hi_so_far,life_admission_lo_so_far,final_corpus_thinking_items,final_corpus_survive_share,top_reasons,top_template
R2_B_seed0,R2,0032,,128,38,25,0.0,0.04,0.3333333333333333,0.88,0.0,0.0,0.0,0.04,0.0,0.04,0.04,0.0,0.0,0.04,0.04,,,no-content=15; no-result-number=6; no-pass-run-here=1; result-numbers-unmatched=1; not-adjacent=1,this is a new benchmark and without prior experience i ll start with a common set of passes that often yield good results <PASS> <PASS> <PASS> <PASS> these pass
R2_B_seed0,R2,0064,0032,104,34,34,0.0,0.0,,1.0,0.029411764705882353,0.08823529411764706,0.17647058823529413,0.08823529411764706,0.08823529411764706,0.0,0.0,0.0,0.0,0.01694915254237288,0.01694915254237288,,,no-result-number=16; no-content=11; practice-only=6; no-pass-run-here=1,initial passes <PASS> <PASS> <PASS> <PASS>
R2_B_seed0,R2,0096,0064,55,13,23,0.0,0.0,0.5,0.9130434782608696,0.0,0.21739130434782608,0.4782608695652174,0.08695652173913043,0.21739130434782608,0.0,0.0,0.0,0.0,0.012195121951219513,0.012195121951219513,,,practice-only=11; no-result-number=6; no-content=6,initial expectation is for a substantial reduction in instructions based on past performance will observe outcome and adjust strategy accordingly
R2_B_seed0,R2,0128,0096,23,7,8,0.0,0.0,,1.0,0.0,0.5,0.5,0.5,0.5,0.0,0.0,0.0,0.0,0.011111111111111112,0.011111111111111112,,,practice-only=4; no-content=3; no-result-number=1,initial expectation is high based on past performance will observe outcome and adjust strategy accordingly
R2_B_seed0,R2,0160,0128,46,33,63,0.0,0.0,0.6666666666666666,0.9523809523809523,0.0,0.23809523809523808,0.30158730158730157,0.07936507936507936,0.31746031746031744,0.0,0.0,0.0,0.0,0.006535947712418301,0.006535947712418301,,,no-content=32; practice-only=19; no-result-number=10; no-pass-run-here=2,initial expectation is high based on past performance will observe outcome and adjust strategy accordingly
R2_B_seed0,R2,0192,0160,62,40,73,0.0,0.0,0.0,0.9726027397260274,0.0,0.3698630136986301,0.2054794520547945,0.2191780821917808,0.4794520547945205,0.0,0.0,0.0,0.0,0.004424778761061947,0.004424778761061947,,,no-content=41; no-result-number=15; practice-only=15; no-pass-run-here=1; result-numbers-unmatched=1,initial expectation is high based on past performance will compare outcome to prediction to learn
R2_B_seed0,R2,0224,0192,83,41,71,0.0,0.0,,1.0,0.0,0.5915492957746479,0.08450704225352113,0.43661971830985913,0.6056338028169014,0.0,0.0,0.0,0.0,0.003367003367003367,0.003367003367003367,,,no-content=59; no-result-number=6; practice-only=6,initial expectation is high based on past performance will compare outcome to prediction to learn
R2_B_seed0,R2,0256,0224,49,40,85,0.0,0.0,0.0,0.9882352941176471,0.0,0.5529411764705883,0.047058823529411764,0.3411764705882353,0.5647058823529412,0.0,0.0,0.0,0.0,0.002617801047120419,0.002617801047120419,,,no-content=70; no-result-number=11; practice-only=4,initial expectation is high based on past performance will outcome match prediction
R2_B_seed0,R2,0288,0256,31,30,84,0.0,0.0,0.0,0.9880952380952381,0.0,0.6428571428571429,0.03571428571428571,0.2619047619047619,0.6785714285714286,0.0,0.0,0.0,0.0,0.002145922746781116,0.002145922746781116,,,no-content=76; no-result-number=5; practice-only=3,initial expectation is high based on past performance will outcome match prediction
R2_B_seed0,R2,0320,0288,65,33,80,0.0,0.0,,1.0,0.0,0.6625,0.0375,0.275,0.725,0.0,0.0,0.0,0.0,0.0018315018315018315,0.0018315018315018315,,,no-content=74; no-result-number=3; practice-only=3,initial expectation is high based on past performance will outcome match prediction
R2_B_seed0,R2,0352,0320,56,36,93,0.0,0.0,,1.0,0.0,0.7096774193548387,0.010752688172043012,0.24731182795698925,0.7634408602150538,0.0,0.0,0.0,0.0,0.001564945226917058,0.001564945226917058,,,no-content=91; practice-only=1; no-result-number=1,initial expectation is high based on past performance will outcome match prediction
R2_B_seed0,R2,0384,0352,46,38,98,0.0,0.0,,1.0,0.0,0.7244897959183674,0.030612244897959183,0.3877551020408163,0.7653061224489796,0.0,0.0,0.0,0.0,0.0013568521031207597,0.0013568521031207597,,,no-content=95; practice-only=3,initial expectation is high based on past performance will compare outcome to prediction to learn
R2_B_seed0,R2,0416,0384,38,29,62,0.0,0.0,0.0,0.9838709677419355,0.0,0.7741935483870968,0.04838709677419355,0.5645161290322581,0.7903225806451613,0.0,0.0,0.0,0.0,0.0012515644555694619,0.0012515644555694619,,,no-content=58; practice-only=3; no-result-number=1,initial expectation is high based on past performance will compare outcome to prediction to learn
R2_B_seed0,R2,0448,0416,24,24,50,0.0,0.0,,1.0,0.0,0.74,0.06,0.58,0.8,0.0,0.0,0.0,0.0,0.001177856301531213,0.001177856301531213,,,no-content=47; practice-only=3,initial expectation is high based on past performance will compare outcome to prediction to learn
R2_B_seed0,R2,0480,0448,17,16,24,0.0,0.041666666666666664,0.25,0.8333333333333334,0.0,0.5833333333333334,0.08333333333333333,0.5,0.5833333333333334,0.041666666666666664,0.041666666666666664,0.0,0.0,0.002290950744558992,0.002290950744558992,,,no-content=18; no-pass-run-here=3; practice-only=2,initial expectation is high based on past performance will compare outcome to prediction to learn
R2_B_seed0,R2,0512,0480,29,24,42,0.0,0.0,0.125,0.6190476190476191,0.0,0.5952380952380952,0.16666666666666666,0.30952380952380953,0.6428571428571429,0.0,0.0,0.0,0.0,0.002185792349726776,0.002185792349726776,,,no-content=18; no-pass-run-here=16; practice-only=7; no-result-number=1,initial expectation <NUM> reduction will compare outcome to prediction to learn
R2_B_seed0,R2,0544,0512,31,26,47,0.0,0.0,0.13636363636363635,0.5319148936170213,0.0,0.6595744680851063,0.10638297872340426,0.2765957446808511,0.6595744680851063,0.0,0.0,0.0,0.0,0.002079002079002079,0.002079002079002079,,,no-pass-run-here=22; no-content=18; practice-only=5; no-result-number=2,initial expectation <NUM> reduction compare outcome to prediction to learn
R2_B_seed0,R2,0576,0544,36,34,63,0.0,0.0,0.16666666666666666,0.6190476190476191,0.0,0.8095238095238095,0.015873015873015872,0.3968253968253968,0.8095238095238095,0.0,0.0,0.0,0.0,0.001951219512195122,0.001951219512195122,,,no-content=34; no-pass-run-here=23; no-result-number=4; practice-only=1; result-numbers-unmatched=1,initial expectation vs reality learning from surprises
R2_B_seed0,R2,0608,0576,36,36,61,0.0,0.0,0.047619047619047616,0.6557377049180328,0.0,0.639344262295082,0.14754098360655737,0.29508196721311475,0.6557377049180327,0.0,0.0,0.0,0.0,0.001841620626151013,0.001841620626151013,,,no-content=29; no-pass-run-here=19; practice-only=9; no-result-number=3; result-numbers-unmatched=1,initial expectation vs reality learning from surprises
R2_B_seed0,R2,0640,0608,34,33,52,0.0,0.0,0.15384615384615385,0.75,0.0,0.6346153846153846,0.25,0.4807692307692308,0.6730769230769231,0.0,0.0,0.0,0.0,0.0017574692442882249,0.0017574692442882249,,,no-content=27; practice-only=13; no-pass-run-here=10; no-result-number=1; result-numbers-unmatched=1,initial expectation vs reality learning from surprises
R2_B_seed0,R2,0672,0640,30,28,38,0.0,0.0,0.0,0.736842105263158,0.0,0.6578947368421053,0.18421052631578946,0.4473684210526316,0.7631578947368421,0.0,0.0,0.0,0.0,0.0017006802721088435,0.0017006802721088435,,,no-content=19; no-pass-run-here=10; practice-only=7; no-result-number=2,initial expectation vs reality learning from surprises
R2_B_seed0,R2,0704,0672,22,21,23,0.0,0.0,0.2857142857142857,0.6956521739130435,0.0,0.391304347826087,0.5652173913043478,0.17391304347826086,0.4782608695652174,0.0,0.0,0.0,0.0,0.0016680567139282735,0.0016680567139282735,,,practice-only=13; no-pass-run-here=5; no-content=4; no-result-number=1,initial expectation <NUM> reduction will compare outcome to prediction to learn
R2_B_seed0,R2,0736,0704,24,24,29,0.0,0.0,0.3333333333333333,0.896551724137931,0.0,0.5517241379310345,0.4482758620689655,0.27586206896551724,0.6206896551724138,0.0,0.0,0.0,0.0,0.0016286644951140066,0.0016286644951140066,,,practice-only=13; no-content=11; no-pass-run-here=3; no-result-number=2,initial expectation vs reality learning from surprises
R2_B_seed0,R2,0768,0736,26,24,28,0.0,0.0,0.3333333333333333,0.8928571428571429,0.0,0.7857142857142857,0.17857142857142858,0.6785714285714286,0.8928571428571429,0.0,0.0,0.0,0.0,0.0015923566878980893,0.0015923566878980893,,,no-content=20; practice-only=5; no-pass-run-here=2; no-result-number=1,initial expectation vs reality learning from surprises
R2_B_seed0,R2,0800,0768,30,27,31,0.0,0.0,0.3333333333333333,0.8064516129032258,0.0,0.7096774193548387,0.25806451612903225,0.41935483870967744,0.7741935483870968,0.0,0.0,0.0,0.0,0.001554001554001554,0.001554001554001554,,,no-content=15; practice-only=8; no-pass-run-here=6; no-result-number=2,initial expectation vs reality learning from surprises
R2_B_seed0,R2,0832,0800,18,18,15,0.0,0.0,,1.0,0.0,0.8666666666666667,0.3333333333333333,0.5333333333333333,1.0,0.0,0.0,0.0,0.0,0.0015360983102918587,0.0015360983102918587,,,no-content=8; practice-only=5; no-result-number=2,initial expectation vs reality learning from surprises
R2_B_seed0,R2,0864,0832,17,14,16,0.0,0.0,0.75,0.75,0.0,0.8125,0.0625,0.5625,0.875,0.0,0.0,0.0,0.0,0.0015174506828528073,0.0015174506828528073,,,no-content=9; no-pass-run-here=4; no-result-number=2; practice-only=1,initial expectation vs reality learning from surprises
R2_B_seed0,R2,0896,0864,13,12,2,0.0,0.0,,1.0,0.0,0.5,0.5,0.5,0.5,0.0,0.0,0.0,0.0,0.0015151515151515152,0.0015151515151515152,,,no-content=1; practice-only=1,initial expectation vs reality learning from surprises
R2_B_seed0,R2,0928,0896,23,22,9,0.0,0.0,0.0,0.8888888888888888,0.0,0.4444444444444444,0.3333333333333333,0.3333333333333333,0.4444444444444444,0.0,0.0,0.0,0.0,0.0015048908954100827,0.0015048908954100827,,,no-content=4; practice-only=3; no-result-number=1; no-pass-run-here=1,initial expectation vs reality learning from surprises
R2_B_seed0,R2,0960,0928,14,14,8,0.0,0.0,,1.0,0.0,0.5,0.25,0.5,0.5,0.0,0.0,0.0,0.0,0.0014958863126402393,0.0014958863126402393,,,no-content=5; practice-only=2; no-result-number=1,initial expectation vs reality learning from surprises
R2_B_seed0,R2,0992,0960,24,23,5,0.0,0.0,,1.0,0.0,1.0,0.0,1.0,1.0,0.0,0.0,0.0,0.0,0.0014903129657228018,0.0014903129657228018,,,no-content=5,initial expectation vs reality learning from surprises
R2_B_seed0,R2,1024,0992,13,13,1,0.0,0.0,,1.0,0.0,0.0,0.0,1.0,0.0,0.0,0.0,0.0,0.0,0.0014892032762472078,0.0014892032762472078,845,0.002366863905325444,no-result-number=1,initial expectation vs reality learning from surprises open surprises initial expectation vs reality learning from surprises theory initial passes <PASS> <PASS>
R2_B_seed1,R2,0032,,120,37,17,0.0,0.0,,1.0,0.0,0.0,0.0,0.058823529411764705,0.0,0.0,0.0,0.0,0.0,0.0,0.0,,,no-content=14; no-result-number=3,initial passes chosen
R2_B_seed1,R2,0064,0032,106,34,37,0.0,0.0,0.0,0.9189189189189189,0.0,0.0,0.13513513513513514,0.02702702702702703,0.0,0.0,0.0,0.0,0.0,0.0,0.0,,,no-result-number=16; no-content=11; practice-only=5; result-numbers-unmatched=2; prediction-only=2,initial passes <PASS> <PASS> <PASS> <PASS> these are known to be effective and will provide a solid baseline reduction
R2_B_seed1,R2,0096,0064,53,16,32,0.0,0.0,,1.0,0.0,0.25,0.1875,0.0625,0.3125,0.0,0.0,0.0,0.0,0.0,0.0,,,no-content=17; no-result-number=9; practice-only=6,initial passes to apply based on past success will measure outcome and form new expectations accordingly
R2_B_seed1,R2,0128,0096,14,2,3,0.0,0.0,,1.0,0.0,0.0,0.0,0.3333333333333333,0.3333333333333333,0.0,0.0,0.0,0.0,0.0,0.0,,,no-result-number=3,initial passes are <PASS> <PASS> <PASS> <PASS> these have shown consistent improvements across benchmarks will apply and observe outcome
R2_B_seed1,R2,0160,0128,74,31,55,0.0,0.0,0.0,0.9636363636363636,0.0,0.14545454545454545,0.34545454545454546,0.03636363636363636,0.16363636363636364,0.0,0.0,0.0,0.0,0.0,0.0,,,practice-only=19; no-content=18; no-result-number=17; prediction-only=1,initial expectation is high despite unknowns core passes are proven effective will apply <PASS> <PASS> <PASS> <PASS> <PASS> and observe outcome
R2_B_seed1,R2,0192,0160,100,34,68,0.0,0.0,0.0,0.9558823529411765,0.0,0.029411764705882353,0.6176470588235294,0.029411764705882353,0.029411764705882353,0.0,0.0,0.0,0.0,0.0,0.0,,,practice-only=42; no-result-number=13; no-content=12; no-pass-run-here=1,initial passes to apply <PASS> <PASS> <PASS> <PASS> formed expectation and will observe outcome this is a new program so i should be cautious and
R2_B_seed1,R2,0224,0192,46,37,73,0.0,0.0,0.1111111111111111,0.8767123287671232,0.0,0.2602739726027397,0.6027397260273972,0.1095890410958904,0.273972602739726,0.0,0.0,0.0,0.0,0.0,0.0,,,practice-only=44; no-result-number=12; no-content=12; no-pass-run-here=3; result-numbers-unmatched=2,formed expectation will apply <PASS> <PASS> <PASS> <PASS> <PASS> and observe outcome reality will teach me
R2_B_seed1,R2,0256,0224,39,35,70,0.0,0.0,0.0,0.7571428571428571,0.0,0.17142857142857143,0.6142857142857143,0.04285714285714286,0.22857142857142856,0.0,0.0,0.0,0.0,0.0,0.0,,,practice-only=43; no-content=11; no-result-number=6; no-pass-run-here=6; result-numbers-unmatched=3,formed expectation will apply core passes and observe outcome reality will teach me
R2_B_seed1,R2,0288,0256,39,38,73,0.0,0.0,0.0,0.7671232876712328,0.0,0.3424657534246575,0.6438356164383562,0.0821917808219178,0.3424657534246575,0.0,0.0,0.0,0.0,0.0,0.0,,,practice-only=47; no-content=14; no-pass-run-here=9; no-result-number=3,formed expectation will apply core passes and observe outcome reality will teach me
R2_B_seed1,R2,0320,0288,30,27,53,0.0,0.0,0.0,0.5849056603773585,0.0,0.3018867924528302,0.5849056603773585,0.11320754716981132,0.41509433962264153,0.0,0.0,0.0,0.0,0.0,0.0,,,practice-only=31; no-pass-run-here=10; no-content=9; result-numbers-unmatched=2; prediction-only=1,formed expectation will apply core passes and observe outcome reality will teach me
R2_B_seed1,R2,0352,0320,37,36,72,0.0,0.0,0.021739130434782608,0.36111111111111116,0.0,0.3611111111111111,0.5,0.125,0.4166666666666667,0.0,0.0,0.0,0.0,0.0,0.0,,,practice-only=36; no-pass-run-here=26; no-content=10,initial expectation high reduction <NUM> <NUM> based on past success will compare reality to this prediction
R2_B_seed1,R2,0384,0352,33,31,63,0.0,0.0,0.0,0.5396825396825398,0.0,0.38095238095238093,0.5873015873015873,0.14285714285714285,0.49206349206349204,0.0,0.0,0.0,0.0,0.0,0.0,,,practice-only=37; no-pass-run-here=17; no-content=9,initial expectation high reduction <NUM> <NUM> based on past success will compare reality to this prediction
R2_B_seed1,R2,0416,0384,33,32,65,0.0,0.0,0.022727272727272728,0.32307692307692304,0.0,0.46153846153846156,0.23076923076923078,0.3076923076923077,0.5230769230769231,0.0,0.0,0.0,0.0,0.0,0.0,,,no-pass-run-here=35; practice-only=15; no-content=15,initial expectation high reduction <NUM> <NUM> based on past success will compare reality to this prediction
R2_B_seed1,R2,0448,0416,29,28,57,0.0,0.0,0.0,0.368421052631579,0.0,0.42105263157894735,0.24561403508771928,0.12280701754385964,0.6491228070175439,0.0,0.0,0.0,0.0,0.0,0.0,,,no-pass-run-here=28; practice-only=14; no-content=14; prediction-only=1,initial expectation high reduction <NUM> <NUM> based on past success will compare reality to this prediction formed belief core
R2_B_seed1,R2,0480,0448,30,30,56,0.0,0.0,0.023255813953488372,0.2321428571428571,0.0,0.375,0.17857142857142858,0.16071428571428573,0.5178571428571429,0.0,0.0,0.0,0.0,0.0,0.0,,,no-pass-run-here=36; practice-only=10; no-content=10,initial expectation high reduction <NUM> <NUM> based on past success will compare reality to this prediction
R2_B_seed1,R2,0512,0480,23,22,44,0.0,0.0,0.03125,0.2727272727272727,0.0,0.36363636363636365,0.045454545454545456,0.13636363636363635,0.7045454545454546,0.0,0.0,0.0,0.0,0.0,0.0,,,no-pass-run-here=29; no-content=11; practice-only=2; result-numbers-unmatched=1; prediction-only=1,initial expectation high reduction <NUM> <NUM> based on past success will compare reality to this prediction formed belief core passes
R2_B_seed1,R2,0544,0512,41,36,70,0.0,0.0,0.03389830508474576,0.15714285714285714,0.0,0.3,0.2571428571428571,0.07142857142857142,0.5285714285714286,0.0,0.0,0.0,0.0,0.0,0.0,,,no-pass-run-here=35; practice-only=18; no-content=9; result-numbers-unmatched=8,initial expectation high reduction <NUM> based on past success will compare reality to this prediction formed belief core passes are highly effective across pro
R2_B_seed1,R2,0576,0544,34,32,64,0.0,0.015625,0.016666666666666666,0.0625,0.0,0.296875,0.484375,0.0625,0.5,0.0,0.0,0.0,0.0,0.0,0.0,,,practice-only=31; no-pass-run-here=25; result-numbers-unmatched=4; no-content=3; N-mismatch=1,initial expectation high reduction <NUM> based on past success will compare reality to this prediction formed belief core passes are h
R2_B_seed1,R2,0608,0576,34,32,64,0.0,0.0,0.06896551724137931,0.09375,0.0,0.265625,0.578125,0.078125,0.46875,0.0,0.0,0.0,0.0,0.0,0.0,,,practice-only=37; no-pass-run-here=20; no-content=4; result-numbers-unmatched=2; no-result-number=1,initial expectation high reduction <NUM> <NUM> from core passes will compare reality to this prediction reality will surprise me and i will learn from it
R2_B_seed1,R2,0640,0608,33,32,65,0.0,0.015384615384615385,0.0,0.03076923076923077,0.0,0.27692307692307694,0.7384615384615385,0.15384615384615385,0.38461538461538464,0.0,0.0,0.0,0.0,0.0,0.0,,,practice-only=48; no-pass-run-here=13; result-numbers-unmatched=2; N-mismatch=1; no-content=1,initial expectation high reduction <NUM> <NUM> from core passes will compare reality to this prediction reality will surprise me and i will learn from it
R2_B_seed1,R2,0672,0640,34,33,67,0.0,0.014925373134328358,0.030303030303030304,0.014925373134328401,0.0,0.29850746268656714,0.8955223880597015,0.1044776119402985,0.5074626865671642,0.0,0.0,0.0,0.0,0.0,0.0,,,practice-only=60; no-pass-run-here=5; no-content=1; N-mismatch=1,initial expectation high reduction <NUM> <NUM> from core passes reality will surprise me and i will learn from it form a plan stick to it and be open to adaptat
R2_B_seed1,R2,0704,0672,37,35,69,0.0,0.014492753623188406,0.014705882352941176,0.01449275362318836,0.0,0.4057971014492754,0.9130434782608695,0.11594202898550725,0.5217391304347826,0.0,0.0,0.0,0.0,0.0,0.0,,,practice-only=63; no-pass-run-here=4; N-mismatch=1; no-content=1,initial expectation high reduction <NUM> <NUM> from core passes reality will surprise me and i will learn from it form a plan stick to it and be open to adaptat
R2_B_seed1,R2,0736,0704,35,30,61,0.0,0.0,0.0,0.0,0.0,0.5573770491803278,0.9180327868852459,0.2786885245901639,0.6885245901639344,0.0,0.0,0.0,0.0,0.0,0.0,,,practice-only=56; no-pass-run-here=5,initial expectation high reduction <NUM> <NUM> from core passes reality will surprise me and i will learn from it form a plan stick to it and be open to adaptat
R2_B_seed1,R2,0768,0736,31,29,58,0.0,0.0,0.017241379310344827,0.0,0.0,0.5862068965517241,0.8793103448275862,0.25862068965517243,0.6551724137931034,0.0,0.0,0.0,0.0,0.0,0.0,,,practice-only=51; no-pass-run-here=7,initial expectation high reduction <NUM> <NUM> from core passes reality will surprise me and i will learn from it form a plan stick to it and be open to adaptat
R2_B_seed1,R2,0800,0768,27,26,52,0.0,0.0,0.0,0.0,0.0,0.6923076923076923,0.9615384615384616,0.36538461538461536,0.8076923076923077,0.0,0.0,0.0,0.0,0.0,0.0,,,practice-only=50; no-pass-run-here=2,initial expectation high reduction <NUM> <NUM> from core passes form plan stick to it and learn from reality reality will surprise me and i will learn from it
R2_B_seed1,R2,0832,0800,29,28,56,0.0,0.017857142857142856,0.0,0.0357142857142857,0.0,0.6607142857142857,0.9285714285714286,0.35714285714285715,0.75,0.0,0.0,0.0,0.0,0.0,0.0,,,practice-only=52; no-pass-run-here=2; N-mismatch=1; result-numbers-unmatched=1,initial expectation high reduction <NUM> <NUM> from core passes form plan stick to it and learn from reality reality will surprise me and i will learn from it
R2_B_seed1,R2,0864,0832,32,30,60,0.0,0.016666666666666666,0.0,0.09999999999999998,0.0,0.48333333333333334,0.9666666666666667,0.26666666666666666,0.6333333333333333,0.0,0.0,0.0,0.0,0.0,0.0,,,practice-only=58; no-pass-run-here=1; N-mismatch=1,initial expectation high reduction <NUM> <NUM> from core passes form plan stick to it and learn from reality reality will surprise me and i will learn from it
R2_B_seed1,R2,0896,0864,19,18,36,0.0,0.027777777777777776,0.0,0.3055555555555556,0.0,0.3333333333333333,0.9444444444444444,0.19444444444444445,0.4444444444444444,0.0,0.0,0.0,0.0,0.0,0.0,,,practice-only=34; N-mismatch=1; result-numbers-unmatched=1,initial expectation high reduction <NUM> <NUM> from core passes form plan stick to it and learn from reality reality will surprise me and i will learn from it
R2_B_seed1,R2,0928,0896,24,24,48,0.0,0.020833333333333332,0.0,0.27083333333333337,0.0,0.2708333333333333,0.8958333333333334,0.0625,0.5416666666666666,0.0,0.0,0.0,0.0,0.0,0.0,,,practice-only=43; no-result-number=2; no-content=1; no-pass-run-here=1; N-mismatch=1,initial expectation core passes are highly effective accross programs will stick to them and observe outcome form a plan stick to core strategies and learn from
R2_B_seed1,R2,0960,0928,26,26,52,0.0,0.0,0.0,0.4807692307692307,0.0,0.34615384615384615,0.9230769230769231,0.07692307692307693,0.4230769230769231,0.0,0.0,0.0,0.0,0.0,0.0,,,practice-only=48; no-result-number=2; no-content=1; result-numbers-unmatched=1,initial expectation high reduction <NUM> <NUM> <NUM> <NUM> from core passes reality will surprise me and i will learn from it form a plan
R2_B_seed1,R2,0992,0960,21,21,42,0.0,0.0,0.0,0.6190476190476191,0.0,0.21428571428571427,0.8809523809523809,0.09523809523809523,0.42857142857142855,0.0,0.0,0.0,0.0,0.0,0.0,,,practice-only=37; no-result-number=3; no-content=2,initial expectation core passes are highly effective accross programs form plan stick to core and learn from reality write down what i learn reality will surpri
R2_B_seed1,R2,1024,0992,27,26,52,0.0,0.0,0.0,0.6923076923076923,0.0,0.34615384615384615,0.9423076923076923,0.1346153846153846,0.5384615384615384,0.0,0.0,0.0,0.0,0.0,0.0,928,0.0,practice-only=49; no-result-number=2; no-pass-run-here=1,initial programs <PASS> <PASS> <PASS> <PASS> <PASS> form expectation stick to core passes and learn from reality write down what i learn
R2_B_seed5,R2,0032,,113,35,24,0.0,0.041666666666666664,0.0,0.8333333333333334,0.0,0.0,0.0,0.041666666666666664,0.0,0.0,0.0,0.0,0.0,0.0,0.0,,,no-content=16; no-result-number=4; no-pass-run-here=2; not-adjacent=1; N-mismatch=1,let s see if bringing local variables into registers and strengthening the ssa form helps reduce the instruction count if not we might need to try different pas
R2_B_seed5,R2,0064,0032,104,34,35,0.0,0.0,1.0,0.9714285714285714,0.0,0.14285714285714285,0.14285714285714285,0.11428571428571428,0.14285714285714285,0.0,0.0,0.0,0.0,0.0,0.0,,,no-result-number=20; no-content=8; practice-only=5; no-pass-run-here=1; prediction-only=1,initial passes <PASS> <PASS> <PASS> <PASS>
R2_B_seed5,R2,0096,0064,40,13,28,0.0,0.03571428571428571,0.5,0.9285714285714286,0.0,0.2857142857142857,0.03571428571428571,0.07142857142857142,0.2857142857142857,0.03571428571428571,0.03571428571428571,0.0,0.0,0.011494252873563218,0.011494252873563218,,,no-result-number=15; no-content=8; prediction-only=2; no-pass-run-here=1; practice-only=1,initial passes <PASS> <PASS> <PASS> <PASS> expect a significant reduction in instruction count
R2_B_seed5,R2,0128,0096,21,6,12,0.0,0.08333333333333333,1.0,0.9166666666666666,0.0,0.08333333333333333,0.25,0.08333333333333333,0.08333333333333333,0.08333333333333333,0.08333333333333333,0.0,0.0,0.020202020202020204,0.020202020202020204,,,no-result-number=5; no-content=3; practice-only=3,building on the success of the initial passes i expect these to provide additional reductions in the instruction count the combination of these passes has shown
R2_B_seed5,R2,0160,0128,33,28,58,0.0,0.017241379310344827,0.5,0.9655172413793104,0.0,0.3620689655172414,0.25862068965517243,0.08620689655172414,0.46551724137931033,0.017241379310344827,0.017241379310344827,0.0,0.0,0.01910828025477707,0.01910828025477707,,,no-result-number=32; practice-only=15; prediction-only=7; no-content=2; no-pass-run-here=1,initial passes <PASS> <PASS> <PASS> <PASS> will observe the outcome and form a new expectation based on the result
R2_B_seed5,R2,0192,0160,40,35,71,0.0,0.0,0.0,0.9859154929577465,0.0,0.38028169014084506,0.2112676056338028,0.09859154929577464,0.4225352112676056,0.0,0.0,0.0,0.0,0.013157894736842105,0.013157894736842105,,,no-result-number=44; practice-only=15; prediction-only=10; no-content=1; result-numbers-unmatched=1,initial passes <PASS> <PASS> <PASS> <PASS> will observe the outcome and form a new prediction based on the result
R2_B_seed5,R2,0224,0192,37,35,71,0.0,0.0,,1.0,0.0,0.4647887323943662,0.16901408450704225,0.16901408450704225,0.5492957746478874,0.0,0.0,0.0,0.0,0.010033444816053512,0.010033444816053512,,,no-result-number=50; practice-only=12; prediction-only=9,initial passes <PASS> <PASS> <PASS> <PASS> will observe the outcome and form a new expectation based on the result
R2_B_seed5,R2,0256,0224,40,33,67,0.0,0.0,,1.0,0.0,0.6716417910447762,0.07462686567164178,0.1791044776119403,0.7014925373134329,0.0,0.0,0.0,0.0,0.00819672131147541,0.00819672131147541,,,no-result-number=55; prediction-only=6; practice-only=5; no-content=1,initial passes <PASS> <PASS> <PASS> <PASS> will observe the outcome and form a new expectation based on the result
R2_B_seed5,R2,0288,0256,38,31,62,0.0,0.0,,1.0,0.0,0.45161290322580644,0.03225806451612903,0.14516129032258066,0.5,0.0,0.0,0.0,0.0,0.007009345794392523,0.007009345794392523,,,no-result-number=53; prediction-only=7; practice-only=2,initial passes <PASS> <PASS> <PASS> <PASS> will observe outcome and form a new expectation based on the score open to adjusting based on the result
R2_B_seed5,R2,0320,0288,49,37,75,0.0,0.0,1.0,0.9866666666666667,0.02666666666666667,0.5733333333333334,0.0,0.17333333333333334,0.6666666666666666,0.0,0.0,0.0,0.0,0.005964214711729622,0.005964214711729622,,,no-result-number=64; prediction-only=10; not-adjacent=1,initial passes <PASS> <PASS> <PASS> <PASS> will observe the outcome and form a new expectation based on the score
R2_B_seed5,R2,0352,0320,46,34,69,0.0,0.0,0.0,0.9710144927536232,0.014492753623188406,0.2753623188405797,0.043478260869565216,0.10144927536231885,0.34782608695652173,0.0,0.0,0.0,0.0,0.005244755244755245,0.005244755244755245,,,no-result-number=48; prediction-only=14; practice-only=3; result-numbers-unmatched=2; no-content=2,initial passes <PASS> <PASS> <PASS> <PASS> will observe outcome and form a new expectation based on the score open to learning what i didn t predict
R2_B_seed5,R2,0384,0352,46,37,75,0.0,0.013333333333333334,0.125,0.8933333333333333,0.02666666666666667,0.4,0.0,0.10666666666666667,0.48,0.013333333333333334,0.013333333333333334,0.0,0.0,0.0061823802163833074,0.0061823802163833074,,,no-result-number=46; prediction-only=21; result-numbers-unmatched=7,initial passes <PASS> <PASS> <PASS> <PASS> will observe outcome and form a new expectation based on the score open to learning what i didn t predict
R2_B_seed5,R2,0416,0384,33,32,64,0.0,0.015625,0.25,0.9375,0.0,0.203125,0.0625,0.046875,0.25,0.015625,0.015625,0.0,0.0,0.007032348804500703,0.007032348804500703,,,prediction-only=33; no-result-number=23; practice-only=4; result-numbers-unmatched=3,initial passes <PASS> <PASS> <PASS> <PASS> form expectation <NUM>-<NUM> reduction will observe outcome and adjust based on score
R2_B_seed5,R2,0448,0416,33,32,63,0.0,0.015873015873015872,0.034482758620689655,0.5396825396825398,0.0,0.15873015873015872,0.0,0.1111111111111111,0.30158730158730157,0.015873015873015872,0.015873015873015872,0.0,0.0,0.007751937984496124,0.007751937984496124,,,result-numbers-unmatched=28; no-result-number=21; prediction-only=13,initial passes <PASS> <PASS> <PASS> <PASS> will observe outcome and form a new expectation based on the score open to learning what i didn t predict
R2_B_seed5,R2,0480,0448,36,35,68,0.0,0.029411764705882353,0.029411764705882353,0.5,0.0,0.17647058823529413,0.029411764705882353,0.058823529411764705,0.29411764705882354,0.014705882352941176,0.014705882352941176,0.0,0.0,0.00831353919239905,0.00831353919239905,,,result-numbers-unmatched=31; prediction-only=24; no-result-number=7; practice-only=2; no-pass-run-here=1,initial passes <PASS> <PASS> <PASS> <PASS> consistent <NUM> <NUM> <NUM> <NUM> reduction will form a hypothesis and test on new program expect similar or better 
R2_B_seed5,R2,0512,0480,35,35,69,0.0,0.014492753623188406,0.0,0.28985507246376807,0.0,0.2318840579710145,0.057971014492753624,0.07246376811594203,0.37681159420289856,0.0,0.0,0.0,0.0,0.007683863885839737,0.007683863885839737,,,result-numbers-unmatched=47; prediction-only=11; practice-only=4; no-result-number=4; no-content=2,initial passes <PASS> <PASS> <PASS> <PASS> consistent <NUM> <NUM> <NUM> <NUM> reduction will form a hypothesis and test on new programs expect similar or better
R2_B_seed5,R2,0544,0512,31,31,56,0.0,0.05357142857142857,0.0,0.25,0.0,0.3392857142857143,0.08928571428571429,0.08928571428571429,0.5357142857142857,0.0,0.0,0.0,0.0,0.007238883143743537,0.007238883143743537,,,result-numbers-unmatched=37; practice-only=5; no-result-number=5; no-content=4; N-mismatch=3,initial passes <PASS> <PASS> <PASS> <PASS> consistent <NUM> <NUM> <NUM> <NUM> reduction will form a hypothesis and test on new program expect similar or better 
R2_B_seed5,R2,0576,0544,30,30,57,0.0,0.017543859649122806,0.021739130434782608,0.19298245614035092,0.0,0.3508771929824561,0.12280701754385964,0.07017543859649122,0.5087719298245614,0.017543859649122806,0.017543859649122806,0.0,0.0,0.0078125,0.0078125,,,result-numbers-unmatched=42; practice-only=7; no-content=4; prediction-only=2; no-result-number=1,initial passes <PASS> <PASS> <PASS> <PASS> consistent <NUM> <NUM> <NUM> <NUM> reduction will form a hypothesis and test on new programs expect similar or better
R2_B_seed5,R2,0608,0576,26,24,45,0.0,0.15555555555555556,0.030303030303030304,0.2666666666666667,0.0,0.4,0.24444444444444444,0.08888888888888889,0.4666666666666667,0.022222222222222223,0.022222222222222223,0.0,0.0,0.00841908325537886,0.00841908325537886,,,result-numbers-unmatched=21; practice-only=11; N-mismatch=6; no-content=3; no-result-number=2,initial passes <PASS> <PASS> <PASS> <PASS> consistent <NUM> <NUM> <NUM> <NUM> reduction will test on new program and form a hypothesis based on the outcome expe
R2_B_seed5,R2,0640,0608,24,23,43,0.0,0.046511627906976744,0.1,0.7674418604651163,0.0,0.20930232558139536,0.20930232558139536,0.046511627906976744,0.3023255813953488,0.023255813953488372,0.023255813953488372,0.0,0.0,0.008992805755395683,0.008992805755395683,,,prediction-only=12; no-content=11; practice-only=9; result-numbers-unmatched=8; N-mismatch=1,form initial expectation act observe and learn new program predict <NUM> <NUM> reduction in instruction count test and note outcome
R2_B_seed5,R2,0672,0640,21,20,39,0.0,0.02564102564102564,0.0,0.5897435897435898,0.0,0.1794871794871795,0.28205128205128205,0.05128205128205128,0.23076923076923078,0.0,0.0,0.0,0.0,0.008688097306689836,0.008688097306689836,,,no-content=15; result-numbers-unmatched=11; practice-only=11; no-result-number=1; N-mismatch=1,form initial expectation test on new program and note the outcome key passes <PASS> <PASS> <PASS> <PASS> consistent <NUM> <NUM> <NUM> <NUM> reduction will apply
R2_B_seed5,R2,0704,0672,27,26,51,0.0,0.0,0.0,0.9803921568627451,0.0,0.29411764705882354,0.21568627450980393,0.0784313725490196,0.3137254901960784,0.0,0.0,0.0,0.0,0.008319467554076539,0.008319467554076539,,,no-content=31; practice-only=11; prediction-only=8; result-numbers-unmatched=1,form initial expectation test on new program and note the outcome predict based on past experience and act accordingly
R2_B_seed5,R2,0736,0704,20,20,39,0.0,0.0,0.0,0.9230769230769231,0.0,0.5128205128205128,0.02564102564102564,0.3333333333333333,0.5128205128205128,0.0,0.0,0.0,0.0,0.008058017727639,0.008058017727639,,,no-content=35; result-numbers-unmatched=3; practice-only=1,form initial expectation test on new program note outcome and adjust based on score
R2_B_seed5,R2,0768,0736,17,15,31,0.0,0.0,,1.0,0.0,0.16129032258064516,0.0967741935483871,0.06451612903225806,0.25806451612903225,0.0,0.0,0.0,0.0,0.007861635220125786,0.007861635220125786,,,no-content=26; practice-only=3; no-result-number=2,form initial expectation test on new program and note the outcome
R2_B_seed5,R2,0800,0768,26,25,55,0.0,0.0,0.0,0.9818181818181818,0.0,0.5636363636363636,0.01818181818181818,0.2727272727272727,0.5818181818181818,0.0,0.0,0.0,0.0,0.007535795026375283,0.007535795026375283,,,no-content=51; practice-only=1; result-numbers-unmatched=1; no-result-number=1; prediction-only=1,form initial expectation test on new program note outcome and adjust based on score
R2_B_seed5,R2,0832,0800,20,19,45,0.0,0.0,,1.0,0.0,0.35555555555555557,0.0,0.08888888888888889,0.4,0.0,0.0,0.0,0.0,0.007288629737609329,0.007288629737609329,,,no-content=44; no-result-number=1,form initial prediction test on new program note outcome and adjust based on score
R2_B_seed5,R2,0864,0832,30,30,70,0.0,0.0,,1.0,0.0,0.4857142857142857,0.0,0.24285714285714285,0.5,0.0,0.0,0.0,0.0,0.006934812760055479,0.006934812760055479,,,no-content=70,form initial expectation test on new program note outcome and adjust based on score
R2_B_seed5,R2,0896,0864,32,32,77,0.0,0.0,,1.0,0.0,0.3246753246753247,0.025974025974025976,0.06493506493506493,0.36363636363636365,0.0,0.0,0.0,0.0,0.0065832784726793945,0.0065832784726793945,,,no-content=73; practice-only=2; prediction-only=1; no-result-number=1,form initial expectation test on new program note outcome and adjust based on score
R2_B_seed5,R2,0928,0896,31,31,71,0.0,0.0,,1.0,0.0,0.3380281690140845,0.014084507042253521,0.08450704225352113,0.4084507042253521,0.0,0.0,0.0,0.0,0.006289308176100629,0.006289308176100629,,,no-content=68; prediction-only=2; practice-only=1,form initial expectation test on new program note outcome and adjust based on score
R2_B_seed5,R2,0960,0928,32,32,44,0.0,0.0,0.0,0.9772727272727273,0.0,0.20454545454545456,0.06818181818181818,0.045454545454545456,0.25,0.0,0.0,0.0,0.0,0.006119951040391677,0.006119951040391677,,,no-content=39; practice-only=3; no-result-number=1; prediction-only=1,form initial expectation act observe and note outcome new program predict <NUM> reduction in instruction count
R2_B_seed5,R2,0992,0960,32,32,64,0.0,0.0,,1.0,0.0,0.453125,0.03125,0.109375,0.546875,0.0,0.0,0.0,0.0,0.005889281507656066,0.005889281507656066,,,no-content=58; prediction-only=3; practice-only=2; no-result-number=1,form initial passes test on new program predict outcome and write notes predict <NUM> <NUM> score improvement
R2_B_seed5,R2,1024,0992,36,33,28,0.0,0.0,,1.0,0.0,0.25,0.0,0.07142857142857142,0.32142857142857145,0.0,0.0,0.0,0.0,0.005793742757821553,0.005793742757821553,915,0.01092896174863388,no-content=25; no-result-number=3,form initial expectation test on new program note outcome new program predict <NUM> <NUM>
R2_B_seed6,R2,0032,,118,37,22,0.0,0.0,0.6666666666666666,0.8636363636363636,0.0,0.0,0.0,0.045454545454545456,0.0,0.0,0.0,0.0,0.0,0.0,0.0,,,no-content=14; no-result-number=5; no-pass-run-here=2; not-adjacent=1,initial passes to reduce register pressure and improve scheduling let s see how these affect the ir instruction count
R2_B_seed6,R2,0064,0032,119,34,38,0.0,0.02631578947368421,0.5,0.9473684210526316,0.0,0.0,0.10526315789473684,0.02631578947368421,0.0,0.0,0.0,0.0,0.0,0.0,0.0,,,no-result-number=18; no-content=14; practice-only=4; not-adjacent=1; N-mismatch=1,initial expectation based on past experience these passes are known to provide significant reductions in instruction count
R2_B_seed6,R2,0096,0064,45,11,22,0.0,0.045454545454545456,1.0,0.6818181818181819,0.0,0.045454545454545456,0.3181818181818182,0.09090909090909091,0.045454545454545456,0.045454545454545456,0.045454545454545456,0.0,0.0,0.012195121951219513,0.012195121951219513,,,no-content=7; practice-only=7; no-pass-run-here=3; no-result-number=3; not-adjacent=1,initial passes expected to provide significant reduction will validate this hypothesis
R2_B_seed6,R2,0128,0096,28,9,19,0.0,0.05263157894736842,0.6,0.736842105263158,0.0,0.10526315789473684,0.15789473684210525,0.10526315789473684,0.10526315789473684,0.0,0.0,0.0,0.0,0.009900990099009901,0.009900990099009901,,,no-content=9; practice-only=3; no-result-number=3; no-pass-run-here=2; not-adjacent=1,initial passes are core optimizations expect high reduction will compare with past experience to validate prediction
R2_B_seed6,R2,0160,0128,34,28,66,0.0,0.0,1.0,0.9848484848484849,0.0,0.22727272727272727,0.5,0.045454545454545456,0.2727272727272727,0.0,0.0,0.0,0.0,0.005988023952095809,0.005988023952095809,,,practice-only=33; no-content=22; no-result-number=10; prediction-only=1,initial expectation is high based on past experience will observe outcome and adjust strategy accordingly
R2_B_seed6,R2,0192,0160,63,32,71,0.0,0.0,1.0,0.9859154929577465,0.0,0.2112676056338028,0.5211267605633803,0.08450704225352113,0.23943661971830985,0.0,0.0,0.0,0.0,0.004201680672268907,0.004201680672268907,,,practice-only=37; no-content=22; no-result-number=12,initial expectation is high based on past experience will observe outcome and adjust strategy accordingly
R2_B_seed6,R2,0224,0192,37,32,82,0.0,0.0,,1.0,0.0,0.25609756097560976,0.2804878048780488,0.04878048780487805,0.3902439024390244,0.0,0.0,0.0,0.0,0.003125,0.003125,,,no-content=50; practice-only=23; no-result-number=9,initial expectation high based on past experience will observe outcome to validate
R2_B_seed6,R2,0256,0224,32,32,70,0.0,0.0,,1.0,0.0,0.44285714285714284,0.37142857142857144,0.1,0.5428571428571428,0.0,0.0,0.0,0.0,0.002564102564102564,0.002564102564102564,,,no-content=35; practice-only=26; no-result-number=9,initial expectation is high based on past experience will observe outcome and adjust strategy accordingly
R2_B_seed6,R2,0288,0256,41,32,77,0.0,0.0,,1.0,0.0,0.4675324675324675,0.33766233766233766,0.11688311688311688,0.5324675324675324,0.0,0.0,0.0,0.0,0.0021413276231263384,0.0021413276231263384,,,no-content=47; practice-only=26; no-result-number=4,initial expectation is high based on past experience will observe outcome and adjust strategy accordingly
R2_B_seed6,R2,0320,0288,33,31,65,0.0,0.0,,1.0,0.0,0.4461538461538462,0.26153846153846155,0.09230769230769231,0.5230769230769231,0.0,0.0,0.0,0.0,0.0018796992481203006,0.0018796992481203006,,,no-content=46; practice-only=17; no-result-number=2,initial expectation is high based on past experience will observe outcome to validate
R2_B_seed6,R2,0352,0320,32,31,64,0.0,0.0,,1.0,0.0,0.578125,0.625,0.125,0.578125,0.0,0.0,0.0,0.0,0.0016778523489932886,0.0016778523489932886,,,practice-only=40; no-content=22; no-result-number=2,forming expectations is crucial will do this consistently
R2_B_seed6,R2,0384,0352,29,29,58,0.0,0.0,,1.0,0.0,0.5172413793103449,0.7068965517241379,0.1206896551724138,0.5344827586206896,0.0,0.0,0.0,0.0,0.0015290519877675841,0.0015290519877675841,,,practice-only=41; no-content=17,form expectations before acting write down what i learn
R2_B_seed6,R2,0416,0384,31,28,58,0.0,0.0,,1.0,0.0,0.5517241379310345,0.8620689655172413,0.1206896551724138,0.5517241379310345,0.0,0.0,0.0,0.0,0.0014044943820224719,0.0014044943820224719,,,practice-only=50; no-content=8,forming expectations is crucial will do this consistently
R2_B_seed6,R2,0448,0416,17,17,34,0.0,0.0,,1.0,0.0,0.7352941176470589,0.9411764705882353,0.3235294117647059,0.7352941176470589,0.0,0.0,0.0,0.0,0.0013404825737265416,0.0013404825737265416,,,practice-only=32; no-content=2,form expectations before acting write down what i learn to understand what works
R2_B_seed6,R2,0480,0448,22,21,42,0.0,0.0,,1.0,0.0,0.7380952380952381,1.0,0.42857142857142855,0.7380952380952381,0.0,0.0,0.0,0.0,0.0012690355329949238,0.0012690355329949238,,,practice-only=42,form expectations before acting write down what i learn to understand what works
R2_B_seed6,R2,0512,0480,18,18,36,0.0,0.0,,1.0,0.0,0.9722222222222222,1.0,0.6111111111111112,0.9722222222222222,0.0,0.0,0.0,0.0,0.0012135922330097086,0.0012135922330097086,,,practice-only=36,form expectations before acting write down what i learn to understand what works
R2_B_seed6,R2,0544,0512,16,16,32,0.0,0.0,,1.0,0.0,0.90625,1.0,0.5,0.90625,0.0,0.0,0.0,0.0,0.0011682242990654205,0.0011682242990654205,,,practice-only=32,form expectations before acting write down what i learn to understand the outcome
R2_B_seed6,R2,0576,0544,23,23,46,0.0,0.0,,1.0,0.0,0.9130434782608695,1.0,0.6304347826086957,0.9130434782608695,0.0,0.0,0.0,0.0,0.0011086474501108647,0.0011086474501108647,,,practice-only=46,form expectations before acting write down what i learn to understand what works
R2_B_seed6,R2,0608,0576,16,16,32,0.0,0.0,,1.0,0.0,0.84375,1.0,0.40625,0.84375,0.0,0.0,0.0,0.0,0.0010706638115631692,0.0010706638115631692,,,practice-only=32,form expectations before acting write down what i learn to understand the outcome
R2_B_seed6,R2,0640,0608,16,15,30,0.0,0.0,,1.0,0.0,0.9,1.0,0.36666666666666664,0.9,0.0,0.0,0.0,0.0,0.001037344398340249,0.001037344398340249,,,practice-only=30,form expectations before acting write down what i learn to understand what works
R2_B_seed6,R2,0672,0640,15,15,30,0.0,0.0,,1.0,0.0,0.9666666666666667,1.0,0.6,0.9666666666666667,0.0,0.0,0.0,0.0,0.001006036217303823,0.001006036217303823,,,practice-only=30,form expectations before acting write down what i learn to understand what works
R2_B_seed6,R2,0704,0672,16,16,32,0.0,0.0,,1.0,0.0,0.90625,1.0,0.46875,0.90625,0.0,0.0,0.0,0.0,0.0009746588693957114,0.0009746588693957114,,,practice-only=32,form expectations before acting write down what i learn to understand what works
R2_B_seed6,R2,0736,0704,21,21,42,0.0,0.0,,1.0,0.0,0.9285714285714286,1.0,0.5476190476190477,0.9523809523809523,0.0,0.0,0.0,0.0,0.0009363295880149813,0.0009363295880149813,,,practice-only=42,form expectations before acting write down what i learn to understand the outcome
R2_B_seed6,R2,0768,0736,19,19,38,0.0,0.0,,1.0,0.0,0.9210526315789473,1.0,0.39473684210526316,0.9210526315789473,0.0,0.0,0.0,0.0,0.0009041591320072332,0.0009041591320072332,,,practice-only=38,form expectations before acting write down what i learn to understand what works
R2_B_seed6,R2,0800,0768,11,11,22,0.0,0.0,,1.0,0.0,0.9090909090909091,1.0,0.5,0.9090909090909091,0.0,0.0,0.0,0.0,0.0008865248226950354,0.0008865248226950354,,,practice-only=22,form expectations before acting write down what i learn to understand the outcome
R2_B_seed6,R2,0832,0800,12,11,22,0.0,0.0,,1.0,0.0,0.9090909090909091,1.0,0.5909090909090909,0.9090909090909091,0.0,0.0,0.0,0.0,0.0008695652173913044,0.0008695652173913044,,,practice-only=22,form expectations before acting write down what i learn to understand the outcome
R2_B_seed6,R2,0864,0832,12,12,24,0.0,0.0,,1.0,0.0,0.9583333333333334,1.0,0.4583333333333333,0.9583333333333334,0.0,0.0,0.0,0.0,0.0008517887563884157,0.0008517887563884157,,,practice-only=24,form expectations before acting write down what i learn to understand the outcome
R2_B_seed6,R2,0896,0864,10,9,18,0.0,0.0,,1.0,0.0,0.9444444444444444,1.0,0.5,0.9444444444444444,0.0,0.0,0.0,0.0,0.0008389261744966443,0.0008389261744966443,,,practice-only=18,form expectations before acting write down what i learn to understand the outcome
R2_B_seed6,R2,0928,0896,24,24,48,0.0,0.0,,1.0,0.0,0.8958333333333334,1.0,0.5208333333333334,0.8958333333333334,0.0,0.0,0.0,0.0,0.0008064516129032258,0.0008064516129032258,,,practice-only=48,form expectations before acting write down what i learn to understand the outcome
R2_B_seed6,R2,0960,0928,29,28,56,0.0,0.0,,1.0,0.0,0.9464285714285714,1.0,0.4107142857142857,0.9464285714285714,0.0,0.0,0.0,0.0,0.0007716049382716049,0.0007716049382716049,,,practice-only=56,form expectations before acting write down what i learn to understand the outcome
R2_B_seed6,R2,0992,0960,31,31,62,0.0,0.0,,1.0,0.0,0.8387096774193549,1.0,0.3709677419354839,0.8709677419354839,0.0,0.0,0.0,0.0,0.0007363770250368188,0.0007363770250368188,,,practice-only=62,form expectations before acting write down what i learn to understand the outcome
R2_B_seed6,R2,1024,0992,25,25,50,0.0,0.0,,1.0,0.0,0.86,1.0,0.36,0.9,0.0,0.0,0.0,0.0,0.0007102272727272727,0.0007102272727272727,714,0.0014005602240896359,practice-only=50,form expectations before acting write down what i learn to understand the outcome
R3_B_seed500,R3,0032,,120,39,15,0.0,0.0,0.5,0.8666666666666667,0.0,0.0,0.0,0.06666666666666667,0.0,0.0,0.0,0.0,0.0,0.0,0.0,,,no-content=9; no-result-number=4; no-pass-run-here=2,initial passes to reduce register pressure improve data layout and simplify the control flow these are generally beneficial for most programs
R3_B_seed500,R3,0064,0032,101,34,33,0.0,0.0,,1.0,0.0,0.06060606060606061,0.030303030303030304,0.06060606060606061,0.09090909090909091,0.0,0.0,0.0,0.0,0.0,0.0,,,no-content=18; no-result-number=14; practice-only=1,initial passes <PASS> <PASS> <PASS> <PASS> are expected to reduce instruction count significantly let s see the outcome
R3_B_seed500,R3,0096,0064,63,14,18,0.0,0.05555555555555555,1.0,0.7222222222222222,0.0,0.16666666666666666,0.0,0.1111111111111111,0.16666666666666666,0.05555555555555555,0.05555555555555555,0.0,0.0,0.015151515151515152,0.015151515151515152,,,no-result-number=8; no-content=5; not-adjacent=2; no-pass-run-here=2,initial passes <PASS> <PASS> <PASS> <PASS>
R3_B_seed500,R3,0128,0096,28,6,3,0.0,0.0,,1.0,0.0,0.6666666666666666,0.0,0.6666666666666666,0.6666666666666666,0.0,0.0,0.0,0.0,0.014492753623188406,0.014492753623188406,,,no-result-number=3,initial passes <PASS> <PASS> <PASS> <PASS>
R3_B_seed500,R3,0160,0128,52,38,73,0.0,0.0273972602739726,1.0,0.9589041095890412,0.0,0.3150684931506849,0.0136986301369863,0.0821917808219178,0.3287671232876712,0.0136986301369863,0.0136986301369863,0.0,0.0,0.014084507042253521,0.014084507042253521,,,prediction-only=35; no-result-number=21; no-content=13; duplicate=1; practice-only=1,initial passes <PASS> <PASS> <PASS> <PASS>
R3_B_seed500,R3,0192,0160,52,39,79,0.0,0.012658227848101266,1.0,0.9746835443037974,0.0,0.45569620253164556,0.0,0.25316455696202533,0.4936708860759494,0.012658227848101266,0.012658227848101266,0.0,0.0,0.013574660633484163,0.013574660633484163,,,prediction-only=46; no-result-number=27; no-content=4; no-pass-run-here=1,initial passes <PASS> <PASS> <PASS> <PASS> expect <NUM> reduction
R3_B_seed500,R3,0224,0192,66,39,80,0.0,0.0,0.0,0.9875,0.0,0.3375,0.0625,0.0875,0.35,0.0,0.0,0.0,0.0,0.009966777408637873,0.009966777408637873,,,prediction-only=63; no-result-number=7; practice-only=5; no-content=4; result-numbers-unmatched=1,initial passes <PASS> <PASS> <PASS> <PASS> expect <NUM> reduction will measure outcome to confirm
R3_B_seed500,R3,0256,0224,66,40,80,0.0,0.0125,0.5,0.975,0.0,0.4375,0.0,0.15,0.45,0.0125,0.0125,0.0,0.0,0.010498687664041995,0.010498687664041995,,,prediction-only=69; no-result-number=6; no-content=3; no-pass-run-here=1,initial passes <PASS> <PASS> <PASS> <PASS> expect <NUM> reduction
R3_B_seed500,R3,0288,0256,55,39,78,0.0,0.0,0.0,0.9743589743589743,0.0,0.32051282051282054,0.07692307692307693,0.08974358974358974,0.358974358974359,0.0,0.0,0.0,0.0,0.008714596949891068,0.008714596949891068,,,prediction-only=58; no-content=7; practice-only=6; no-result-number=5; no-pass-run-here=1,initial passes <PASS> <PASS> <PASS> <PASS> <PASS> <PASS> expect <NUM>-<NUM> based on past success will measure outcome to confirm
R3_B_seed500,R3,0320,0288,58,39,77,0.0,0.0,0.0,0.987012987012987,0.0,0.2597402597402597,0.0,0.07792207792207792,0.36363636363636365,0.0,0.0,0.0,0.0,0.007462686567164179,0.007462686567164179,,,prediction-only=70; no-result-number=4; no-content=2; no-pass-run-here=1,initial passes <PASS> <PASS> <PASS> <PASS> <PASS> <PASS> expect <NUM>-<NUM> reduction based on past benchmarks
R3_B_seed500,R3,0352,0320,44,39,78,0.0,0.0,0.0,0.9871794871794872,0.0,0.34615384615384615,0.01282051282051282,0.15384615384615385,0.44871794871794873,0.0,0.0,0.0,0.0,0.006514657980456026,0.006514657980456026,,,prediction-only=69; no-result-number=4; no-content=3; practice-only=1; no-pass-run-here=1,initial passes <PASS> <PASS> <PASS> <PASS> <PASS> <PASS> expect <NUM>-<NUM> reduction based on past benchmarks
R3_B_seed500,R3,0384,0352,36,36,72,0.0,0.0,,1.0,0.0,0.3888888888888889,0.027777777777777776,0.1388888888888889,0.5138888888888888,0.0,0.0,0.0,0.0,0.0058309037900874635,0.0058309037900874635,,,prediction-only=66; practice-only=2; no-result-number=2; no-content=2,initial passes <PASS> <PASS> <PASS> <PASS> <PASS> <PASS> expect <NUM>-<NUM> reduction based on past success
R3_B_seed500,R3,0416,0384,35,33,66,0.0,0.0,,1.0,0.0,0.5303030303030303,0.0,0.2727272727272727,0.6666666666666666,0.0,0.0,0.0,0.0,0.005319148936170213,0.005319148936170213,,,prediction-only=62; no-content=3; no-result-number=1,initial passes <PASS> <PASS> <PASS> <PASS> <PASS> <PASS> expect <NUM>-<NUM> reduction based on past success
R3_B_seed500,R3,0448,0416,32,27,54,0.0,0.0,,1.0,0.0,0.5740740740740741,0.037037037037037035,0.3148148148148148,0.6851851851851852,0.0,0.0,0.0,0.0,0.004962779156327543,0.004962779156327543,,,prediction-only=50; practice-only=2; no-result-number=1; no-content=1,initial passes <PASS> <PASS> <PASS> <PASS> <PASS> <PASS> expect <NUM>-<NUM> reduction based on past success
R3_B_seed500,R3,0480,0448,34,31,62,0.0,0.0,,1.0,0.0,0.5645161290322581,0.016129032258064516,0.3870967741935484,0.6612903225806451,0.0,0.0,0.0,0.0,0.004608294930875576,0.004608294930875576,,,prediction-only=59; practice-only=1; no-result-number=1; no-content=1,initial passes <PASS> <PASS> <PASS> <PASS> <PASS> <PASS> expect <NUM>-<NUM> reduction based on past success
R3_B_seed500,R3,0512,0480,25,24,48,0.0,0.0,,1.0,0.0,0.625,0.0,0.3541666666666667,0.7083333333333334,0.0,0.0,0.0,0.0,0.004366812227074236,0.004366812227074236,,,prediction-only=47; no-result-number=1,initial passes <PASS> <PASS> <PASS> <PASS> <PASS> <PASS> expect <NUM>-<NUM> reduction based on past success
R3_B_seed500,R3,0544,0512,15,15,30,0.0,0.0,,1.0,0.0,0.6333333333333333,0.0,0.4666666666666667,0.7666666666666667,0.0,0.0,0.0,0.0,0.004228329809725159,0.004228329809725159,,,prediction-only=29; no-result-number=1,initial passes <PASS> <PASS> <PASS> <PASS> <PASS> <PASS> expect <NUM>-<NUM> reduction based on past success
R3_B_seed500,R3,0576,0544,19,15,30,0.0,0.0,,1.0,0.0,0.7333333333333333,0.0,0.5333333333333333,0.7666666666666667,0.0,0.0,0.0,0.0,0.004098360655737705,0.004098360655737705,,,prediction-only=29; no-result-number=1,initial passes <PASS> <PASS> <PASS> <PASS> <PASS> <PASS> expect <NUM>-<NUM> reduction based on past success
R3_B_seed500,R3,0608,0576,22,22,44,0.0,0.0,,1.0,0.0,0.6363636363636364,0.022727272727272728,0.4772727272727273,0.7727272727272727,0.0,0.0,0.0,0.0,0.00392156862745098,0.00392156862745098,,,prediction-only=41; practice-only=1; no-content=1; no-result-number=1,initial passes <PASS> <PASS> <PASS> <PASS> <PASS> <PASS> expect <NUM>-<NUM> reduction based on past success
R3_B_seed500,R3,0640,0608,16,15,30,0.0,0.0,,1.0,0.0,0.5666666666666667,0.0,0.43333333333333335,0.6666666666666666,0.0,0.0,0.0,0.0,0.0038095238095238095,0.0038095238095238095,,,prediction-only=30,initial passes <PASS> <PASS> <PASS> <PASS> <PASS> <PASS> expect <NUM>-<NUM> reduction based on past success
R3_B_seed500,R3,0672,0640,17,16,32,0.0,0.0,,1.0,0.0,0.625,0.0,0.40625,0.875,0.0,0.0,0.0,0.0,0.0036968576709796672,0.0036968576709796672,,,prediction-only=32,initial passes <PASS> <PASS> <PASS> <PASS> <PASS> <PASS> expect <NUM>-<NUM> reduction based on past success
R3_B_seed500,R3,0704,0672,20,20,40,0.0,0.0,,1.0,0.0,0.725,0.0,0.575,0.825,0.0,0.0,0.0,0.0,0.0035650623885918,0.0035650623885918,,,prediction-only=38; no-result-number=1; no-content=1,initial passes <PASS> <PASS> <PASS> <PASS> <PASS> <PASS> expect <NUM>-<NUM> reduction based on past success
R3_B_seed500,R3,0736,0704,22,21,42,0.0,0.0,,1.0,0.0,0.6904761904761905,0.0,0.42857142857142855,0.8571428571428571,0.0,0.0,0.0,0.0,0.003436426116838488,0.003436426116838488,,,prediction-only=41; no-result-number=1,initial passes <PASS> <PASS> <PASS> <PASS> <PASS> <PASS> expect <NUM>-<NUM> reduction based on past success
R3_B_seed500,R3,0768,0736,12,11,22,0.0,0.0,,1.0,0.0,0.6818181818181818,0.0,0.2727272727272727,0.9090909090909091,0.0,0.0,0.0,0.0,0.003372681281618887,0.003372681281618887,,,prediction-only=20; no-content=2,initial passes <PASS> <PASS> <PASS> <PASS> <PASS> <PASS> expect <NUM>-<NUM> reduction based on past success
R3_B_seed500,R3,0800,0768,10,9,18,0.0,0.0,,1.0,0.0,0.8333333333333334,0.0,0.3333333333333333,0.8333333333333334,0.0,0.0,0.0,0.0,0.0033222591362126247,0.0033222591362126247,,,prediction-only=16; no-content=1; no-result-number=1,initial passes <PASS> <PASS> <PASS> <PASS> <PASS> <PASS> expect <NUM>-<NUM> reduction based on past success
R3_B_seed500,R3,0832,0800,7,7,14,0.0,0.0,,1.0,0.0,0.7142857142857143,0.0,0.35714285714285715,0.9285714285714286,0.0,0.0,0.0,0.0,0.003284072249589491,0.003284072249589491,,,prediction-only=14,initial passes <PASS> <PASS> <PASS> <PASS> <PASS> <PASS> expect <NUM>-<NUM> reduction based on past success
R3_B_seed500,R3,0864,0832,8,7,14,0.0,0.0,,1.0,0.0,0.8571428571428571,0.0,0.42857142857142855,0.8571428571428571,0.0,0.0,0.0,0.0,0.003246753246753247,0.003246753246753247,,,prediction-only=12; no-content=2,initial passes <PASS> <PASS> <PASS> <PASS> <PASS> <PASS> expect <NUM>-<NUM> reduction based on past success
R3_B_seed500,R3,0896,0864,9,8,16,0.0,0.0,,1.0,0.0,0.6875,0.0,0.3125,0.8125,0.0,0.0,0.0,0.0,0.003205128205128205,0.003205128205128205,,,prediction-only=15; no-content=1,initial passes <PASS> <PASS> <PASS> <PASS> <PASS> <PASS> expect <NUM>-<NUM> reduction based on past success
R3_B_seed500,R3,0928,0896,11,7,14,0.0,0.0,,1.0,0.0,0.7857142857142857,0.0,0.6428571428571429,1.0,0.0,0.0,0.0,0.0,0.003169572107765452,0.003169572107765452,,,prediction-only=14,initial passes <PASS> <PASS> <PASS> <PASS> <PASS> <PASS> expect <NUM>-<NUM> reduction based on past success
R3_B_seed500,R3,0960,0928,8,6,12,0.0,0.0,,1.0,0.0,0.5833333333333334,0.0,0.25,0.6666666666666666,0.0,0.0,0.0,0.0,0.0031397174254317113,0.0031397174254317113,,,prediction-only=12,initial passes <PASS> <PASS> <PASS> <PASS> <PASS> <PASS> expect <NUM>-<NUM> reduction based on past success will form a new expectation based on current prog
R3_B_seed500,R3,0992,0960,10,6,11,0.0,0.0,,1.0,0.0,0.7272727272727273,0.0,0.7272727272727273,0.9090909090909091,0.0,0.0,0.0,0.0,0.0031128404669260703,0.0031128404669260703,,,prediction-only=10; no-result-number=1,initial passes <PASS> <PASS> <PASS> <PASS> <PASS> <PASS> expect <NUM>-<NUM> reduction based on past success
R3_B_seed500,R3,1024,0992,15,14,28,0.0,0.0,,1.0,0.0,0.5714285714285714,0.0,0.5,0.7857142857142857,0.0,0.0,0.0,0.0,0.0030464584920030465,0.0030464584920030465,716,0.00558659217877095,prediction-only=27; no-content=1,initial passes <PASS> <PASS> <PASS> <PASS> <PASS> <PASS> expect <NUM>-<NUM> reduction based on past success
R3_B_seed501,R3,0032,,133,40,27,0.0,0.037037037037037035,1.0,0.8518518518518519,0.0,0.07407407407407407,0.0,0.07407407407407407,0.07407407407407407,0.037037037037037035,0.037037037037037035,0.0,0.0,0.037037037037037035,0.037037037037037035,,,no-content=18; no-result-number=5; no-pass-run-here=3,reapplying initial passes to confirm consistency outcome instructions <NUM> <NUM> <NUM> <NUM> reduction score <NUM> <NUM> mark
R3_B_seed501,R3,0064,0032,124,37,53,0.0,0.0,0.0,0.8679245283018868,0.05660377358490566,0.16981132075471697,0.0,0.05660377358490566,0.16981132075471697,0.0,0.0,0.0,0.0,0.0125,0.0125,,,no-result-number=24; prediction-only=11; no-content=11; result-numbers-unmatched=7,initial passes <PASS> <PASS> <PASS> <PASS>
R3_B_seed501,R3,0096,0064,41,15,27,0.0,0.1111111111111111,0.375,0.7037037037037037,0.0,0.2962962962962963,0.0,0.07407407407407407,0.2962962962962963,0.1111111111111111,0.1111111111111111,0.0,0.0,0.037383177570093455,0.037383177570093455,,,no-content=10; prediction-only=5; no-result-number=4; no-pass-run-here=3; result-numbers-unmatched=2,initial expectation is <NUM>-<NUM> reduction with initial passes mem2reg sroa gvn simplifycfg
R3_B_seed501,R3,0128,0096,18,9,19,0.0,0.10526315789473684,0.25,0.5789473684210527,0.0,0.3684210526315789,0.0,0.10526315789473684,0.3684210526315789,0.05263157894736842,0.05263157894736842,0.0,0.0,0.03968253968253968,0.03968253968253968,,,no-result-number=8; result-numbers-unmatched=6; no-pass-run-here=2; prediction-only=1; duplicate=1,initial passes <PASS> <PASS> <PASS> <PASS>
R3_B_seed501,R3,0160,0128,45,32,64,0.0,0.0,0.0,0.984375,0.0,0.1875,0.015625,0.046875,0.21875,0.0,0.0,0.0,0.0,0.02631578947368421,0.02631578947368421,,,prediction-only=32; no-result-number=15; no-content=15; practice-only=1; result-numbers-unmatched=1,initial passes <PASS> <PASS> <PASS> <PASS> expects <NUM>-<NUM> reduction additional passes <PASS> <PASS> <PASS> <PASS> <PASS> can provide extra <NUM>-<NUM> redu
R3_B_seed501,R3,0192,0160,39,36,73,0.0,0.0273972602739726,0.034482758620689655,0.6027397260273972,0.0,0.1506849315068493,0.0136986301369863,0.0410958904109589,0.2191780821917808,0.0136986301369863,0.0136986301369863,0.0,0.0,0.022813688212927757,0.022813688212927757,,,prediction-only=35; result-numbers-unmatched=26; no-content=4; no-result-number=4; no-pass-run-here=1,initial passes <PASS> <PASS> <PASS> <PASS> expect <NUM> reduction additional passes <PASS> <PASS> <PASS> <PASS>
R3_B_seed501,R3,0224,0192,48,39,75,0.0,0.05333333333333334,0.2,0.7333333333333334,0.0,0.13333333333333333,0.0,0.04,0.2,0.05333333333333334,0.05333333333333334,0.0,0.0,0.029585798816568046,0.029585798816568046,,,prediction-only=46; result-numbers-unmatched=16; no-result-number=8; no-content=1,initial passes <PASS> <PASS> <PASS> <PASS> expect <NUM>-<NUM> reduction additional passes <PASS> <PASS> <PASS> <PASS> <PASS> <PASS> avoid unless initial passes 
R3_B_seed501,R3,0256,0224,40,33,66,0.0,0.030303030303030304,0.25,0.8787878787878788,0.0,0.12121212121212122,0.015151515151515152,0.045454545454545456,0.30303030303030304,0.030303030303030304,0.030303030303030304,0.0,0.0,0.0297029702970297,0.0297029702970297,,,prediction-only=44; no-result-number=12; result-numbers-unmatched=6; practice-only=1; no-content=1,initial passes <PASS> <PASS> <PASS> <PASS> expect <NUM>-<NUM> reduction additional
R3_B_seed501,R3,0288,0256,36,34,68,0.0,0.029411764705882353,0.25,0.8823529411764706,0.0,0.19117647058823528,0.0,0.058823529411764705,0.39705882352941174,0.029411764705882353,0.029411764705882353,0.0,0.0,0.029661016949152543,0.029661016949152543,,,prediction-only=44; no-result-number=15; result-numbers-unmatched=6; no-content=1,initial passes <PASS> <PASS> <PASS> <PASS> expect <NUM>-<NUM>
R3_B_seed501,R3,0320,0288,41,36,70,0.0,0.02857142857142857,1.0,0.9714285714285714,0.0,0.17142857142857143,0.0,0.08571428571428572,0.4714285714285714,0.02857142857142857,0.02857142857142857,0.0,0.0,0.02952029520295203,0.02952029520295203,,,no-result-number=39; prediction-only=22; no-content=7,initial passes <PASS> <PASS> <PASS> <PASS> <NUM>-<NUM> reduction additional passes <PASS> <PASS> <PASS> <PASS> <PASS> <NUM>-<NUM> reduction avoid <PASS>
R3_B_seed501,R3,0352,0320,44,40,76,0.0,0.0,0.0,0.9473684210526316,0.0,0.27631578947368424,0.0,0.09210526315789473,0.5657894736842105,0.0,0.0,0.0,0.0,0.025889967637540454,0.025889967637540454,,,no-result-number=52; prediction-only=18; result-numbers-unmatched=4; no-content=1; no-pass-run-here=1,initial passes <PASS> <PASS> <PASS> <PASS> <NUM>-<NUM> reduction additional passes <PASS> <PASS> <PASS> <PASS>
R3_B_seed501,R3,0384,0352,40,35,69,0.0,0.0,0.0,0.9420289855072463,0.0,0.3188405797101449,0.0,0.14492753623188406,0.6666666666666666,0.0,0.0,0.0,0.0,0.023289665211062592,0.023289665211062592,,,no-result-number=59; prediction-only=5; result-numbers-unmatched=4; no-content=1,initial passes <PASS> <PASS> <PASS> <PASS> <NUM>-<NUM> reduction additional passes <PASS> <PASS> <PASS>
R3_B_seed501,R3,0416,0384,40,36,66,0.0,0.015151515151515152,0.2,0.9242424242424242,0.0,0.19696969696969696,0.0,0.09090909090909091,0.6212121212121212,0.015151515151515152,0.015151515151515152,0.0,0.0,0.02257636122177955,0.02257636122177955,,,no-result-number=59; result-numbers-unmatched=4; no-content=1; prediction-only=1,initial passes <PASS> <PASS> <PASS> <PASS> <NUM>-<NUM> reduction additional passes <PASS> <PASS>
R3_B_seed501,R3,0448,0416,37,33,64,0.0,0.0,0.0,0.859375,0.0,0.34375,0.0,0.125,0.71875,0.0,0.0,0.0,0.0,0.0208078335373317,0.0208078335373317,,,no-result-number=53; result-numbers-unmatched=9; prediction-only=2,initial passes <PASS> <PASS> <PASS> <PASS> <NUM>-<NUM> reduction additional passes <PASS> <PASS> <PASS>
R3_B_seed501,R3,0480,0448,37,35,64,0.0,0.0,0.0,0.828125,0.0,0.484375,0.0,0.0625,0.703125,0.0,0.0,0.0,0.0,0.019296254256526674,0.019296254256526674,,,no-result-number=51; result-numbers-unmatched=11; no-pass-run-here=1; prediction-only=1,initial passes <PASS> <PASS> <PASS> <PASS> <NUM>-<NUM> reduction additional passes <PASS> <PASS>
R3_B_seed501,R3,0512,0480,29,29,49,0.0,0.0,0.0,0.9387755102040817,0.0,0.40816326530612246,0.0,0.10204081632653061,0.7959183673469388,0.0,0.0,0.0,0.0,0.01827956989247312,0.01827956989247312,,,no-result-number=46; result-numbers-unmatched=3,initial passes <PASS> <PASS> <PASS> <PASS> <NUM>-<NUM> reduction additional passes <PASS> <PASS>
R3_B_seed501,R3,0544,0512,27,26,48,0.0,0.0,0.0,0.9583333333333334,0.0,0.7708333333333334,0.0,0.16666666666666666,0.8541666666666666,0.0,0.0,0.0,0.0,0.017382413087934562,0.017382413087934562,,,no-result-number=46; result-numbers-unmatched=2,initial passes <PASS> <PASS> <PASS> <PASS> <NUM>-<NUM> reduction additi
R3_B_seed501,R3,0576,0544,27,24,46,0.0,0.0,,1.0,0.0,0.8478260869565217,0.0,0.5217391304347826,0.8913043478260869,0.0,0.0,0.0,0.0,0.0166015625,0.0166015625,,,no-result-number=46,initial passes <PASS> <PASS> <PASS> <PASS> <NUM>-<NUM> reduction additi
R3_B_seed501,R3,0608,0576,29,26,52,0.0,0.0,0.0,0.9807692307692307,0.0,0.7884615384615384,0.0,0.5,0.9230769230769231,0.0,0.0,0.0,0.0,0.015799256505576207,0.015799256505576207,,,no-result-number=50; prediction-only=1; result-numbers-unmatched=1,initial passes <PASS> <PASS> <PASS> <PASS> <NUM>-<NUM> reduction additi
R3_B_seed501,R3,0640,0608,21,18,35,0.0,0.0,0.0,0.9428571428571428,0.0,0.8,0.0,0.6,0.8571428571428571,0.0,0.0,0.0,0.0,0.0153015301530153,0.0153015301530153,,,no-result-number=33; result-numbers-unmatched=2,initial passes <PASS> <PASS> <PASS> <PASS> <NUM>-<NUM> reduction additi
R3_B_seed501,R3,0672,0640,28,23,44,0.0,0.0,,1.0,0.0,0.7727272727272727,0.0,0.4772727272727273,0.9318181818181818,0.0,0.0,0.0,0.0,0.01471861471861472,0.01471861471861472,,,no-result-number=44,initial passes <PASS> <PASS> <PASS> <PASS> <NUM>-<NUM> reduction additi
R3_B_seed501,R3,0704,0672,28,26,52,0.0,0.038461538461538464,0.6666666666666666,0.9423076923076923,0.0,0.5961538461538461,0.0,0.46153846153846156,0.8076923076923077,0.038461538461538464,0.038461538461538464,0.0,0.0,0.015741507870753936,0.015741507870753936,,,no-result-number=47; prediction-only=2; result-numbers-unmatched=1,initial passes <PASS> <PASS> <PASS> <PASS> <NUM>-<NUM> reduction additi
R3_B_seed501,R3,0736,0704,21,18,36,0.0,0.0,0.0,0.9722222222222222,0.0,0.6944444444444444,0.0,0.4166666666666667,0.7222222222222222,0.0,0.0,0.0,0.0,0.015285599356395816,0.015285599356395816,,,no-result-number=35; result-numbers-unmatched=1,initial passes <PASS> <PASS> <PASS> <PASS> <NUM>-<NUM> reduction additi
R3_B_seed501,R3,0768,0736,28,25,49,0.0,0.0,,1.0,0.0,0.6530612244897959,0.0,0.30612244897959184,0.7755102040816326,0.0,0.0,0.0,0.0,0.014705882352941176,0.014705882352941176,,,no-result-number=48; prediction-only=1,initial passes <PASS> <PASS> <PASS> <PASS> <NUM>-<NUM> reduction additi
R3_B_seed501,R3,0800,0768,21,19,37,0.0,0.0,,1.0,0.0,0.7297297297297297,0.0,0.32432432432432434,0.8108108108108109,0.0,0.0,0.0,0.0,0.014296463506395787,0.014296463506395787,,,no-result-number=36; prediction-only=1,initial passes <PASS> <PASS> <PASS> <PASS> <NUM>-<NUM> reduction additi
R3_B_seed501,R3,0832,0800,16,12,22,0.0,0.045454545454545456,0.5,0.9090909090909091,0.0,0.6363636363636364,0.0,0.18181818181818182,0.7272727272727273,0.045454545454545456,0.045454545454545456,0.0,0.0,0.014803849000740192,0.014803849000740192,,,no-result-number=19; no-content=1; result-numbers-unmatched=1,initial passes <PASS> <PASS> <PASS> <PASS> <NUM>-<NUM> reduction additional passes <PASS> <PASS> <PASS> <NUM>-<NUM> reduction initial passes additional passes i
R3_B_seed501,R3,0864,0832,11,10,20,0.0,0.0,0.0,0.85,0.0,0.6,0.0,0.2,0.75,0.0,0.0,0.0,0.0,0.014587892049598834,0.014587892049598834,,,no-result-number=17; result-numbers-unmatched=3,initial passes <PASS> <PASS> <PASS> <PASS> <NUM>-<NUM> reduction additional passes <PASS> <PASS> <PASS> <NUM>-<NUM> reduction avoid <PASS> <PASS> <PASS> <PASS> 
R3_B_seed501,R3,0896,0864,16,14,27,0.0,0.0,,1.0,0.0,0.8148148148148148,0.0,0.18518518518518517,0.8888888888888888,0.0,0.0,0.0,0.0,0.01430615164520744,0.01430615164520744,,,no-result-number=26; no-content=1,initial passes <PASS> <PASS> <PASS> <PASS> <NUM>-<NUM> reduction additional passes <PASS> <PASS> <PASS> <NUM>-<NUM> reduction initial passes additional passes i
R3_B_seed501,R3,0928,0896,22,18,35,0.0,0.08571428571428572,0.0,0.7428571428571429,0.0,0.6857142857142857,0.0,0.11428571428571428,0.8,0.0,0.0,0.0,0.0,0.013956734124214934,0.013956734124214934,,,no-result-number=26; result-numbers-unmatched=6; N-mismatch=3,initial passes <PASS> <PASS> <PASS> <PASS> <NUM>-<NUM> reduction additional passes <PASS> <PASS> <PASS> <NUM>-<NUM> reduction initial passes additional passes i
R3_B_seed501,R3,0960,0928,11,8,16,0.0,0.0,0.0,0.9375,0.0,0.625,0.0,0.375,0.9375,0.0,0.0,0.0,0.0,0.013802622498274672,0.013802622498274672,,,no-result-number=15; result-numbers-unmatched=1,initial passes <PASS> <PASS> <PASS> <PASS> <NUM>-<NUM> reduction additional passes <PASS> <PASS> <PASS> <NUM>-<NUM> reduction avoid <PASS> <PASS> <PASS> <PASS> 
R3_B_seed501,R3,0992,0960,11,8,16,0.0,0.0625,0.0,0.9375,0.0,0.75,0.0,0.25,0.9375,0.0,0.0,0.0,0.0,0.013651877133105802,0.013651877133105802,,,no-result-number=15; N-mismatch=1,initial passes <PASS> <PASS> <PASS> <PASS> <NUM>-<NUM> reduction additional passes <PASS> <PASS> <PASS> <NUM>-<NUM> reduction initial passes additional passes i
R3_B_seed501,R3,1024,0992,14,11,21,0.0,0.0,0.0,0.9523809523809523,0.0,0.6190476190476191,0.0,0.38095238095238093,0.9047619047619048,0.0,0.0,0.0,0.0,0.013458950201884253,0.013458950201884253,805,0.02111801242236025,no-result-number=20; result-numbers-unmatched=1,initial passes <PASS> <PASS> <PASS> <PASS> <NUM>-<NUM> reduction additional passes <PASS> <PASS> <PASS> <NUM>-<NUM> reduction avoid <PASS> <PASS> <PASS> <PASS> 
R3_B_seed502,R3,0032,,110,33,23,0.0,0.0,0.0,0.9565217391304348,0.0,0.0,0.0,0.043478260869565216,0.0,0.0,0.0,0.0,0.0,0.0,0.0,,,no-content=15; no-result-number=6; not-adjacent=1; no-pass-run-here=1,this is a new program and i don t have any prior experience with it however based on common optimization practices i expect that applying a combination of <PASS
R3_B_seed502,R3,0064,0032,132,41,47,0.0,0.02127659574468085,0.5,0.8723404255319149,0.02127659574468085,0.06382978723404255,0.0,0.06382978723404255,0.10638297872340426,0.02127659574468085,0.02127659574468085,0.02127659574468085,0.02127659574468085,0.014285714285714285,0.014285714285714285,,,no-result-number=33; no-content=6; result-numbers-unmatched=2; prediction-only=2; not-adjacent=2,initial passes <PASS> <PASS> <PASS> <PASS>
R3_B_seed502,R3,0096,0064,70,16,30,0.0,0.0,0.6,0.8333333333333334,0.0,0.23333333333333334,0.0,0.1,0.23333333333333334,0.0,0.0,0.0,0.0,0.01,0.01,,,no-result-number=18; no-content=6; not-adjacent=3; result-numbers-unmatched=2; prediction-only=1,initial passes are expected to provide a substantial reduction based on past experience let s see the actual impact
R3_B_seed502,R3,0128,0096,56,12,24,0.0,0.041666666666666664,1.0,0.9583333333333334,0.0,0.375,0.0,0.08333333333333333,0.375,0.041666666666666664,0.041666666666666664,0.0,0.0,0.016129032258064516,0.016129032258064516,,,no-result-number=20; no-content=3,initial passes <PASS> <PASS> <PASS> <PASS> <PASS> <PASS> expect significant reduction b
R3_B_seed502,R3,0160,0128,67,30,58,0.0,0.0,,1.0,0.0,0.2413793103448276,0.0,0.05172413793103448,0.3793103448275862,0.0,0.0,0.0,0.0,0.01098901098901099,0.01098901098901099,,,no-result-number=51; no-content=7,initial expectation based on past experience will see if these passes provide a significant reduction as expected if not i will need to reconsider my approach
R3_B_seed502,R3,0192,0160,44,34,68,0.0,0.0,1.0,0.9852941176470589,0.0,0.29411764705882354,0.014705882352941176,0.08823529411764706,0.45588235294117646,0.0,0.0,0.0,0.0,0.008,0.008,,,no-result-number=49; prediction-only=10; no-content=7; not-adjacent=1; practice-only=1,initial passes <PASS> <PASS> <PASS> <PASS> <PASS> <PASS> expect significant reduction based on past experience will observe actual outcome
R3_B_seed502,R3,0224,0192,47,37,71,0.0,0.0,,1.0,0.0,0.49295774647887325,0.0,0.11267605633802817,0.6056338028169014,0.0,0.0,0.0,0.0,0.006230529595015576,0.006230529595015576,,,no-result-number=66; prediction-only=4; no-content=1,initial passes <PASS> <PASS> <PASS> <PASS> <PASS> <PASS> expect significant reduction based on past experience will observe actual impact
R3_B_seed502,R3,0256,0224,39,33,66,0.0,0.0,,1.0,0.0,0.5,0.015151515151515152,0.22727272727272727,0.6212121212121212,0.0,0.0,0.0,0.0,0.00516795865633075,0.00516795865633075,,,no-result-number=59; prediction-only=5; no-content=1; practice-only=1,initial passes <PASS> <PASS> <PASS> <PASS> <PASS> <PASS> expect significant reduction based on past experience will observe actual outcome
R3_B_seed502,R3,0288,0256,41,37,74,0.0,0.0,,1.0,0.0,0.5945945945945946,0.0,0.20270270270270271,0.7432432432432432,0.0,0.0,0.0,0.0,0.004338394793926247,0.004338394793926247,,,no-result-number=67; prediction-only=7,initial passes <PASS> <PASS> <PASS> <PASS> <PASS> <PASS> expect significant reduction based on past experience will observe actual outcome
R3_B_seed502,R3,0320,0288,41,38,76,0.0,0.0,0.0,0.9736842105263158,0.0,0.5131578947368421,0.013157894736842105,0.25,0.6842105263157895,0.0,0.0,0.0,0.0,0.0037243947858473,0.0037243947858473,,,no-result-number=62; prediction-only=10; result-numbers-unmatched=2; no-content=1; practice-only=1,initial passes <PASS> <PASS> <PASS> <PASS> <PASS> <PASS> expect significant reduction based on past experience will observe actual outcome
R3_B_seed502,R3,0352,0320,33,32,64,0.0,0.0,,1.0,0.0,0.5,0.0,0.25,0.609375,0.0,0.0,0.0,0.0,0.0033277870216306157,0.0033277870216306157,,,no-result-number=58; prediction-only=6,initial passes <PASS> <PASS> <PASS> <PASS> <PASS> <PASS> consistent high reduction <NUM>-<NUM>
R3_B_seed502,R3,0384,0352,35,33,66,0.0,0.0,0.0,0.6212121212121212,0.0,0.3333333333333333,0.0,0.09090909090909091,0.6818181818181818,0.0,0.0,0.0,0.0,0.0029985007496251873,0.0029985007496251873,,,no-result-number=35; result-numbers-unmatched=25; prediction-only=6,initial passes <PASS> <PASS> <PASS> <PASS> <PASS> <PASS> consistent high reduction <NUM> <NUM>
R3_B_seed502,R3,0416,0384,30,28,56,0.0,0.0,0.0,0.8571428571428572,0.0,0.30357142857142855,0.0,0.10714285714285714,0.5714285714285714,0.0,0.0,0.0,0.0,0.0027662517289073307,0.0027662517289073307,,,no-result-number=46; result-numbers-unmatched=8; prediction-only=2,initial passes <PASS> <PASS> <PASS> <PASS> <PASS> <PASS> consistent high reduction <NUM>-<NUM>
R3_B_seed502,R3,0448,0416,38,33,66,0.0,0.0,0.0,0.5757575757575757,0.0,0.3787878787878788,0.0,0.045454545454545456,0.7727272727272727,0.0,0.0,0.0,0.0,0.0025348542458808617,0.0025348542458808617,,,no-result-number=38; result-numbers-unmatched=28,initial passes <PASS> <PASS> <PASS> <PASS> <PASS> <PASS> expect significant reduction based
R3_B_seed502,R3,0480,0448,28,28,56,0.0,0.0,0.0,0.7142857142857143,0.0,0.48214285714285715,0.0,0.07142857142857142,0.7857142857142857,0.0,0.0,0.0,0.0,0.002366863905325444,0.002366863905325444,,,no-result-number=40; result-numbers-unmatched=16,initial passes <PASS> <PASS> <PASS> <PASS> <PASS> <PASS> expect significant reduction based on past experience
R3_B_seed502,R3,0512,0480,29,26,52,0.0,0.0,0.0,0.6346153846153846,0.0,0.3076923076923077,0.0,0.057692307692307696,0.6730769230769231,0.0,0.0,0.0,0.0,0.002229654403567447,0.002229654403567447,,,no-result-number=33; result-numbers-unmatched=19,initial passes <PASS> <PASS> <PASS> <PASS> <PASS> <PASS> expect significant reduction based on past experience
R3_B_seed502,R3,0544,0512,9,6,12,0.0,0.0,0.0,0.8333333333333334,0.0,0.5,0.0,0.16666666666666666,0.75,0.0,0.0,0.0,0.0,0.0022002200220022,0.0022002200220022,,,no-result-number=10; result-numbers-unmatched=2,initial passes <PASS> <PASS> <PASS> <PASS> <PASS> <PASS> expect significant reduction based on past experience will observe actual outcome
R3_B_seed502,R3,0576,0544,11,10,20,0.0,0.0,0.0,0.25,0.0,0.45,0.0,0.15,0.6,0.0,0.0,0.0,0.0,0.002152852529601722,0.002152852529601722,,,result-numbers-unmatched=15; no-result-number=5,initial passes <PASS> <PASS> <PASS> <PASS> <PASS> <PASS> high reduction <NUM> <NUM> <NUM> <NUM> reduction will apply
R3_B_seed502,R3,0608,0576,17,16,32,0.0,0.0625,0.0,0.59375,0.0,0.375,0.0,0.09375,0.6875,0.0,0.0,0.0,0.0,0.002081165452653486,0.002081165452653486,,,no-result-number=18; result-numbers-unmatched=11; N-mismatch=2; no-content=1,initial passes <PASS> <PASS> <PASS> <PASS> <PASS> <PASS> consistent high reduction <NUM> <NUM> <NUM> <NUM> reduction will apply to new program and
R3_B_seed502,R3,0640,0608,17,15,30,0.0,0.0,0.0,0.4666666666666667,0.0,0.3,0.0,0.1,0.7,0.0,0.0,0.0,0.0,0.0020181634712411706,0.0020181634712411706,,,result-numbers-unmatched=16; no-result-number=14,initial passes <PASS> <PASS> <PASS> <PASS> <PASS> <PASS> consistent high reduction
R3_B_seed502,R3,0672,0640,9,9,18,0.0,0.0,0.0,0.6666666666666667,0.0,0.3888888888888889,0.0,0.1111111111111111,0.6111111111111112,0.0,0.0,0.0,0.0,0.0019821605550049554,0.0019821605550049554,,,no-result-number=12; result-numbers-unmatched=6,initial passes <PASS> <PASS> <PASS> <PASS> <PASS> <PASS> consistent high reduction
R3_B_seed502,R3,0704,0672,8,7,14,0.0,0.0,0.0,0.5,0.0,0.42857142857142855,0.0,0.14285714285714285,0.7142857142857143,0.0,0.0,0.0,0.0,0.0019550342130987292,0.0019550342130987292,,,result-numbers-unmatched=7; no-result-number=7,initial passes <PASS> <PASS> <PASS> <PASS> <PASS> <PASS> consistent high reduction <NUM>
R3_B_seed502,R3,0736,0704,12,11,22,0.0,0.0,0.0,0.4545454545454546,0.0,0.45454545454545453,0.0,0.22727272727272727,0.5909090909090909,0.0,0.0,0.0,0.0,0.0019138755980861245,0.0019138755980861245,,,result-numbers-unmatched=12; no-result-number=10,initial passes <PASS> <PASS> <PASS> <PASS> <PASS> <PASS> consistent high reduction <NUM> <NUM> <NUM> <NUM>
R3_B_seed502,R3,0768,0736,19,18,33,0.0,0.0,0.0,0.6666666666666667,0.0,0.5454545454545454,0.0,0.18181818181818182,0.7575757575757576,0.0,0.0,0.0,0.0,0.0018552875695732839,0.0018552875695732839,,,no-result-number=22; result-numbers-unmatched=11,initial passes <PASS> <PASS> <PASS> <PASS> <PASS>
R3_B_seed502,R3,0800,0768,22,20,40,0.0,0.0,0.0,0.625,0.0,0.8,0.0,0.25,0.925,0.0,0.0,0.0,0.0,0.0017889087656529517,0.0017889087656529517,,,no-result-number=25; result-numbers-unmatched=15,initial passes <PASS> <PASS> <PASS> <PASS> <PASS> <PASS> consistent high reduction <NUM> <NUM> <NUM> <NUM>
R3_B_seed502,R3,0832,0800,22,21,42,0.0,0.0,0.0,0.6666666666666667,0.0,0.7619047619047619,0.0,0.23809523809523808,0.8571428571428571,0.0,0.0,0.0,0.0,0.0017241379310344827,0.0017241379310344827,,,no-result-number=28; result-numbers-unmatched=14,initial passes <PASS> <PASS> <PASS> <PASS> <PASS> <PASS> consistent high reducti
R3_B_seed502,R3,0864,0832,23,23,46,0.0,0.0,0.0,0.6956521739130435,0.0,0.782608695652174,0.0,0.21739130434782608,0.8260869565217391,0.0,0.0,0.0,0.0,0.001658374792703151,0.001658374792703151,,,no-result-number=32; result-numbers-unmatched=14,initial passes <PASS> <PASS> <PASS> <PASS> <PASS> <PASS> consistent high reducti
R3_B_seed502,R3,0896,0864,12,11,22,0.0,0.0,0.0,0.9090909090909091,0.0,0.9545454545454546,0.0,0.36363636363636365,0.9545454545454546,0.0,0.0,0.0,0.0,0.0016286644951140066,0.0016286644951140066,,,no-result-number=20; result-numbers-unmatched=2,initial passes <PASS> <PASS> <PASS> <PASS> <PASS> <PASS> consistent high reducti
R3_B_seed502,R3,0928,0896,12,10,20,0.0,0.0,0.0,0.85,0.0,0.85,0.0,0.35,0.85,0.0,0.0,0.0,0.0,0.0016025641025641025,0.0016025641025641025,,,no-result-number=16; result-numbers-unmatched=3; no-content=1,initial passes <PASS> <PASS> <PASS> <PASS> <PASS>
R3_B_seed502,R3,0960,0928,9,8,16,0.0,0.0,,1.0,0.0,1.0,0.0,0.3125,1.0,0.0,0.0,0.0,0.0,0.0015822784810126582,0.0015822784810126582,,,no-result-number=16,initial passes <PASS> <PASS> <PASS> <PASS> <PASS> <PASS> consistent high reducti
R3_B_seed502,R3,0992,0960,6,6,12,0.0,0.0,0.0,0.9166666666666666,0.0,0.6666666666666666,0.0,0.16666666666666666,0.75,0.0,0.0,0.0,0.0,0.001567398119122257,0.001567398119122257,,,no-result-number=11; result-numbers-unmatched=1,initial passes <PASS> <PASS> <PASS> <PASS> <PASS> <PASS>
R3_B_seed502,R3,1024,0992,10,7,14,0.0,0.0,,1.0,0.0,0.9285714285714286,0.0,0.2857142857142857,0.9285714285714286,0.0,0.0,0.0,0.0,0.0015503875968992248,0.0015503875968992248,689,0.002902757619738752,no-result-number=14,initial passes <PASS> <PASS> <PASS> <PASS> <PASS> <PASS> consistent high redu
R4_B_seed604,R4,0032,,118,36,22,0.0,0.045454545454545456,1.0,0.9090909090909091,0.0,0.0,0.045454545454545456,0.045454545454545456,0.0,0.045454545454545456,0.045454545454545456,0.0,0.0,0.045454545454545456,0.045454545454545456,,,no-content=10; no-result-number=8; no-pass-run-here=2; practice-only=1,these passes should help in reducing the instruction coun
R4_B_seed604,R4,0064,0032,126,41,58,0.0,0.08620689655172414,0.625,0.8620689655172413,0.0,0.13793103448275862,0.06896551724137931,0.05172413793103448,0.13793103448275862,0.017241379310344827,0.017241379310344827,0.0,0.0,0.025,0.025,,,no-result-number=27; no-content=13; prediction-only=6; practice-only=4; no-pass-run-here=2,initial passes <PASS> <PASS> <PASS> outcome instructions <NUM> <NUM> <NUM> <NUM> reduction score <NUM> <NUM>
R4_B_seed604,R4,0096,0064,62,17,30,0.0,0.0,1.0,0.7333333333333334,0.0,0.2,0.43333333333333335,0.06666666666666667,0.2,0.0,0.0,0.0,0.0,0.01818181818181818,0.01818181818181818,,,practice-only=13; no-content=9; no-result-number=4; no-pass-run-here=3; prediction-only=1,initial expectation based on past experience let s see the outcome
R4_B_seed604,R4,0128,0096,33,13,24,0.0,0.0,0.5,0.8333333333333334,0.0,0.3333333333333333,0.6666666666666666,0.125,0.3333333333333333,0.0,0.0,0.0,0.0,0.014925373134328358,0.014925373134328358,,,practice-only=16; no-result-number=3; no-content=2; prediction-only=2; not-adjacent=1,continuing with the effective combination of passes will observe outcome and adjust strategy based on results
R4_B_seed604,R4,0160,0128,41,33,69,0.0,0.0,0.5,0.9420289855072463,0.0,0.30434782608695654,0.4927536231884058,0.14492753623188406,0.3188405797101449,0.0,0.0,0.0,0.0,0.009852216748768473,0.009852216748768473,,,practice-only=34; no-result-number=19; no-content=8; prediction-only=5; result-numbers-unmatched=2,initial expectation is based on past performance will observe outcome and adjust strategy accordingly
R4_B_seed604,R4,0192,0160,48,38,73,0.0,0.0273972602739726,0.3333333333333333,0.9178082191780822,0.0547945205479452,0.1780821917808219,0.6301369863013698,0.0410958904109589,0.2191780821917808,0.0136986301369863,0.0136986301369863,0.0,0.0,0.010869565217391304,0.010869565217391304,,,practice-only=46; no-content=12; no-result-number=10; prediction-only=2; duplicate=1,starting with the most effective combination based on past experiences will observe the outcome and adjust strategy accordingly need more data to determine the 
R4_B_seed604,R4,0224,0192,38,36,72,0.0,0.0,0.0,0.875,0.0,0.19444444444444445,0.4861111111111111,0.08333333333333333,0.2638888888888889,0.0,0.0,0.0,0.0,0.008620689655172414,0.008620689655172414,,,practice-only=35; no-result-number=14; no-content=11; result-numbers-unmatched=8; prediction-only=2,initial expectation is based on past performance will observe outcome and adjust strategy accordingly
R4_B_seed604,R4,0256,0224,39,39,71,0.0,0.04225352112676056,0.09090909090909091,0.8450704225352113,0.014084507042253521,0.09859154929577464,0.352112676056338,0.04225352112676056,0.23943661971830985,0.014084507042253521,0.014084507042253521,0.0,0.0,0.00954653937947494,0.00954653937947494,,,no-result-number=26; practice-only=25; no-content=10; result-numbers-unmatched=7; N-mismatch=2,starting with <PASS> <PASS> <PASS> <PASS> will observe the outcome and compare it to past experiences need to form a specific prediction for this new program an
R4_B_seed604,R4,0288,0256,40,37,73,0.0,0.0,0.0,0.904109589041096,0.0136986301369863,0.1506849315068493,0.1643835616438356,0.0410958904109589,0.2054794520547945,0.0,0.0,0.0,0.0,0.008130081300813009,0.008130081300813009,,,no-result-number=43; practice-only=12; no-content=11; result-numbers-unmatched=7,starting with <PASS> <PASS> <PASS> <PASS> based on past experience will observe the outcome and form a hypothesis need to see if this combination holds true for
R4_B_seed604,R4,0320,0288,41,38,74,0.0,0.013513513513513514,0.0,0.8918918918918919,0.0,0.10810810810810811,0.16216216216216217,0.02702702702702703,0.24324324324324326,0.0,0.0,0.0,0.0,0.007067137809187279,0.007067137809187279,,,no-result-number=48; practice-only=12; result-numbers-unmatched=7; no-content=3; prediction-only=3,starting with <PASS> <PASS> <PASS> <PASS> based on consistent high reductions across various benchmarks this combination has shown the most promise so far will 
R4_B_seed604,R4,0352,0320,41,38,77,0.0,0.0,0.0,0.987012987012987,0.0,0.14285714285714285,0.18181818181818182,0.03896103896103896,0.2077922077922078,0.0,0.0,0.0,0.0,0.006220839813374806,0.006220839813374806,,,no-result-number=55; practice-only=14; no-content=7; result-numbers-unmatched=1,new program starting with <PASS> <PASS> <PASS> <PASS> based on past experience will observe the outcome and form a specific prediction for this case need to for
R4_B_seed604,R4,0384,0352,36,34,65,0.0,0.015384615384615385,0.0,0.9692307692307692,0.0,0.09230769230769231,0.15384615384615385,0.06153846153846154,0.2,0.0,0.0,0.0,0.0,0.005649717514124294,0.005649717514124294,,,no-result-number=47; practice-only=10; no-content=5; prediction-only=2; N-mismatch=1,initial thought
R4_B_seed604,R4,0416,0384,31,31,62,0.0,0.0,0.0,0.8225806451612903,0.0,0.08064516129032258,0.1774193548387097,0.06451612903225806,0.1935483870967742,0.0,0.0,0.0,0.0,0.005194805194805195,0.005194805194805195,,,no-result-number=41; practice-only=11; result-numbers-unmatched=9; no-content=1,starting with <PASS> <PASS> <PASS> <PASS> based on past experience predicted <NUM> <NUM> will observe reality and form a theory on why this works need to recall
R4_B_seed604,R4,0448,0416,28,28,53,0.0,0.0,0.0,0.9622641509433962,0.0,0.24528301886792453,0.11320754716981132,0.07547169811320754,0.39622641509433965,0.0,0.0,0.0,0.0,0.004860267314702308,0.004860267314702308,,,no-result-number=45; practice-only=6; no-content=2,starting with <PASS> <PASS> <PASS> <PASS> based on past experience predicted <NUM> <NUM> will observe reality and form a theory on why this works need to recall
R4_B_seed604,R4,0480,0448,24,24,45,0.0,0.0,0.0,0.9555555555555556,0.0,0.044444444444444446,0.06666666666666667,0.044444444444444446,0.2222222222222222,0.0,0.0,0.0,0.0,0.004608294930875576,0.004608294930875576,,,no-result-number=38; practice-only=3; result-numbers-unmatched=2; no-content=1; prediction-only=1,starting with <PASS> <PASS> <PASS> <PASS> based on past experience predicted <NUM> <NUM> will observe reality and form a theory on why this works need to recall
R4_B_seed604,R4,0512,0480,19,19,33,0.0,0.0,0.0,0.9393939393939394,0.0,0.030303030303030304,0.12121212121212122,0.030303030303030304,0.3333333333333333,0.0,0.0,0.0,0.0,0.004439511653718091,0.004439511653718091,,,no-result-number=27; practice-only=4; no-content=2,starting with <PASS> <PASS> <PASS> <PASS> based on consistent high reductions across various programs predicted <NUM> <NUM> will observe reality and compare it 
R4_B_seed604,R4,0544,0512,19,18,32,0.0,0.0,0.0,0.9375,0.0,0.1875,0.15625,0.0625,0.40625,0.0,0.0,0.0,0.0,0.004287245444801715,0.004287245444801715,,,no-result-number=23; practice-only=5; result-numbers-unmatched=2; prediction-only=1; no-pass-run-here=1,starting new program formed an expectation before acting
R4_B_seed604,R4,0576,0544,15,15,26,0.0,0.0,0.0,0.9615384615384616,0.0,0.23076923076923078,0.11538461538461539,0.15384615384615385,0.5769230769230769,0.0,0.0,0.0,0.0,0.004171011470281543,0.004171011470281543,,,no-result-number=22; practice-only=3; result-numbers-unmatched=1,new program starting with <PASS> <PASS> <PASS> <PASS> based on past experience predicted <NUM> <NUM> will observe reality and form a theory on why this works ne
R4_B_seed604,R4,0608,0576,14,14,25,0.0,0.04,1.0,0.96,0.0,0.36,0.08,0.12,0.52,0.04,0.04,0.0,0.0,0.00508130081300813,0.00508130081300813,,,no-result-number=21; practice-only=2; no-content=1,new program starting with <PASS> <PASS> <PASS> <PASS> based on past experience predicted <NUM> <NUM> will observe reality and form a theory on why this works ne
R4_B_seed604,R4,0640,0608,18,18,33,0.0,0.0,,1.0,0.0,0.36363636363636365,0.09090909090909091,0.09090909090909091,0.6060606060606061,0.0,0.0,0.0,0.0,0.004916420845624385,0.004916420845624385,,,no-result-number=30; practice-only=3,new program starting with <PASS> <PASS> <PASS> <PASS> based on past experience predicted <NUM> <NUM> will observe reality and form a the
R4_B_seed604,R4,0672,0640,21,21,40,0.0,0.0,,1.0,0.0,0.2,0.175,0.075,0.575,0.0,0.0,0.0,0.0,0.004730368968779565,0.004730368968779565,,,no-result-number=32; practice-only=7; no-content=1,new program starting with <PASS> <PASS> <PASS> <PASS> based on past experience predicted <NUM> <NUM> will observe reality and form a theory on why this works ne
R4_B_seed604,R4,0704,0672,14,14,27,0.0,0.0,0.0,0.9259259259259259,0.0,0.37037037037037035,0.14814814814814814,0.1111111111111111,0.7037037037037037,0.0,0.0,0.0,0.0,0.004612546125461255,0.004612546125461255,,,no-result-number=22; practice-only=4; result-numbers-unmatched=1,new program starting with <PASS> <PASS> <PASS> <PASS> based on past experience predicted <NUM> <NUM> will observe reality and form a theory on why this works ne
R4_B_seed604,R4,0736,0704,11,11,20,0.0,0.0,,1.0,0.0,0.55,0.2,0.1,0.65,0.0,0.0,0.0,0.0,0.004528985507246377,0.004528985507246377,,,no-result-number=13; practice-only=4; no-content=3,new program formed a specific expectation
R4_B_seed604,R4,0768,0736,10,9,16,0.0,0.0,0.0,0.9375,0.0,0.625,0.4375,0.3125,0.75,0.0,0.0,0.0,0.0,0.004464285714285714,0.004464285714285714,,,no-result-number=9; practice-only=7,new program formed an expectation before acting
R4_B_seed604,R4,0800,0768,9,9,16,0.0,0.0,,1.0,0.0,0.5,0.375,0.25,0.6875,0.0,0.0,0.0,0.0,0.0044014084507042256,0.0044014084507042256,,,no-result-number=10; practice-only=6,new program formed an expectation before acting
R4_B_seed604,R4,0832,0800,5,5,7,0.0,0.0,,1.0,0.0,0.0,0.5714285714285714,0.14285714285714285,0.14285714285714285,0.0,0.0,0.0,0.0,0.004374453193350831,0.004374453193350831,,,practice-only=4; no-result-number=3,new program formed an expectation before acting <PASS> <PASS> <PASS> <PASS>
R4_B_seed604,R4,0864,0832,7,6,12,0.0,0.0,,1.0,0.0,0.5,0.5,0.3333333333333333,0.6666666666666666,0.0,0.0,0.0,0.0,0.004329004329004329,0.004329004329004329,,,practice-only=6; no-result-number=5; no-content=1,new program formed an expectation before acting
R4_B_seed604,R4,0896,0864,5,5,10,0.0,0.0,,1.0,0.0,0.2,0.5,0.2,0.5,0.0,0.0,0.0,0.0,0.004291845493562232,0.004291845493562232,,,practice-only=5; no-result-number=3; no-content=2,new program formed an expectation before acting starting with <PASS> <PASS> <PASS> <PASS> based on past experience predicted <NUM> <NUM> will observe reality an
R4_B_seed604,R4,0928,0896,6,6,9,0.0,0.0,,1.0,0.0,0.4444444444444444,0.6666666666666666,0.2222222222222222,0.7777777777777778,0.0,0.0,0.0,0.0,0.004258943781942078,0.004258943781942078,,,practice-only=6; no-content=2; no-result-number=1,new program formed a specific expectation before acting
R4_B_seed604,R4,0960,0928,4,4,6,0.0,0.0,,1.0,0.0,0.5,0.5,0.3333333333333333,1.0,0.0,0.0,0.0,0.0,0.00423728813559322,0.00423728813559322,,,practice-only=3; no-result-number=3,new program formed an expectation before acting starting with <PASS> <PASS> <PASS> <PASS> based on past experience predicted <NUM> <NUM> will observe reality an
R4_B_seed604,R4,0992,0960,3,3,6,0.0,0.0,,1.0,0.0,0.5,0.8333333333333334,0.3333333333333333,0.6666666666666666,0.0,0.0,0.0,0.0,0.0042158516020236085,0.0042158516020236085,,,practice-only=5; no-content=1,new program formed an expectation before acting
R4_B_seed604,R4,1024,0992,2,2,1,0.0,0.0,,1.0,0.0,0.0,1.0,1.0,0.0,0.0,0.0,0.0,0.0,0.004212299915754001,0.004212299915754001,662,0.0075528700906344415,practice-only=1,new program formed an expectation before acting starting with <PASS> <PASS> <PASS> <PASS>
R4_B_seed605,R4,0032,,110,34,19,0.0,0.0,,1.0,0.0,0.0,0.0,0.05263157894736842,0.0,0.0,0.0,0.0,0.0,0.0,0.0,,,no-content=17; no-result-number=2,these are common early-stage optimizations that often have a broad impact let s see if they make a significant difference in instruction count
R4_B_seed605,R4,0064,0032,106,35,39,0.0,0.05128205128205128,1.0,0.8461538461538461,0.0,0.1282051282051282,0.10256410256410256,0.1282051282051282,0.1282051282051282,0.05128205128205128,0.05128205128205128,0.0,0.0,0.034482758620689655,0.034482758620689655,,,no-result-number=25; practice-only=4; no-content=3; not-adjacent=2; no-pass-run-here=2,initial passes <PASS> <PASS> <PASS> <PASS>
R4_B_seed605,R4,0096,0064,53,10,19,0.0,0.05263157894736842,0.5,0.8947368421052632,0.0,0.2631578947368421,0.21052631578947367,0.10526315789473684,0.3157894736842105,0.0,0.0,0.0,0.0,0.025974025974025976,0.025974025974025976,,,no-result-number=9; no-content=4; practice-only=4; no-pass-run-here=1; N-mismatch=1,initial passes <PASS> <PASS> <PASS> <PASS> expecting substantial reduction
R4_B_seed605,R4,0128,0096,16,4,7,0.0,0.0,,1.0,0.0,0.42857142857142855,0.5714285714285714,0.2857142857142857,0.42857142857142855,0.0,0.0,0.0,0.0,0.023809523809523808,0.023809523809523808,,,practice-only=4; prediction-only=2; no-result-number=1,initial passes <PASS> <PASS> <PASS> <PASS> expect significant reduction given past experience will observe outcome and adjust strategy based on results
R4_B_seed605,R4,0160,0128,43,29,42,0.0,0.0,1.0,0.9761904761904762,0.0,0.11904761904761904,0.35714285714285715,0.047619047619047616,0.11904761904761904,0.0,0.0,0.0,0.0,0.015873015873015872,0.015873015873015872,,,no-result-number=23; practice-only=15; prediction-only=2; not-adjacent=1; no-content=1,forming an expectation based on the nature of the new benchmark this is a new program and i expect the initial pass sequence <PASS> <PASS> <PASS> <PASS> to yiel
R4_B_seed605,R4,0192,0160,40,34,62,0.0,0.0,,1.0,0.0,0.04838709677419355,0.532258064516129,0.03225806451612903,0.04838709677419355,0.0,0.0,0.0,0.0,0.010638297872340425,0.010638297872340425,,,practice-only=33; no-result-number=16; prediction-only=9; no-content=4,initial passes <PASS> <PASS> <PASS> <PASS> predicted <NUM> reduction based on past experience
R4_B_seed605,R4,0224,0192,48,38,69,0.0,0.0,,1.0,0.0,0.07246376811594203,0.6086956521739131,0.043478260869565216,0.08695652173913043,0.0,0.0,0.0,0.0,0.007782101167315175,0.007782101167315175,,,practice-only=42; no-result-number=17; no-content=10,starting new program will write down what i learn about this specific benchmark to see if my initial passes <PASS> <PASS> <PASS> <PASS> have the same effect wil
R4_B_seed605,R4,0256,0224,44,34,65,0.0,0.0,,1.0,0.0,0.0,0.8307692307692308,0.015384615384615385,0.0,0.0,0.0,0.0,0.0,0.006211180124223602,0.006211180124223602,,,practice-only=54; no-result-number=6; no-content=4; prediction-only=1,forming an expectation based on the benchmark s previous optimization patterns i ll start with the usual suspects <PASS> <PASS> <PASS> <PASS> this is a new prog
R4_B_seed605,R4,0288,0256,42,37,74,0.0,0.0,,1.0,0.0,0.10810810810810811,0.8513513513513513,0.04054054054054054,0.13513513513513514,0.0,0.0,0.0,0.0,0.005050505050505051,0.005050505050505051,,,practice-only=63; no-result-number=10; no-content=1,formed an expectation based on past experience will write down what i learn after this action
R4_B_seed605,R4,0320,0288,42,36,72,0.0,0.0,,1.0,0.0,0.25,0.9166666666666666,0.08333333333333333,0.3194444444444444,0.0,0.0,0.0,0.0,0.004273504273504274,0.004273504273504274,,,practice-only=66; no-result-number=4; no-content=1; prediction-only=1,formed an expectation based on past experience will write down what i learn and compare it to my prediction
R4_B_seed605,R4,0352,0320,43,32,64,0.0,0.0,,1.0,0.0,0.40625,0.96875,0.140625,0.546875,0.0,0.0,0.0,0.0,0.0037593984962406013,0.0037593984962406013,,,practice-only=62; no-result-number=1; no-content=1,formed an expectation based on past success will write down what i learn and compare it to previous experiences to see if my prediction was correct
R4_B_seed605,R4,0384,0352,31,27,52,0.0,0.0,,1.0,0.0,0.5,1.0,0.21153846153846154,0.6346153846153846,0.0,0.0,0.0,0.0,0.003424657534246575,0.003424657534246575,,,practice-only=52,formed an expectation based on past success will write down what i learn and compare it to previous experiences to see if my prediction was correct
R4_B_seed605,R4,0416,0384,33,27,54,0.0,0.0,,1.0,0.0,0.5925925925925926,1.0,0.18518518518518517,0.8888888888888888,0.0,0.0,0.0,0.0,0.003134796238244514,0.003134796238244514,,,practice-only=54,formed an expectation based on past success will write down what i learn and compare it to previous experiences to identify any differences
R4_B_seed605,R4,0448,0416,23,23,44,0.0,0.0,,1.0,0.0,0.7045454545454546,1.0,0.4090909090909091,0.8409090909090909,0.0,0.0,0.0,0.0,0.002932551319648094,0.002932551319648094,,,practice-only=44,formed an expectation based on past success will write down what i learn and compare it to previous experiences to see if my prediction was correct
R4_B_seed605,R4,0480,0448,14,12,24,0.0,0.0,,1.0,0.0,0.7916666666666666,1.0,0.5833333333333334,0.9583333333333334,0.0,0.0,0.0,0.0,0.0028328611898017,0.0028328611898017,,,practice-only=24,formed an expectation based on past success will write down what i learn and compare it to previous experiences to see if my prediction was correct
R4_B_seed605,R4,0512,0480,16,14,28,0.0,0.0,,1.0,0.0,0.7857142857142857,1.0,0.6428571428571429,0.8571428571428571,0.0,0.0,0.0,0.0,0.0027247956403269754,0.0027247956403269754,,,practice-only=28,formed an expectation based on past success will write down what i learn and compare it to previous experiences to see if my prediction was correct
R4_B_seed605,R4,0544,0512,14,13,25,0.0,0.0,,1.0,0.0,0.56,1.0,0.28,0.84,0.0,0.0,0.0,0.0,0.002635046113306983,0.002635046113306983,,,practice-only=25,formed an expectation based on past success will write down what i learn and compare it to previous experiences to see if the initial pass sequence will have th
R4_B_seed605,R4,0576,0544,13,12,24,0.0,0.0,,1.0,0.0,0.8333333333333334,1.0,0.25,1.0,0.0,0.0,0.0,0.0,0.002554278416347382,0.002554278416347382,,,practice-only=24,formed an expectation based on past success will write down what i learn and compare it to previous experiences to see if my prediction was correct
R4_B_seed605,R4,0608,0576,13,13,25,0.0,0.0,,1.0,0.0,0.56,1.0,0.16,0.8,0.0,0.0,0.0,0.0,0.0024752475247524753,0.0024752475247524753,,,practice-only=25,formed an expectation based on past success will write down what i learn and compare it to previous experiences to see if the initial pass sequence will have th
R4_B_seed605,R4,0640,0608,8,7,14,0.0,0.0,,1.0,0.0,0.5714285714285714,1.0,0.21428571428571427,0.7857142857142857,0.0,0.0,0.0,0.0,0.0024330900243309003,0.0024330900243309003,,,practice-only=14,formed an expectation based on past success will write down what i learn and compare it to previous experiences to see if the initial pass sequence will have
R4_B_seed605,R4,0672,0640,16,16,31,0.0,0.0,,1.0,0.0,0.6451612903225806,1.0,0.16129032258064516,0.8387096774193549,0.0,0.0,0.0,0.0,0.0023446658851113715,0.0023446658851113715,,,practice-only=31,formed an expectation based on the initial instruction count of the new program will write down what i learn and compare it to past experiences to see if the pr
R4_B_seed605,R4,0704,0672,14,10,20,0.0,0.0,,1.0,0.0,0.65,1.0,0.2,0.9,0.0,0.0,0.0,0.0,0.002290950744558992,0.002290950744558992,,,practice-only=20,formed an expectation based on past success will write down what i learn and compare it to previous experiences to see if the initial pass sequence will have
R4_B_seed605,R4,0736,0704,11,11,21,0.0,0.0,,1.0,0.0,0.6666666666666666,1.0,0.2857142857142857,1.0,0.0,0.0,0.0,0.0,0.0022371364653243847,0.0022371364653243847,,,practice-only=21,formed an expectation based on the initial instruction count of the new program will write down what i learn and compare it to past experiences to see if the pr
R4_B_seed605,R4,0768,0736,7,6,12,0.0,0.0,,1.0,0.0,0.9166666666666666,1.0,0.4166666666666667,1.0,0.0,0.0,0.0,0.0,0.002207505518763797,0.002207505518763797,,,practice-only=12,formed an expectation based on past success will write down what i learn and compare it to previous experiences to see if the initial pass sequence will have
R4_B_seed605,R4,0800,0768,12,10,19,0.0,0.0,,1.0,0.0,0.8421052631578947,1.0,0.3684210526315789,0.9473684210526315,0.0,0.0,0.0,0.0,0.002162162162162162,0.002162162162162162,,,practice-only=19,formed an expectation based on past success will write down what i learn and compare it to previous experiences to see if the initial pass sequence will have
R4_B_seed605,R4,0832,0800,4,3,5,0.0,0.0,,1.0,0.0,1.0,1.0,0.4,1.0,0.0,0.0,0.0,0.0,0.002150537634408602,0.002150537634408602,,,practice-only=5,formed an expectation based on past success will write down what i learn and compare it to previous experiences to see if the initial pass sequence will have
R4_B_seed605,R4,0864,0832,5,4,8,0.0,0.0,,1.0,0.0,1.0,1.0,0.625,1.0,0.0,0.0,0.0,0.0,0.0021321961620469083,0.0021321961620469083,,,practice-only=8,formed an expectation based on past success will write down what i learn and compare it to previous experiences to see if the initial pass sequence will have
R4_B_seed605,R4,0896,0864,1,1,2,0.0,0.0,,1.0,0.0,1.0,1.0,1.0,1.0,0.0,0.0,0.0,0.0,0.002127659574468085,0.002127659574468085,,,practice-only=2,formed an expectation based on past success will write down what i learn and compare it to previous experiences to see if the initial pass sequence will have
R4_B_seed605,R4,0928,0896,5,4,8,0.0,0.0,,1.0,0.0,0.875,1.0,0.625,1.0,0.0,0.0,0.0,0.0,0.002109704641350211,0.002109704641350211,,,practice-only=8,formed an expectation based on past success will write down what i learn and compare it to previous experiences to see if the initial pass sequence will have
R4_B_seed605,R4,0960,0928,4,4,7,0.0,0.0,,1.0,0.0,1.0,1.0,0.7142857142857143,1.0,0.0,0.0,0.0,0.0,0.0020942408376963353,0.0020942408376963353,,,practice-only=7,formed an expectation based on past success will write down what i learn and compare it to previous experiences to see if the initial pass sequence will have
R4_B_seed605,R4,0992,0960,6,5,8,0.0,0.0,,1.0,0.0,1.0,1.0,0.5,1.0,0.0,0.0,0.0,0.0,0.0020768431983385254,0.0020768431983385254,545,0.001834862385321101,practice-only=8,formed an expectation based on past success will write down what i learn and compare it to previous experiences to see if the initial pass sequence will have
R4_B_seed606,R4,0032,,111,33,18,0.0,0.05555555555555555,1.0,0.8888888888888888,0.0,0.0,0.0,0.05555555555555555,0.0,0.05555555555555555,0.05555555555555555,0.0,0.0,0.05555555555555555,0.05555555555555555,,,no-content=14; no-result-number=2; no-pass-run-here=1,i expect these passes to have a moderate impact as the program is a benchmark and should have redundant memory accesses and opportunities for strength reduction
R4_B_seed606,R4,0064,0032,103,34,28,0.0,0.0,0.6666666666666666,0.8928571428571429,0.03571428571428571,0.0,0.07142857142857142,0.03571428571428571,0.0,0.0,0.0,0.0,0.0,0.021739130434782608,0.021739130434782608,,,no-content=21; no-pass-run-here=2; practice-only=2; no-result-number=2; not-adjacent=1,initial optimization attempt focusing on highly effective combination will document the outcome to see if it meets the predicti
R4_B_seed606,R4,0096,0064,64,15,27,0.0,0.0,1.0,0.8888888888888888,0.0,0.3333333333333333,0.18518518518518517,0.07407407407407407,0.3333333333333333,0.0,0.0,0.0,0.0,0.0136986301369863,0.0136986301369863,,,no-content=11; no-result-number=7; practice-only=5; no-pass-run-here=3; prediction-only=1,initial passes based on previous success will monitor the outcome to validate the prediction
R4_B_seed606,R4,0128,0096,22,5,11,0.0,0.0,0.0,0.8181818181818181,0.0,0.36363636363636365,0.18181818181818182,0.18181818181818182,0.36363636363636365,0.0,0.0,0.0,0.0,0.011904761904761904,0.011904761904761904,,,no-content=3; prediction-only=2; no-result-number=2; result-numbers-unmatched=2; practice-only=2,initial expectation was <NUM> <NUM> based on past experience will note if reality differs
R4_B_seed606,R4,0160,0128,49,33,72,0.0,0.013888888888888888,0.2,0.8611111111111112,0.0,0.19444444444444445,0.20833333333333334,0.041666666666666664,0.20833333333333334,0.013888888888888888,0.013888888888888888,0.0,0.0,0.01282051282051282,0.01282051282051282,,,no-content=26; no-result-number=17; practice-only=15; result-numbers-unmatched=7; prediction-only=5,initial passes <PASS> <PASS> <PASS> <PASS> expect a reduction of <NUM> <NUM> based on past experience will note the outcome to learn from the new benchmark
R4_B_seed606,R4,0192,0160,85,36,73,0.0,0.0136986301369863,0.0,0.9315068493150684,0.0,0.1095890410958904,0.2054794520547945,0.0410958904109589,0.1232876712328767,0.0,0.0,0.0,0.0,0.008733624454148471,0.008733624454148471,,,no-content=24; no-result-number=22; practice-only=15; prediction-only=8; result-numbers-unmatched=2,initial expectation is high but will be surprised if <PASS> does not show the same effect need to remain open to unexpected outcomes
R4_B_seed606,R4,0224,0192,89,38,73,0.0,0.0136986301369863,0.0,0.9452054794520548,0.0,0.0821917808219178,0.3424657534246575,0.0410958904109589,0.1095890410958904,0.0,0.0,0.0,0.0,0.006622516556291391,0.006622516556291391,,,practice-only=25; no-result-number=22; no-content=20; prediction-only=4; result-numbers-unmatched=1,initial expectation is <NUM> <NUM> will form a new theory if reality surprises me primary approach <PASS> <PASS> <PASS> <PASS> <PASS> <PASS>
R4_B_seed606,R4,0256,0224,58,40,72,0.0,0.0,0.0,0.9861111111111112,0.0,0.06944444444444445,0.3611111111111111,0.027777777777777776,0.06944444444444445,0.0,0.0,0.0,0.0,0.0053475935828877,0.0053475935828877,,,no-content=31; practice-only=26; no-result-number=13; prediction-only=2,formed expectation moderate improvement <NUM> <NUM> will observe reality and learn from the outcome this is a new program so the combination might not yield the
R4_B_seed606,R4,0288,0256,57,39,49,0.0,0.0,,1.0,0.0,0.08163265306122448,0.4489795918367347,0.04081632653061224,0.10204081632653061,0.0,0.0,0.0,0.0,0.004728132387706856,0.004728132387706856,,,practice-only=22; no-content=16; no-result-number=11,formed an expectation moderate improvement <NUM> <NUM> based on past succes
R4_B_seed606,R4,0320,0288,58,41,74,0.0,0.0,,1.0,0.0,0.0945945945945946,0.6621621621621622,0.04054054054054054,0.16216216216216217,0.0,0.0,0.0,0.0,0.004024144869215292,0.004024144869215292,,,practice-only=49; no-content=22; no-result-number=3,formed an expectation of a moderate improvement <NUM> <NUM> based on past success will test this on the new progra
R4_B_seed606,R4,0352,0320,40,37,59,0.0,0.0,,1.0,0.0,0.1694915254237288,0.3898305084745763,0.05084745762711865,0.3050847457627119,0.0,0.0,0.0,0.0,0.0035971223021582736,0.0035971223021582736,,,no-content=27; practice-only=23; no-result-number=9,formed an expectation of a moderate improvement <NUM> <NUM> based on past success will test on new
R4_B_seed606,R4,0384,0352,47,36,59,0.0,0.0,,1.0,0.0,0.1864406779661017,0.3728813559322034,0.06779661016949153,0.2542372881355932,0.0,0.0,0.0,0.0,0.0032520325203252032,0.0032520325203252032,,,no-content=32; practice-only=22; no-result-number=3; no-pass-run-here=2,formed initial expectation moderate improvement <NUM> <NUM>
R4_B_seed606,R4,0416,0384,42,34,60,0.0,0.0,,1.0,0.0,0.38333333333333336,0.3,0.13333333333333333,0.5,0.0,0.0,0.0,0.0,0.002962962962962963,0.002962962962962963,,,no-content=30; practice-only=18; no-result-number=9; prediction-only=3,formed initial expectation moderate improvement <NUM> <NUM>
R4_B_seed606,R4,0448,0416,25,23,32,0.0,0.0,,1.0,0.0,0.5,0.0625,0.3125,0.5625,0.0,0.0,0.0,0.0,0.002828854314002829,0.002828854314002829,,,no-content=25; no-result-number=5; practice-only=2,formed initial expectation moderate improvement <NUM> <NUM>
R4_B_seed606,R4,0480,0448,30,19,24,0.0,0.0,1.0,0.9583333333333334,0.0,0.625,0.08333333333333333,0.4166666666666667,0.7083333333333334,0.0,0.0,0.0,0.0,0.0027359781121751026,0.0027359781121751026,,,no-result-number=13; no-content=8; practice-only=2; not-adjacent=1,formed initial expectation <PASS> <PASS> <PASS> <PASS>
R4_B_seed606,R4,0512,0480,14,11,11,0.0,0.0,,1.0,0.0,0.45454545454545453,0.0,0.36363636363636365,0.5454545454545454,0.0,0.0,0.0,0.0,0.0026954177897574125,0.0026954177897574125,,,no-result-number=8; no-content=2; prediction-only=1,formed initial expectation <PASS> <PASS> <PASS> <PASS>
R4_B_seed606,R4,0544,0512,16,14,10,0.0,0.0,,1.0,0.0,0.6,0.0,0.4,0.6,0.0,0.0,0.0,0.0,0.0026595744680851063,0.0026595744680851063,,,no-result-number=7; no-content=3,formed initial expectation <PASS> <PASS> <PASS> <PASS>
R4_B_seed606,R4,0576,0544,13,12,14,0.0,0.0,,1.0,0.0,0.5,0.0,0.5,0.5714285714285714,0.0,0.0,0.0,0.0,0.0026109660574412533,0.0026109660574412533,,,no-result-number=13; no-content=1,formed initial expectation <PASS> <PASS> <PASS> <PASS>
R4_B_seed606,R4,0608,0576,7,7,5,0.0,0.0,,1.0,0.0,0.8,0.0,0.8,0.8,0.0,0.0,0.0,0.0,0.0025940337224383916,0.0025940337224383916,,,no-result-number=5,formed initial expectation <PASS> <PASS> <PASS> <PASS>
R4_B_seed606,R4,0640,0608,23,20,5,0.0,0.0,,1.0,0.0,0.6,0.0,0.4,0.6,0.0,0.0,0.0,0.0,0.002577319587628866,0.002577319587628866,,,no-result-number=5,formed initial expectation <PASS> <PASS> <PASS> <PASS> <PASS> <PASS> <PASS> <PASS> <PASS> expect <NUM> <NUM> will note reality to learn tested on new program fo
R4_B_seed606,R4,0672,0640,15,12,3,0.0,0.0,,1.0,0.0,0.3333333333333333,0.0,0.3333333333333333,0.3333333333333333,0.0,0.0,0.0,0.0,0.0025673940949935813,0.0025673940949935813,,,no-result-number=2; no-content=1,formed initial expectation <PASS> <PASS> <PASS> <PASS> <PASS> <PASS> <PASS> <PASS> <PASS>
R4_B_seed606,R4,0704,0672,26,25,15,0.0,0.0,,1.0,0.0,0.8,0.0,0.8,0.8666666666666667,0.0,0.0,0.0,0.0,0.0025188916876574307,0.0025188916876574307,,,no-result-number=12; prediction-only=2; no-content=1,formed initial expectation <PASS> <PASS> <PASS> <PASS>
R4_B_seed606,R4,0736,0704,26,24,19,0.0,0.0,,1.0,0.0,0.5789473684210527,0.0,0.5263157894736842,0.5789473684210527,0.0,0.0,0.0,0.0,0.0024600246002460025,0.0024600246002460025,,,no-result-number=15; no-content=4,formed initial expectation <PASS> <PASS> <PASS> <PASS>
R4_B_seed606,R4,0768,0736,12,11,9,0.0,0.0,,1.0,0.0,0.6666666666666666,0.1111111111111111,0.2222222222222222,0.6666666666666666,0.0,0.0,0.0,0.0,0.0024330900243309003,0.0024330900243309003,,,no-result-number=4; no-content=3; practice-only=1; prediction-only=1,formed initial expect
R4_B_seed606,R4,0800,0768,21,15,7,0.0,0.0,,1.0,0.0,0.5714285714285714,0.0,0.2857142857142857,0.5714285714285714,0.0,0.0,0.0,0.0,0.0024125452352231603,0.0024125452352231603,,,no-content=5; no-result-number=2,formed initial expect
R4_B_seed606,R4,0832,0800,23,17,5,0.0,0.0,,1.0,0.0,0.8,0.0,0.4,0.8,0.0,0.0,0.0,0.0,0.002398081534772182,0.002398081534772182,,,no-result-number=3; no-content=2,formed initial expectation <PASS> <PASS> <PASS> <PASS>
R4_B_seed606,R4,0864,0832,21,19,9,0.0,0.0,,1.0,0.0,0.2222222222222222,0.1111111111111111,0.3333333333333333,0.2222222222222222,0.0,0.0,0.0,0.0,0.002372479240806643,0.002372479240806643,,,no-result-number=4; no-content=4; practice-only=1,formed initial note
R4_B_seed606,R4,0896,0864,16,15,6,0.0,0.0,,1.0,0.0,0.5,0.0,0.16666666666666666,0.5,0.0,0.0,0.0,0.0,0.002355712603062426,0.002355712603062426,,,no-content=3; no-result-number=3,formed initial expect
R4_B_seed606,R4,0928,0896,20,17,7,0.0,0.0,,1.0,0.0,0.42857142857142855,0.0,0.2857142857142857,0.42857142857142855,0.0,0.0,0.0,0.0,0.002336448598130841,0.002336448598130841,,,no-result-number=3; prediction-only=2; no-content=2,formed initial expect
R4_B_seed606,R4,0960,0928,19,18,4,0.0,0.0,,1.0,0.0,0.5,0.25,0.5,0.5,0.0,0.0,0.0,0.0,0.002325581395348837,0.002325581395348837,,,no-result-number=3; practice-only=1,formed initial expectation <PASS> <PASS> <PASS> <PASS>
R4_B_seed606,R4,0992,0960,28,23,2,0.0,0.0,0.0,0.5,0.0,0.5,0.0,0.5,0.5,0.0,0.0,0.0,0.0,0.002320185614849188,0.002320185614849188,,,result-numbers-unmatched=1; no-content=1,formed initial expectation <PASS> <PASS> <PASS> <PASS> <PASS> <PASS> <PASS> <PASS> <PASS> <PASS> <PASS> <PASS> <PASS> expect <NUM> <NUM> <NUM> <NUM> reduction w
R4_B_seed606,R4,1024,0992,28,25,4,0.0,0.0,,1.0,0.0,0.25,0.0,0.25,0.5,0.0,0.0,0.0,0.0,0.0023094688221709007,0.0023094688221709007,748,0.00267379679144385,no-result-number=3; prediction-only=1,formed initial expectation <PASS> <PASS> <PASS> <PASS>
R5_B_seed700,R5,0032,,119,38,25,0.0,0.04,0.0,0.84,0.0,0.0,0.04,0.04,0.0,0.0,0.0,0.0,0.0,0.0,0.0,,,no-content=15; no-result-number=5; no-pass-run-here=2; practice-only=1; N-mismatch=1,initial expectation is for a <NUM>-<NUM> reduction in instruction count after applying a standard set of llvm passes
R5_B_seed700,R5,0064,0032,116,37,39,0.0,0.0,0.5,0.9487179487179487,0.0,0.02564102564102564,0.28205128205128205,0.05128205128205128,0.02564102564102564,0.0,0.0,0.0,0.0,0.0,0.0,,,no-content=15; practice-only=11; no-result-number=10; no-pass-run-here=2; prediction-only=1,initial passes based on past success will monitor outcome and adjust strategy accordingly
R5_B_seed700,R5,0096,0064,69,21,46,0.0,0.043478260869565216,0.9375,0.6521739130434783,0.0,0.1956521739130435,0.2391304347826087,0.043478260869565216,0.21739130434782608,0.021739130434782608,0.021739130434782608,0.0,0.0,0.00909090909090909,0.00909090909090909,96,0.010416666666666666,no-content=19; practice-only=11; no-pass-run-here=10; no-result-number=3; not-adjacent=1,repeating successful pass sequence will observe the outcome outcome instructions <NUM> <NUM> <NUM> <NUM> reduction score <NUM> <NUM>
R5_B_seed701,R5,0032,,124,37,31,0.0,0.03225806451612903,0.6,0.8387096774193549,0.0,0.06451612903225806,0.0,0.06451612903225806,0.06451612903225806,0.03225806451612903,0.03225806451612903,0.0,0.0,0.03225806451612903,0.03225806451612903,,,no-content=15; no-result-number=9; no-pass-run-here=5; result-numbers-unmatched=1,it seems that adding <PASS> was invalid and the subsequent passes did not yield any improvement this suggests that the initial set of passes was already quite e
R5_B_seed701,R5,0064,0032,130,41,54,0.0,0.05555555555555555,0.9090909090909091,0.7962962962962963,0.018518518518518517,0.037037037037037035,0.09259259259259259,0.037037037037037035,0.05555555555555555,0.05555555555555555,0.05555555555555555,0.0,0.0,0.047058823529411764,0.047058823529411764,,,no-result-number=18; no-content=17; no-pass-run-here=7; practice-only=5; prediction-only=3,initial expectation is that a combination of <PASS> <PASS> <PASS> and <PASS> will reduce instructions by over <NUM>
R5_B_seed701,R5,0096,0064,84,24,52,0.0,0.07692307692307693,0.8,0.7115384615384616,0.0,0.11538461538461539,0.21153846153846154,0.09615384615384616,0.11538461538461539,0.07692307692307693,0.07692307692307693,0.0,0.0,0.058394160583941604,0.058394160583941604,,,no-content=16; no-result-number=12; practice-only=11; not-adjacent=4; no-pass-run-here=2,initial passes <PASS> <PASS> <PASS> <PASS> will observe the outcome and adjust strategy based on the result
R5_B_seed701,R5,0128,0096,58,22,52,0.0,0.019230769230769232,1.0,0.8461538461538461,0.0,0.3269230769230769,0.4230769230769231,0.1346153846153846,0.3269230769230769,0.019230769230769232,0.019230769230769232,0.0,0.0,0.047619047619047616,0.047619047619047616,,,practice-only=22; no-result-number=18; no-content=8; no-pass-run-here=2; prediction-only=1,initial passes <PASS> <PASS> <PASS> <PASS> will observe the outcome and adjust strategy based on the result
R5_B_seed701,R5,0160,0128,80,44,95,0.0,0.031578947368421054,0.8333333333333334,0.9368421052631579,0.0,0.3368421052631579,0.5052631578947369,0.21052631578947367,0.42105263157894735,0.021052631578947368,0.021052631578947368,0.0,0.0,0.03873239436619718,0.03873239436619718,,,practice-only=48; no-result-number=24; no-content=19; duplicate=1; no-pass-run-here=1,initial passes <PASS> <PASS> <PASS> <PASS> will observe the outcome and adjust strategy based on the result
R5_B_seed701,R5,0192,0160,80,48,109,0.0,0.0,,1.0,0.0,0.46788990825688076,0.5504587155963303,0.11009174311926606,0.5137614678899083,0.0,0.0,0.0,0.0,0.027989821882951654,0.027989821882951654,,,practice-only=60; no-result-number=37; no-content=9; prediction-only=3,initial passes <PASS> <PASS> <PASS> <PASS> <PASS> <PASS> <PASS> <PASS> will observe the outcome and adjust strategy based on the result
R5_B_seed701,R5,0224,0192,46,40,85,0.0,0.0,,1.0,0.0,0.5764705882352941,0.7176470588235294,0.25882352941176473,0.6352941176470588,0.0,0.0,0.0,0.0,0.02301255230125523,0.02301255230125523,,,practice-only=61; no-result-number=17; no-content=7,initial passes <PASS> <PASS> <PASS> <PASS> <PASS> <PASS> will observe the outcome and adjust strategy based on the result
R5_B_seed701,R5,0256,0224,61,41,85,0.0,0.0,,1.0,0.0,0.5294117647058824,0.5764705882352941,0.10588235294117647,0.611764705882353,0.0,0.0,0.0,0.0,0.019538188277087035,0.019538188277087035,,,practice-only=49; no-result-number=30; no-content=5; prediction-only=1,initial passes <PASS> <PASS> <PASS> <PASS> <PASS> <PASS> will observe the outcome and adjust strategy based on the result
R5_B_seed701,R5,0288,0256,51,41,83,0.0,0.0,,1.0,0.0,0.6746987951807228,0.4939759036144578,0.2891566265060241,0.7228915662650602,0.0,0.0,0.0,0.0,0.017027863777089782,0.017027863777089782,338,0.023668639053254437,practice-only=41; no-result-number=34; prediction-only=6; no-content=1; no-pass-run-here=1,initial passes <PASS> <PASS> <PASS> <PASS> <PASS> <PASS> <PASS> <PASS> will observe the outcome and adjust strategy based on the result
R5_B_seed702,R5,0032,,122,36,18,0.0,0.0,1.0,0.9444444444444444,0.0,0.0,0.1111111111111111,0.05555555555555555,0.0,0.0,0.0,0.0,0.0,0.0,0.0,36,0.0,no-content=13; practice-only=2; no-result-number=2; no-pass-run-here=1,initial expectation is based on the common optimization sequence i will assess the effectiveness and adjust my strategy if needed
RP_B_seed402,RP,0032,,112,34,16,0.0,0.0,,1.0,0.0,0.0,0.0,0.0625,0.0,0.0,0.0,0.0,0.0,0.0,0.0,,,no-content=13; no-result-number=3,initial passes aimed at reducing redundancy
RP_B_seed402,RP,0064,0032,104,33,41,0.0,0.0,,1.0,0.0,0.2682926829268293,0.0975609756097561,0.17073170731707318,0.2682926829268293,0.0,0.0,0.0,0.0,0.0,0.0,,,no-content=21; no-result-number=16; practice-only=4,initial passes <PASS> <PASS> <PASS> <PASS>
RP_B_seed402,RP,0096,0064,38,10,18,0.0,0.0,1.0,0.7777777777777778,0.0,0.3333333333333333,0.16666666666666666,0.1111111111111111,0.3888888888888889,0.0,0.0,0.0,0.0,0.0,0.0,,,no-content=7; no-result-number=4; practice-only=3; no-pass-run-here=3; not-adjacent=1,initial passes sequence based on past success will observe outcome and adjust strategy accordingly
RP_B_seed402,RP,0128,0096,17,3,8,0.0,0.0,0.0,0.75,0.0,0.625,0.25,0.25,0.625,0.0,0.0,0.0,0.0,0.0,0.0,,,no-content=3; no-pass-run-here=2; practice-only=2; no-result-number=1,initial passes consistently reduce instruction count by <NUM> <NUM> will apply them again
RP_B_seed402,RP,0160,0128,48,29,66,0.0,0.0,,1.0,0.0,0.19696969696969696,0.045454545454545456,0.06060606060606061,0.21212121212121213,0.0,0.0,0.0,0.0,0.0,0.0,,,no-content=32; no-result-number=21; prediction-only=10; practice-only=3,initial passes show consistent effectiveness across various benchmarks will re-evaluate their impact on new programs
RP_B_seed402,RP,0192,0160,42,34,70,0.0,0.014285714285714285,1.0,0.9857142857142858,0.0,0.22857142857142856,0.08571428571428572,0.07142857142857142,0.24285714285714285,0.014285714285714285,0.014285714285714285,0.0,0.0,0.0045662100456621,0.0045662100456621,,,no-result-number=45; no-content=12; practice-only=6; prediction-only=6,initial passes <PASS> <PASS> <PASS> <PASS>
RP_B_seed402,RP,0224,0192,39,35,71,0.0,0.0,,1.0,0.0,0.28169014084507044,0.22535211267605634,0.09859154929577464,0.30985915492957744,0.0,0.0,0.0,0.0,0.0034482758620689655,0.0034482758620689655,,,no-result-number=35; practice-only=16; prediction-only=12; no-content=8,initial passes <PASS> <PASS> <PASS> <PASS> will observe their impact and adjust strategy based on outcome
RP_B_seed402,RP,0256,0224,28,26,52,0.0,0.0,,1.0,0.0,0.2692307692307692,0.21153846153846154,0.11538461538461539,0.3269230769230769,0.0,0.0,0.0,0.0,0.0029239766081871343,0.0029239766081871343,,,no-result-number=34; practice-only=11; no-content=4; prediction-only=3,initial passes <PASS> <PASS> <PASS> <PASS> will observe their impact and adjust strategy based on outcome
RP_B_seed402,RP,0288,0256,35,31,62,0.0,0.0,,1.0,0.0,0.3870967741935484,0.3870967741935484,0.20967741935483872,0.45161290322580644,0.0,0.0,0.0,0.0,0.0024752475247524753,0.0024752475247524753,,,no-result-number=34; practice-only=24; prediction-only=4,initial passes <PASS> <PASS> <PASS> <PASS> will observe their impact and adjust strategy based on outcome
RP_B_seed402,RP,0320,0288,30,28,59,0.0,0.0,,1.0,0.0,0.5084745762711864,0.4915254237288136,0.2711864406779661,0.559322033898305,0.0,0.0,0.0,0.0,0.0021598272138228943,0.0021598272138228943,,,practice-only=29; no-result-number=24; prediction-only=5; no-content=1,initial passes <PASS> <PASS> <PASS> <PASS> will observe their impact and adjust strategy based on outcome
RP_B_seed402,RP,0352,0320,30,27,56,0.0,0.0,,1.0,0.0,0.5,0.4107142857142857,0.23214285714285715,0.5535714285714286,0.0,0.0,0.0,0.0,0.0019267822736030828,0.0019267822736030828,,,no-result-number=24; practice-only=23; prediction-only=7; no-content=2,initial passes <PASS> <PASS> <PASS> <PASS> will observe their effect and adjust strategy based on outcome
RP_B_seed402,RP,0384,0352,26,23,47,0.0,0.0,,1.0,0.0,0.5319148936170213,0.5531914893617021,0.1276595744680851,0.6382978723404256,0.0,0.0,0.0,0.0,0.0017667844522968198,0.0017667844522968198,,,practice-only=26; prediction-only=14; no-result-number=7,initial passes <PASS> <PASS> <PASS> <PASS> will observe their impact and adjust strategy based on outcome
RP_B_seed402,RP,0416,0384,24,22,44,0.0,0.0,,1.0,0.0,0.3181818181818182,0.4318181818181818,0.09090909090909091,0.45454545454545453,0.0,0.0,0.0,0.0,0.001639344262295082,0.001639344262295082,,,practice-only=19; prediction-only=13; no-result-number=8; no-content=4,initial passes <PASS> <PASS> <PASS> <PASS> will observe their effect and adjust strategy based on outcome
RP_B_seed402,RP,0448,0416,31,30,61,0.0,0.0,,1.0,0.0,0.2786885245901639,0.36065573770491804,0.06557377049180328,0.3442622950819672,0.0,0.0,0.0,0.0,0.0014903129657228018,0.0014903129657228018,,,prediction-only=32; practice-only=22; no-result-number=4; no-content=3,initial passes <PASS> <PASS> <PASS> <PASS> expected to reduce instructions by <NUM>-<NUM> will apply them first and observe outcome will form a hypothesis based
RP_B_seed402,RP,0480,0448,32,32,67,0.0,0.0,,1.0,0.0,0.2537313432835821,0.373134328358209,0.05970149253731343,0.417910447761194,0.0,0.0,0.0,0.0,0.0013550135501355014,0.0013550135501355014,,,prediction-only=32; practice-only=25; no-content=5; no-result-number=5,initial passes <PASS> <PASS> <PASS> <PASS> expected to reduce instructions by <NUM>-<NUM> will monitor actual outcome and adjust strategy based on new informati
RP_B_seed402,RP,0512,0480,33,32,66,0.0,0.0,,1.0,0.0,0.21212121212121213,0.3484848484848485,0.045454545454545456,0.2878787878787879,0.0,0.0,0.0,0.0,0.0012437810945273632,0.0012437810945273632,,,prediction-only=29; practice-only=23; no-content=9; no-result-number=5,initial passes <PASS> <PASS> <PASS> <PASS> expected to reduce instructions by <NUM>-<NUM> will confirm and adjust strategy based on outcome
RP_B_seed402,RP,0544,0512,39,33,76,0.0,0.0,,1.0,0.0,0.15789473684210525,0.3026315789473684,0.05263157894736842,0.25,0.0,0.0,0.0,0.0,0.0011363636363636363,0.0011363636363636363,,,prediction-only=39; practice-only=23; no-result-number=10; no-content=3; no-pass-run-here=1,initial passes <PASS>
RP_B_seed402,RP,0576,0544,28,28,67,0.0,0.0,,1.0,0.0,0.1791044776119403,0.6268656716417911,0.04477611940298507,0.23880597014925373,0.0,0.0,0.0,0.0,0.0010559662090813093,0.0010559662090813093,,,practice-only=42; prediction-only=11; no-content=11; no-result-number=3,formed hypothesis and will write down what i learn initial passes expected to reduce instructions by <NUM>-<NUM>
RP_B_seed402,RP,0608,0576,35,32,70,0.0,0.0,,1.0,0.0,0.3,0.7285714285714285,0.08571428571428572,0.42857142857142855,0.0,0.0,0.0,0.0,0.0009832841691248771,0.0009832841691248771,,,practice-only=51; prediction-only=11; no-result-number=4; no-content=3; no-pass-run-here=1,formed expectation and will write down what i learn initial passes <PASS> <PASS> <PASS> <PASS> expected to reduce instructions by <NUM>-<NUM> across new program
RP_B_seed402,RP,0640,0608,34,34,74,0.0,0.0,,1.0,0.0,0.43243243243243246,0.8648648648648649,0.21621621621621623,0.581081081081081,0.0,0.0,0.0,0.0,0.0009165902841429881,0.0009165902841429881,,,practice-only=64; prediction-only=4; no-result-number=3; no-content=3,formed expectation and will write down what i learn initial passes <PASS> <PASS> <PASS> <PASS> expected to reduce instructions by <NUM>-<NUM>
RP_B_seed402,RP,0672,0640,34,30,62,0.0,0.0,,1.0,0.0,0.5,0.967741935483871,0.22580645161290322,0.5967741935483871,0.0,0.0,0.0,0.0,0.0008673026886383347,0.0008673026886383347,,,practice-only=60; no-content=2,formed expectation and will write down what i learn initial passes <PASS> <PASS> <PASS> <PASS> expected to reduce instructions by <NUM>-<NUM>
RP_B_seed402,RP,0704,0672,33,30,62,0.0,0.0,,1.0,0.0,0.7258064516129032,0.9516129032258065,0.2903225806451613,0.8064516129032258,0.0,0.0,0.0,0.0,0.0008230452674897119,0.0008230452674897119,,,practice-only=59; no-content=3,formed expectation before acting will write down what i learn regardless of the outcome
RP_B_seed402,RP,0736,0704,37,31,65,0.0,0.0,,1.0,0.0,0.7692307692307693,0.9692307692307692,0.47692307692307695,0.7692307692307693,0.0,0.0,0.0,0.0,0.00078125,0.00078125,,,practice-only=63; no-content=2,formed expectation before acting will write down what i learn regardless of the outcome
RP_B_seed402,RP,0768,0736,31,27,53,0.0,0.0,,1.0,0.0,0.7735849056603774,1.0,0.7169811320754716,0.8301886792452831,0.0,0.0,0.0,0.0,0.0007501875468867217,0.0007501875468867217,,,practice-only=53,formed expectation before acting will write down what i learn regardless of the outcome
RP_B_seed402,RP,0800,0768,35,33,63,0.0,0.0,,1.0,0.0,0.7619047619047619,1.0,0.6349206349206349,0.7936507936507936,0.0,0.0,0.0,0.0,0.0007163323782234957,0.0007163323782234957,,,practice-only=63,formed expectation before acting will write down what i learn regardless of the outcome
RP_B_seed402,RP,0832,0800,30,27,46,0.0,0.0,,1.0,0.0,0.8695652173913043,1.0,0.7608695652173914,0.9130434782608695,0.0,0.0,0.0,0.0,0.0006934812760055479,0.0006934812760055479,,,practice-only=46,formed expectation before acting will write down what i learn regardless of the outcome
RP_B_seed402,RP,0864,0832,31,29,55,0.0,0.0,,1.0,0.0,0.8727272727272727,1.0,0.5818181818181818,0.8909090909090909,0.0,0.0,0.0,0.0,0.0006680026720106881,0.0006680026720106881,,,practice-only=55,formed expectation before acting will write down what i learn regardless of the outcome
RP_B_seed402,RP,0896,0864,23,23,40,0.0,0.0,,1.0,0.0,0.7,1.0,0.325,0.8,0.0,0.0,0.0,0.0,0.0006506180871828237,0.0006506180871828237,,,practice-only=40,formed expectation before acting will write down what i learn regardless of the outcome
RP_B_seed402,RP,0928,0896,22,21,39,0.0,0.0,,1.0,0.0,0.6153846153846154,1.0,0.28205128205128205,0.7692307692307693,0.0,0.0,0.0,0.0,0.0006345177664974619,0.0006345177664974619,,,practice-only=39,formed expectation before acting will write down what i learn including which passes worked and which did not initial passes <PASS> <PASS> <PASS> <PASS> expecte
RP_B_seed402,RP,0960,0928,25,23,40,0.0,0.0,,1.0,0.0,0.725,0.975,0.275,0.8,0.0,0.0,0.0,0.0,0.0006188118811881188,0.0006188118811881188,,,practice-only=39; no-content=1,formed expectation before acting will write down what i learn including which passes worked and which did not initial passes <PASS> <PASS> <PASS> <PASS> expecte
RP_B_seed402,RP,0992,0960,36,31,56,0.0,0.0,,1.0,0.0,0.5,0.9821428571428571,0.26785714285714285,0.6607142857142857,0.0,0.0,0.0,0.0,0.0005980861244019139,0.0005980861244019139,,,practice-only=55; no-content=1,formed expectation before acting initial passes <PASS> <PASS> <PASS> <PASS> expected to reduce instructions by <NUM>-<NUM>
RP_B_seed402,RP,1024,0992,28,27,42,0.0,0.0,,1.0,0.0,0.4523809523809524,0.9047619047619048,0.21428571428571427,0.5476190476190477,0.0,0.0,0.0,0.0,0.0005834305717619603,0.0005834305717619603,888,0.0011261261261261261,practice-only=38; prediction-only=2; no-content=2,formed expectation before acting initial passes <PASS> <PASS> <PASS> <PASS> expected to reduce instructions by <NUM>-<NUM> will write down what i learn includin
R_B_seed0,R,0032,,116,35,23,0.0,0.0,0.0,0.9565217391304348,0.0,0.043478260869565216,0.0,0.08695652173913043,0.043478260869565216,0.0,0.0,0.0,0.0,0.0,0.0,,,no-content=14; no-result-number=8; result-numbers-unmatched=1,the introduction of <PASS> <PASS> and <PASS> led to a reduction but not as significant as expected this suggests that while these passes are effective there mig
R_B_seed0,R,0064,0032,99,33,33,0.0,0.09090909090909091,1.0,0.9090909090909091,0.0,0.06060606060606061,0.21212121212121213,0.06060606060606061,0.06060606060606061,0.06060606060606061,0.06060606060606061,0.0,0.0,0.03571428571428571,0.03571428571428571,,,no-result-number=15; no-content=8; practice-only=7; duplicate=1,initial passes <PASS> <PASS> <PASS> <PASS>
R_B_seed0,R,0096,0064,24,8,14,0.0,0.0,0.6,0.6428571428571428,0.0,0.07142857142857142,0.5,0.07142857142857142,0.07142857142857142,0.0,0.0,0.0,0.0,0.02857142857142857,0.02857142857142857,,,practice-only=7; no-result-number=3; no-content=2; result-numbers-unmatched=1; no-pass-run-here=1,the addition of <PASS> and <PASS> led to a further reduction in the instruction count bringing the score to <NUM> <NUM> this suggests that further optimization 
R_B_seed0,R,0128,0096,12,3,6,0.0,0.0,1.0,0.8333333333333334,0.0,0.3333333333333333,0.5,0.3333333333333333,0.3333333333333333,0.0,0.0,0.0,0.0,0.02631578947368421,0.02631578947368421,,,practice-only=3; no-content=2; no-result-number=1,initial passes have shown consistent effectiveness
R_B_seed0,R,0160,0128,38,30,64,0.0,0.0,1.0,0.96875,0.0,0.28125,0.609375,0.046875,0.34375,0.0,0.0,0.0,0.0,0.014285714285714285,0.014285714285714285,,,practice-only=39; no-result-number=16; no-content=9,initial expectation based on past success will measure outcome and adjust strategy as needed
R_B_seed0,R,0192,0160,34,32,70,0.0,0.0,,1.0,0.0,0.2714285714285714,0.5285714285714286,0.08571428571428572,0.35714285714285715,0.0,0.0,0.0,0.0,0.009523809523809525,0.009523809523809525,,,practice-only=37; no-result-number=24; no-content=8; no-pass-run-here=1,initial expectation based on past success will observe outcome and adjust strategy as needed
R_B_seed0,R,0224,0192,29,28,61,0.0,0.0,1.0,0.9672131147540983,0.0,0.3442622950819672,0.5081967213114754,0.08196721311475409,0.45901639344262296,0.0,0.0,0.0,0.0,0.007380073800738007,0.007380073800738007,,,practice-only=31; no-content=16; no-result-number=14,initial expectation based on past success will measure outcome and form new theories based on reality
R_B_seed0,R,0256,0224,33,31,72,0.0,0.0,,1.0,0.0,0.4861111111111111,0.5138888888888888,0.125,0.625,0.0,0.0,0.0,0.0,0.0058309037900874635,0.0058309037900874635,,,practice-only=37; no-result-number=27; no-content=7; no-pass-run-here=1,initial passes <PASS> <PASS> <PASS> <PASS> expect significant reduction based on past experience
R_B_seed0,R,0288,0256,45,27,71,0.0,0.0,,1.0,0.0,0.5633802816901409,0.30985915492957744,0.14084507042253522,0.6197183098591549,0.0,0.0,0.0,0.0,0.004830917874396135,0.004830917874396135,,,no-content=25; no-result-number=24; practice-only=22,initial expectation based on past success will measure outcome and form new theories based on reality
R_B_seed0,R,0320,0288,34,24,55,0.0,0.0,,1.0,0.0,0.6727272727272727,0.7272727272727273,0.45454545454545453,0.6909090909090909,0.0,0.0,0.0,0.0,0.0042643923240938165,0.0042643923240938165,,,practice-only=40; no-content=12; no-result-number=3,initial expectation based on past success will measure outcome and adjust strategy based on feedback
R_B_seed0,R,0352,0320,50,33,76,0.0,0.0,,1.0,0.0,0.7894736842105263,0.7236842105263158,0.5921052631578947,0.8026315789473685,0.0,0.0,0.0,0.0,0.003669724770642202,0.003669724770642202,,,practice-only=55; no-result-number=12; no-content=9,initial expectation based on past success will measure outcome and adjust strategy based on feedback
R_B_seed0,R,0384,0352,47,38,82,0.0,0.0,0.0,0.9878048780487805,0.0,0.8414634146341463,0.8536585365853658,0.6829268292682927,0.8658536585365854,0.0,0.0,0.0,0.0,0.003189792663476874,0.003189792663476874,,,practice-only=70; no-content=10; no-result-number=2,initial expectation based on past success will measure outcome and adjust strategy based on feedback
R_B_seed0,R,0416,0384,29,27,54,0.0,0.0,,1.0,0.0,0.9629629629629629,0.9814814814814815,0.8888888888888888,0.9629629629629629,0.0,0.0,0.0,0.0,0.002936857562408223,0.002936857562408223,,,practice-only=53; no-result-number=1,initial expectation based on past success will measure outcome and adjust strategy based on feedback
R_B_seed0,R,0448,0416,36,30,60,0.0,0.0,,1.0,0.0,0.85,1.0,0.7333333333333333,0.85,0.0,0.0,0.0,0.0,0.002699055330634278,0.002699055330634278,,,practice-only=60,initial expectation based on past success will measure outcome and adjust strategy based on feedback
R_B_seed0,R,0480,0448,38,26,53,0.0,0.0,,1.0,0.0,0.8113207547169812,0.8679245283018868,0.6981132075471698,0.8301886792452831,0.0,0.0,0.0,0.0,0.0025188916876574307,0.0025188916876574307,,,practice-only=46; no-content=7,initial expectation based on past success will measure outcome and adjust strategy based on feedback
R_B_seed0,R,0512,0480,15,12,24,0.0,0.0,,1.0,0.0,0.9166666666666666,1.0,0.375,0.9166666666666666,0.0,0.0,0.0,0.0,0.0024449877750611247,0.0024449877750611247,,,practice-only=24,initial expectation based on past success will adjust strategy based on feedback
R_B_seed0,R,0544,0512,9,3,7,0.0,0.0,,1.0,0.0,0.8571428571428571,0.5714285714285714,0.5714285714285714,0.8571428571428571,0.0,0.0,0.0,0.0,0.0024242424242424242,0.0024242424242424242,,,practice-only=4; no-content=3,initial expectation based on past success will measure outcome and adjust strategy based on feedback
R_B_seed0,R,0576,0544,10,4,8,0.0,0.0,,1.0,0.0,0.875,0.875,0.625,0.875,0.0,0.0,0.0,0.0,0.0024009603841536613,0.0024009603841536613,,,practice-only=7; no-content=1,initial expectation based on past success will measure outcome and adjust strategy based on feedback
R_B_seed0,R,0608,0576,9,5,10,0.0,0.0,,1.0,0.0,0.9,0.8,0.6,0.9,0.0,0.0,0.0,0.0,0.002372479240806643,0.002372479240806643,,,practice-only=8; no-content=2,initial expectation based on past success will measure outcome and adjust strategy based on feedback
R_B_seed0,R,0640,0608,34,3,6,0.0,0.0,,1.0,0.0,1.0,1.0,1.0,1.0,0.0,0.0,0.0,0.0,0.002355712603062426,0.002355712603062426,,,practice-only=6,initial expectation based on past success will measure outcome and adjust strategy based on feedback
R_B_seed0,R,0672,0640,17,2,8,0.0,0.0,,1.0,0.0,0.75,0.5,0.375,0.875,0.0,0.0,0.0,0.0,0.002333722287047841,0.002333722287047841,,,practice-only=4; no-content=4,initial expectation based on past success will measure outcome and adjust strategy based on feedback
R_B_seed0,R,0704,0672,46,25,52,0.0,0.0,0.0,0.9807692307692307,0.0,0.9423076923076923,0.9615384615384616,0.9038461538461539,0.9423076923076923,0.0,0.0,0.0,0.0,0.0022002200220022,0.0022002200220022,,,practice-only=50; no-content=2,initial expectation based on past success will measure outcome and adjust strategy based on feedback
R_B_seed0,R,0736,0704,61,16,34,0.0,0.0,,1.0,0.0,0.9411764705882353,0.9411764705882353,0.8529411764705882,0.9411764705882353,0.0,0.0,0.0,0.0,0.0021208907741251328,0.0021208907741251328,,,practice-only=32; no-content=2,initial expectation based on past success will measure outcome and adjust strategy based on feedback
R_B_seed0,R,0768,0736,12,6,12,0.0,0.0,,1.0,0.0,0.9166666666666666,1.0,0.9166666666666666,0.9166666666666666,0.0,0.0,0.0,0.0,0.0020942408376963353,0.0020942408376963353,,,practice-only=12,initial expectation based on past success will measure outcome and adjust strategy based on feedback
R_B_seed0,R,0800,0768,26,21,42,0.0,0.0,,1.0,0.0,0.9523809523809523,0.9761904761904762,0.9285714285714286,0.9761904761904762,0.0,0.0,0.0,0.0,0.0020060180541624875,0.0020060180541624875,,,practice-only=41; no-content=1,initial expectation based on past success will measure outcome and adjust strategy based on feedback
R_B_seed0,R,0832,0800,13,4,8,0.0,0.0,,1.0,0.0,0.875,1.0,0.875,1.0,0.0,0.0,0.0,0.0,0.001990049751243781,0.001990049751243781,,,practice-only=8,initial expectation based on past success will measure outcome and adjust strategy based on feedback
R_B_seed0,R,0864,0832,15,3,6,0.0,0.0,,1.0,0.0,1.0,1.0,0.8333333333333334,1.0,0.0,0.0,0.0,0.0,0.0019782393669634025,0.0019782393669634025,,,practice-only=6,initial expectation based on past success will measure outcome and adjust strategy based on feedback
R_B_seed0,R,0896,0864,16,7,16,0.0,0.0,,1.0,0.0,0.75,0.75,0.5625,0.75,0.0,0.0,0.0,0.0,0.0019474196689386564,0.0019474196689386564,,,practice-only=12; no-result-number=2; no-content=2,initial expectation based on past success will measure outcome and adjust strategy based on feedback
R_B_seed0,R,0928,0896,9,5,10,0.0,0.0,,1.0,0.0,1.0,1.0,0.7,1.0,0.0,0.0,0.0,0.0,0.0019286403085824494,0.0019286403085824494,,,practice-only=10,initial expectation based on past success will measure outcome and adjust strategy based on feedback
R_B_seed0,R,0960,0928,15,11,23,0.0,0.0,,1.0,0.0,0.8260869565217391,0.9565217391304348,0.6521739130434783,0.9130434782608695,0.0,0.0,0.0,0.0,0.0018867924528301887,0.0018867924528301887,,,practice-only=22; no-content=1,initial expectation based on past success will measure outcome and adjust strategy based on feedback
R_B_seed0,R,0992,0960,17,12,25,0.0,0.0,,1.0,0.0,0.92,0.96,0.88,0.92,0.0,0.0,0.0,0.0,0.0018433179723502304,0.0018433179723502304,,,practice-only=24; no-content=1,initial expectation based on past success will measure outcome and adjust strategy based on feedback
R_B_seed0,R,1024,0992,6,4,8,0.0,0.25,0.5,0.5,0.0,0.75,0.5,0.5,0.75,0.125,0.125,0.0,0.0,0.0027447392497712718,0.0027447392497712718,548,0.005474452554744526,practice-only=4; result-numbers-unmatched=2; duplicate=1,initial expectation based on past success will measure <PASS> <PASS> <PASS> <PASS> <PASS> <PASS> consistent <NUM> reduction try first
R_B_seed1,R,0032,,140,43,21,0.0,0.0,0.75,0.8095238095238095,0.047619047619047616,0.09523809523809523,0.0,0.09523809523809523,0.09523809523809523,0.0,0.0,0.0,0.0,0.0,0.0,,,no-content=13; no-result-number=4; no-pass-run-here=3; result-numbers-unmatched=1,returning to early and effective passes like memory-to-register promotion and scalar replacement of aggregates can help stabilize the optimization process outco
R_B_seed1,R,0064,0032,117,35,48,0.0,0.0,0.0,0.9375,0.0,0.020833333333333332,0.020833333333333332,0.041666666666666664,0.020833333333333332,0.0,0.0,0.0,0.0,0.0,0.0,,,no-content=38; no-result-number=6; no-pass-run-here=3; practice-only=1,repeated successful combination confirming this as a baseline strategy
R_B_seed1,R,0096,0064,60,19,40,0.0,0.05,0.35294117647058826,0.575,0.0,0.325,0.1,0.1,0.325,0.0,0.0,0.0,0.0,0.0,0.0,,,no-content=11; no-result-number=7; not-adjacent=5; result-numbers-unmatched=5; practice-only=4,consistent application
R_B_seed1,R,0128,0096,30,13,24,0.0,0.0,0.0,0.75,0.0,0.4166666666666667,0.16666666666666666,0.125,0.4166666666666667,0.0,0.0,0.0,0.0,0.0,0.0,,,no-content=10; practice-only=4; result-numbers-unmatched=4; no-result-number=4; prediction-only=2,consistency is key applying the baseline combination first is a proven strategy open surprises predicted <NUM> <NUM> got <NUM> <NUM> for <PASS> <PASS> <PASS> <P
R_B_seed1,R,0160,0128,43,29,53,0.0,0.03773584905660377,0.13636363636363635,0.5849056603773585,0.0,0.18867924528301888,0.03773584905660377,0.11320754716981132,0.22641509433962265,0.0,0.0,0.0,0.0,0.0,0.0,,,no-content=18; result-numbers-unmatched=16; no-result-number=9; no-pass-run-here=4; practice-only=2,initial expectation <NUM> <NUM> will compare this to reality
R_B_seed1,R,0192,0160,34,34,67,0.0,0.07462686567164178,0.0,0.20895522388059706,0.0,0.23880597014925373,0.08955223880597014,0.08955223880597014,0.3582089552238806,0.0,0.0,0.0,0.0,0.0,0.0,,,result-numbers-unmatched=44; no-content=7; practice-only=6; N-mismatch=5; no-result-number=4,initial expectation <PASS> <PASS> <PASS> <PASS> <NUM> <NUM> <NUM> <NUM> reduction will compare reality to this prediction
R_B_seed1,R,0224,0192,40,35,60,0.0,0.0,0.0,0.33333333333333337,0.0,0.3,0.0,0.1,0.4,0.0,0.0,0.0,0.0,0.0,0.0,,,result-numbers-unmatched=40; no-content=11; no-result-number=9,initial expectation <PASS> <PASS> <PASS> <PASS> <NUM> <NUM> <NUM> <NUM> reduction will compare reality to this prediction
R_B_seed1,R,0256,0224,41,37,71,0.0,0.07042253521126761,0.0,0.07042253521126762,0.0,0.5070422535211268,0.0,0.2676056338028169,0.6056338028169014,0.0,0.0,0.0,0.0,0.0,0.0,,,result-numbers-unmatched=61; N-mismatch=5; no-result-number=4; prediction-only=1,initial expectation <PASS> <PASS> <PASS> <PASS> <NUM> <NUM> <NUM> <NUM> reduction will apply this first and see outcome open to learning and adjusting based on 
R_B_seed1,R,0288,0256,37,34,67,0.0,0.014925373134328358,0.0,0.04477611940298509,0.0,0.4925373134328358,0.0,0.26865671641791045,0.746268656716418,0.0,0.0,0.0,0.0,0.0,0.0,,,result-numbers-unmatched=63; no-result-number=2; no-content=1; N-mismatch=1,initial expectation <PASS> <PASS> <PASS> <PASS> <NUM> <NUM> <NUM> <NUM> reduction will apply this first and see outcome open to new insights
R_B_seed1,R,0320,0288,40,36,70,0.0,0.07142857142857142,0.0,0.0714285714285714,0.0,0.5857142857142857,0.0,0.12857142857142856,0.7857142857142857,0.0,0.0,0.0,0.0,0.0,0.0,315,0.0,result-numbers-unmatched=60; no-result-number=5; N-mismatch=5,initial expectation <PASS> <PASS> <PASS> <PASS> <NUM> <NUM> <NUM> <NUM> reduction will apply this first and see outcome open to new insights
R_B_seed2,R,0032,,114,35,20,0.0,0.0,0.0,0.95,0.0,0.0,0.0,0.05,0.0,0.0,0.0,0.0,0.0,0.0,0.0,,,no-content=14; no-result-number=5; result-numbers-unmatched=1,based on general knowledge applying optimization passes like <PASS> <PASS> and <PASS> should reduce the instruction count i expect a moderate improvement around
R_B_seed2,R,0064,0032,109,35,38,0.0,0.0,,1.0,0.0,0.0,0.15789473684210525,0.02631578947368421,0.0,0.0,0.0,0.0,0.0,0.0,0.0,,,no-content=23; no-result-number=9; practice-only=6,initial pass c
R_B_seed2,R,0096,0064,54,12,20,0.0,0.0,1.0,0.85,0.0,0.15,0.35,0.1,0.2,0.0,0.0,0.0,0.0,0.0,0.0,,,practice-only=7; no-result-number=6; no-pass-run-here=4; no-content=3,starting with the core optimization sequence <PASS> <PASS> <PASS> <PASS> expect significant reduction based on past experience will measure outcome and adjust s
R_B_seed2,R,0128,0096,24,9,11,0.0,0.09090909090909091,0.6,0.5454545454545454,0.0,0.2727272727272727,0.18181818181818182,0.18181818181818182,0.2727272727272727,0.09090909090909091,0.09090909090909091,0.0,0.0,0.011235955056179775,0.011235955056179775,,,practice-only=2; no-result-number=2; result-numbers-unmatched=2; prediction-only=2; no-content=2,initial expectation <PASS> <PASS> <PASS> <PASS> moderate reduction <NUM> <NUM> <NUM> <NUM> will start with this and observe outcome
R_B_seed2,R,0160,0128,71,37,75,0.0,0.0,0.6666666666666666,0.96,0.0,0.18666666666666668,0.37333333333333335,0.05333333333333334,0.24,0.0,0.0,0.0,0.0,0.006097560975609756,0.006097560975609756,,,no-content=30; practice-only=28; no-result-number=11; prediction-only=3; no-pass-run-here=2,starting with the core optimization sequence will observe the outcome and adjust strategy based on the result
R_B_seed2,R,0192,0160,80,42,77,0.0,0.0,0.0,0.974025974025974,0.0,0.15584415584415584,0.18181818181818182,0.06493506493506493,0.15584415584415584,0.0,0.0,0.0,0.0,0.004149377593360996,0.004149377593360996,,,no-result-number=29; no-content=25; practice-only=14; prediction-only=7; result-numbers-unmatched=2,initial expectation is high for the core effective set will observe outcome to validate
R_B_seed2,R,0224,0192,88,44,71,0.0,0.0,0.0,0.9859154929577465,0.0,0.04225352112676056,0.3380281690140845,0.028169014084507043,0.04225352112676056,0.0,0.0,0.0,0.0,0.003205128205128205,0.003205128205128205,,,no-result-number=29; practice-only=24; no-content=12; prediction-only=5; result-numbers-unmatched=1,initial thought <PASS> <PASS> <PASS> <PASS> expect high reduction will form a theory and test it
R_B_seed2,R,0256,0224,68,47,68,0.0,0.0,,1.0,0.0,0.14705882352941177,0.39705882352941174,0.058823529411764705,0.16176470588235295,0.0,0.0,0.0,0.0,0.002631578947368421,0.002631578947368421,,,practice-only=27; no-result-number=25; no-content=13; prediction-only=3,formed expectation moderate improvement with core set l
R_B_seed2,R,0288,0256,45,42,65,0.0,0.0,,1.0,0.0,0.13846153846153847,0.6153846153846154,0.06153846153846154,0.2,0.0,0.0,0.0,0.0,0.0022471910112359553,0.0022471910112359553,,,practice-only=40; no-result-number=16; no-content=6; prediction-only=3,formed expectation moderate reduction with core set will observe outcome to confirm
R_B_seed2,R,0320,0288,55,48,62,0.0,0.0,,1.0,0.0,0.20967741935483872,0.8548387096774194,0.06451612903225806,0.24193548387096775,0.0,0.0,0.0,0.0,0.0019723865877712033,0.0019723865877712033,,,practice-only=53; no-result-number=7; no-content=2,formed expectation moderate improvement with core set l
R_B_seed2,R,0352,0320,44,44,73,0.0,0.0,,1.0,0.0,0.1643835616438356,0.8356164383561644,0.0547945205479452,0.2328767123287671,0.0,0.0,0.0,0.0,0.0017241379310344827,0.0017241379310344827,,,practice-only=61; no-content=7; no-result-number=5,formed expectation moderate reduction with core set will observe outcome to confirm
R_B_seed2,R,0384,0352,46,45,77,0.0,0.0,,1.0,0.0,0.2077922077922078,0.974025974025974,0.03896103896103896,0.24675324675324675,0.0,0.0,0.0,0.0,0.0015220700152207,0.0015220700152207,,,practice-only=75; no-result-number=2,formed an expectation <PASS> <PASS> <PASS> <PASS> <PASS> <PASS> <PASS> <PASS> expect moderate reduction will observe reality to confirm
R_B_seed2,R,0416,0384,46,45,59,0.0,0.0,,1.0,0.0,0.1864406779661017,0.9830508474576272,0.06779661016949153,0.2542372881355932,0.0,0.0,0.0,0.0,0.0013966480446927375,0.0013966480446927375,,,practice-only=58; no-result-number=1,formed an expectation <PASS> <PASS> <PASS> <PASS> <PASS> <PASS> will provide a significant reduction will observe the outcome and adjust my theory based on real
R_B_seed2,R,0448,0416,45,44,32,0.0,0.0,,1.0,0.0,0.125,0.9375,0.0625,0.1875,0.0,0.0,0.0,0.0,0.001336898395721925,0.001336898395721925,,,practice-only=30; no-result-number=2,formed an expectation <PASS> <PASS> <PASS> <PASS> <PASS> <PASS> <PASS> <PASS> expect moderate reduction will observe reality to confirm
R_B_seed2,R,0480,0448,44,43,34,0.0,0.0,,1.0,0.0,0.38235294117647056,1.0,0.08823529411764706,0.4411764705882353,0.0,0.0,0.0,0.0,0.0012787723785166241,0.0012787723785166241,,,practice-only=34,formed an expectation <PASS> <PASS> <PASS> <PASS> <PASS> <PASS> will provide a moderate reduction will test this theory first reality will confirm or surprise m
R_B_seed2,R,0512,0480,46,46,33,0.0,0.0,,1.0,0.0,0.42424242424242425,0.9696969696969697,0.12121212121212122,0.48484848484848486,0.0,0.0,0.0,0.0,0.001226993865030675,0.001226993865030675,,,practice-only=32; no-result-number=1,formed an expectation <PASS> <PASS> <PASS> <PASS> <PASS> <PASS> will provide a significan
R_B_seed2,R,0544,0512,35,34,18,0.0,0.0,,1.0,0.0,0.7777777777777778,1.0,0.16666666666666666,0.7777777777777778,0.0,0.0,0.0,0.0,0.0012004801920768306,0.0012004801920768306,,,practice-only=18,formed an expectation <PASS> <PASS> <PASS> <PASS> will provide a significant reduction will write dow
R_B_seed2,R,0576,0544,35,34,16,0.0,0.0,,1.0,0.0,0.9375,1.0,0.1875,0.9375,0.0,0.0,0.0,0.0,0.001177856301531213,0.001177856301531213,,,practice-only=16,formed an expectation <PASS> <PASS> <PASS> <PASS> will provide a significan
R_B_seed2,R,0608,0576,33,33,11,0.0,0.0,,1.0,0.0,0.6363636363636364,1.0,0.2727272727272727,0.7272727272727273,0.0,0.0,0.0,0.0,0.0011627906976744186,0.0011627906976744186,,,practice-only=11,formed an expectation <PASS> <PASS> <PASS> <PASS> will provide a significan
R_B_seed2,R,0640,0608,33,33,8,0.0,0.0,,1.0,0.0,0.75,1.0,0.5,0.75,0.0,0.0,0.0,0.0,0.001152073732718894,0.001152073732718894,,,practice-only=8,formed an expectation <PASS> <PASS> <PASS> <PASS> will provide a significan
R_B_seed2,R,0672,0640,25,24,8,0.0,0.0,,1.0,0.0,0.5,1.0,0.25,0.5,0.0,0.0,0.0,0.0,0.001141552511415525,0.001141552511415525,,,practice-only=8,formed an expectation <PASS>
R_B_seed2,R,0704,0672,23,23,5,0.0,0.0,,1.0,0.0,0.6,1.0,0.2,0.6,0.0,0.0,0.0,0.0,0.0011350737797956867,0.0011350737797956867,799,0.0012515644555694619,practice-only=5,form an expectation write dow it seems i am repeating the same thought and action sequence without introducing any new insights or learning effectively which is
